-- phpMyAdmin SQL Dump
-- version 3.3.9
-- http://www.phpmyadmin.net
--
-- Host: localhost
-- Generation Time: Oct 01, 2012 at 11:04 AM
-- Server version: 5.1.53
-- PHP Version: 5.3.4

SET SQL_MODE="NO_AUTO_VALUE_ON_ZERO";


/*!40101 SET @OLD_CHARACTER_SET_CLIENT=@@CHARACTER_SET_CLIENT */;
/*!40101 SET @OLD_CHARACTER_SET_RESULTS=@@CHARACTER_SET_RESULTS */;
/*!40101 SET @OLD_COLLATION_CONNECTION=@@COLLATION_CONNECTION */;
/*!40101 SET NAMES utf8 */;

--
-- Database: `rmi`
--

-- --------------------------------------------------------

--
-- Table structure for table `access`
--

CREATE TABLE IF NOT EXISTS `access` (
  `aid` int(11) NOT NULL AUTO_INCREMENT,
  `mask` varchar(255) NOT NULL DEFAULT '',
  `type` varchar(255) NOT NULL DEFAULT '',
  `status` tinyint(4) NOT NULL DEFAULT '0',
  PRIMARY KEY (`aid`)
) ENGINE=MyISAM DEFAULT CHARSET=utf8 AUTO_INCREMENT=1 ;

--
-- Dumping data for table `access`
--


-- --------------------------------------------------------

--
-- Table structure for table `actions`
--

CREATE TABLE IF NOT EXISTS `actions` (
  `aid` varchar(255) NOT NULL DEFAULT '0',
  `type` varchar(32) NOT NULL DEFAULT '',
  `callback` varchar(255) NOT NULL DEFAULT '',
  `parameters` longtext NOT NULL,
  `description` varchar(255) NOT NULL DEFAULT '0',
  PRIMARY KEY (`aid`)
) ENGINE=MyISAM DEFAULT CHARSET=utf8;

--
-- Dumping data for table `actions`
--

INSERT INTO `actions` (`aid`, `type`, `callback`, `parameters`, `description`) VALUES
('comment_publish_action', 'comment', 'comment_publish_action', '', 'Publish comment'),
('comment_unpublish_action', 'comment', 'comment_unpublish_action', '', 'Unpublish comment'),
('node_publish_action', 'node', 'node_publish_action', '', 'Publish post'),
('node_unpublish_action', 'node', 'node_unpublish_action', '', 'Unpublish post'),
('node_make_sticky_action', 'node', 'node_make_sticky_action', '', 'Make post sticky'),
('node_make_unsticky_action', 'node', 'node_make_unsticky_action', '', 'Make post unsticky'),
('node_promote_action', 'node', 'node_promote_action', '', 'Promote post to front page'),
('node_unpromote_action', 'node', 'node_unpromote_action', '', 'Remove post from front page'),
('node_save_action', 'node', 'node_save_action', '', 'Save post'),
('user_block_user_action', 'user', 'user_block_user_action', '', 'Block current user'),
('user_block_ip_action', 'user', 'user_block_ip_action', '', 'Ban IP address of current user');

-- --------------------------------------------------------

--
-- Table structure for table `actions_aid`
--

CREATE TABLE IF NOT EXISTS `actions_aid` (
  `aid` int(10) unsigned NOT NULL AUTO_INCREMENT,
  PRIMARY KEY (`aid`)
) ENGINE=MyISAM DEFAULT CHARSET=utf8 AUTO_INCREMENT=1 ;

--
-- Dumping data for table `actions_aid`
--


-- --------------------------------------------------------

--
-- Table structure for table `authmap`
--

CREATE TABLE IF NOT EXISTS `authmap` (
  `aid` int(10) unsigned NOT NULL AUTO_INCREMENT,
  `uid` int(11) NOT NULL DEFAULT '0',
  `authname` varchar(128) NOT NULL DEFAULT '',
  `module` varchar(128) NOT NULL DEFAULT '',
  PRIMARY KEY (`aid`),
  UNIQUE KEY `authname` (`authname`)
) ENGINE=MyISAM DEFAULT CHARSET=utf8 AUTO_INCREMENT=1 ;

--
-- Dumping data for table `authmap`
--


-- --------------------------------------------------------

--
-- Table structure for table `batch`
--

CREATE TABLE IF NOT EXISTS `batch` (
  `bid` int(10) unsigned NOT NULL AUTO_INCREMENT,
  `token` varchar(64) NOT NULL,
  `timestamp` int(11) NOT NULL,
  `batch` longtext,
  PRIMARY KEY (`bid`),
  KEY `token` (`token`)
) ENGINE=MyISAM  DEFAULT CHARSET=utf8 AUTO_INCREMENT=3 ;

--
-- Dumping data for table `batch`
--


-- --------------------------------------------------------

--
-- Table structure for table `blocks`
--

CREATE TABLE IF NOT EXISTS `blocks` (
  `bid` int(11) NOT NULL AUTO_INCREMENT,
  `module` varchar(64) NOT NULL DEFAULT '',
  `delta` varchar(32) NOT NULL DEFAULT '0',
  `theme` varchar(64) NOT NULL DEFAULT '',
  `status` tinyint(4) NOT NULL DEFAULT '0',
  `weight` tinyint(4) NOT NULL DEFAULT '0',
  `region` varchar(64) NOT NULL DEFAULT '',
  `custom` tinyint(4) NOT NULL DEFAULT '0',
  `throttle` tinyint(4) NOT NULL DEFAULT '0',
  `visibility` tinyint(4) NOT NULL DEFAULT '0',
  `pages` text NOT NULL,
  `title` varchar(64) NOT NULL DEFAULT '',
  `cache` tinyint(4) NOT NULL DEFAULT '1',
  PRIMARY KEY (`bid`),
  UNIQUE KEY `tmd` (`theme`,`module`,`delta`),
  KEY `list` (`theme`,`status`,`region`,`weight`,`module`)
) ENGINE=MyISAM  DEFAULT CHARSET=utf8 AUTO_INCREMENT=29 ;

--
-- Dumping data for table `blocks`
--

INSERT INTO `blocks` (`bid`, `module`, `delta`, `theme`, `status`, `weight`, `region`, `custom`, `throttle`, `visibility`, `pages`, `title`, `cache`) VALUES
(1, 'user', '0', 'garland', 1, 0, 'left', 0, 0, 0, '', '', -1),
(2, 'user', '1', 'garland', 1, 0, 'left', 0, 0, 0, '', '', -1),
(3, 'system', '0', 'garland', 1, 10, 'footer', 0, 0, 0, '', '', -1),
(4, 'comment', '0', 'garland', 0, 0, '', 0, 0, 0, '', '', 1),
(5, 'menu', 'primary-links', 'garland', 0, 0, '', 0, 0, 0, '', '', -1),
(6, 'menu', 'secondary-links', 'garland', 0, 0, '', 0, 0, 0, '', '', -1),
(7, 'node', '0', 'garland', 0, 0, '', 0, 0, 0, '', '', -1),
(8, 'user', '2', 'garland', 0, 0, '', 0, 0, 0, '', '', 1),
(9, 'user', '3', 'garland', 0, 0, '', 0, 0, 0, '', '', -1),
(10, 'form_builder', 'fields', 'garland', 0, 0, '', 0, 0, 0, '', '', 1),
(11, 'search', '0', 'garland', 0, 0, '', 0, 0, 0, '', '', -1),
(12, 'logintoboggan', '0', 'garland', 0, 0, '', 0, 0, 0, '', '', -1),
(13, 'profile', '0', 'garland', 0, 0, '', 0, 0, 0, '', '', 5),
(14, 'comment', '0', 'rmi', 0, -4, '', 0, 0, 0, '', '', 1),
(15, 'form_builder', 'fields', 'rmi', 0, 0, 'left', 0, 0, 0, '', '', 1),
(16, 'logintoboggan', '0', 'rmi', 0, -6, '', 0, 0, 0, '', '', -1),
(17, 'menu', 'primary-links', 'rmi', 0, -5, '', 0, 0, 0, '', '', -1),
(18, 'menu', 'secondary-links', 'rmi', 0, -2, '', 0, 0, 0, '', '', -1),
(19, 'node', '0', 'rmi', 0, -1, '', 0, 0, 0, '', '', -1),
(20, 'profile', '0', 'rmi', 0, -7, '', 0, 0, 0, '', '', 5),
(21, 'search', '0', 'rmi', 0, -3, '', 0, 0, 0, '', '', -1),
(22, 'user', '2', 'rmi', 0, 0, '', 0, 0, 0, '', '', 1),
(23, 'user', '3', 'rmi', 0, 1, '', 0, 0, 0, '', '', -1),
(24, 'system', '0', 'rmi', 1, -7, 'footer', 0, 0, 0, '', '', -1),
(25, 'user', '0', 'rmi', 1, 0, 'left', 0, 0, 0, '', '', -1),
(26, 'user', '1', 'rmi', 1, 0, 'left', 0, 0, 0, '', '', -1),
(27, 'menu', 'menu-my-account-nav', 'rmi', 1, 0, 'accountnav', 0, 0, 1, 'user/account\r\nuser/*/edit/chgpwd\r\nuser/contacts\r\nuser/contacts/*', '<none>', -1),
(28, 'menu', 'menu-my-account-nav', 'garland', 0, 0, '', 0, 0, 1, 'user/account\r\nuser/*/edit/chgpwd\r\nuser/contacts\r\nuser/contacts/*', '<none>', -1);

-- --------------------------------------------------------

--
-- Table structure for table `blocks_roles`
--

CREATE TABLE IF NOT EXISTS `blocks_roles` (
  `module` varchar(64) NOT NULL,
  `delta` varchar(32) NOT NULL,
  `rid` int(10) unsigned NOT NULL,
  PRIMARY KEY (`module`,`delta`,`rid`),
  KEY `rid` (`rid`)
) ENGINE=MyISAM DEFAULT CHARSET=utf8;

--
-- Dumping data for table `blocks_roles`
--


-- --------------------------------------------------------

--
-- Table structure for table `boxes`
--

CREATE TABLE IF NOT EXISTS `boxes` (
  `bid` int(10) unsigned NOT NULL AUTO_INCREMENT,
  `body` longtext,
  `info` varchar(128) NOT NULL DEFAULT '',
  `format` smallint(6) NOT NULL DEFAULT '0',
  PRIMARY KEY (`bid`),
  UNIQUE KEY `info` (`info`)
) ENGINE=MyISAM DEFAULT CHARSET=utf8 AUTO_INCREMENT=1 ;

--
-- Dumping data for table `boxes`
--


-- --------------------------------------------------------

--
-- Table structure for table `cache`
--

CREATE TABLE IF NOT EXISTS `cache` (
  `cid` varchar(255) NOT NULL DEFAULT '',
  `data` longblob,
  `expire` int(11) NOT NULL DEFAULT '0',
  `created` int(11) NOT NULL DEFAULT '0',
  `headers` text,
  `serialized` smallint(6) NOT NULL DEFAULT '0',
  PRIMARY KEY (`cid`),
  KEY `expire` (`expire`)
) ENGINE=MyISAM DEFAULT CHARSET=utf8;

--
-- Dumping data for table `cache`
--


-- --------------------------------------------------------

--
-- Table structure for table `cache_block`
--

CREATE TABLE IF NOT EXISTS `cache_block` (
  `cid` varchar(255) NOT NULL DEFAULT '',
  `data` longblob,
  `expire` int(11) NOT NULL DEFAULT '0',
  `created` int(11) NOT NULL DEFAULT '0',
  `headers` text,
  `serialized` smallint(6) NOT NULL DEFAULT '0',
  PRIMARY KEY (`cid`),
  KEY `expire` (`expire`)
) ENGINE=MyISAM DEFAULT CHARSET=utf8;

--
-- Dumping data for table `cache_block`
--


-- --------------------------------------------------------

--
-- Table structure for table `cache_filter`
--

CREATE TABLE IF NOT EXISTS `cache_filter` (
  `cid` varchar(255) NOT NULL DEFAULT '',
  `data` longblob,
  `expire` int(11) NOT NULL DEFAULT '0',
  `created` int(11) NOT NULL DEFAULT '0',
  `headers` text,
  `serialized` smallint(6) NOT NULL DEFAULT '0',
  PRIMARY KEY (`cid`),
  KEY `expire` (`expire`)
) ENGINE=MyISAM DEFAULT CHARSET=utf8;

--
-- Dumping data for table `cache_filter`
--


-- --------------------------------------------------------

--
-- Table structure for table `cache_form`
--

CREATE TABLE IF NOT EXISTS `cache_form` (
  `cid` varchar(255) NOT NULL DEFAULT '',
  `data` longblob,
  `expire` int(11) NOT NULL DEFAULT '0',
  `created` int(11) NOT NULL DEFAULT '0',
  `headers` text,
  `serialized` smallint(6) NOT NULL DEFAULT '0',
  PRIMARY KEY (`cid`),
  KEY `expire` (`expire`)
) ENGINE=MyISAM DEFAULT CHARSET=utf8;

--
-- Dumping data for table `cache_form`
--


-- --------------------------------------------------------

--
-- Table structure for table `cache_menu`
--

CREATE TABLE IF NOT EXISTS `cache_menu` (
  `cid` varchar(255) NOT NULL DEFAULT '',
  `data` longblob,
  `expire` int(11) NOT NULL DEFAULT '0',
  `created` int(11) NOT NULL DEFAULT '0',
  `headers` text,
  `serialized` smallint(6) NOT NULL DEFAULT '0',
  PRIMARY KEY (`cid`),
  KEY `expire` (`expire`)
) ENGINE=MyISAM DEFAULT CHARSET=utf8;

--
-- Dumping data for table `cache_menu`
--


-- --------------------------------------------------------

--
-- Table structure for table `cache_page`
--

CREATE TABLE IF NOT EXISTS `cache_page` (
  `cid` varchar(255) NOT NULL DEFAULT '',
  `data` longblob,
  `expire` int(11) NOT NULL DEFAULT '0',
  `created` int(11) NOT NULL DEFAULT '0',
  `headers` text,
  `serialized` smallint(6) NOT NULL DEFAULT '0',
  PRIMARY KEY (`cid`),
  KEY `expire` (`expire`)
) ENGINE=MyISAM DEFAULT CHARSET=utf8;

--
-- Dumping data for table `cache_page`
--


-- --------------------------------------------------------

--
-- Table structure for table `cache_update`
--

CREATE TABLE IF NOT EXISTS `cache_update` (
  `cid` varchar(255) NOT NULL DEFAULT '',
  `data` longblob,
  `expire` int(11) NOT NULL DEFAULT '0',
  `created` int(11) NOT NULL DEFAULT '0',
  `headers` text,
  `serialized` smallint(6) NOT NULL DEFAULT '0',
  PRIMARY KEY (`cid`),
  KEY `expire` (`expire`)
) ENGINE=MyISAM DEFAULT CHARSET=utf8;

--
-- Dumping data for table `cache_update`
--


-- --------------------------------------------------------

--
-- Table structure for table `comments`
--

CREATE TABLE IF NOT EXISTS `comments` (
  `cid` int(11) NOT NULL AUTO_INCREMENT,
  `pid` int(11) NOT NULL DEFAULT '0',
  `nid` int(11) NOT NULL DEFAULT '0',
  `uid` int(11) NOT NULL DEFAULT '0',
  `subject` varchar(64) NOT NULL DEFAULT '',
  `comment` longtext NOT NULL,
  `hostname` varchar(128) NOT NULL DEFAULT '',
  `timestamp` int(11) NOT NULL DEFAULT '0',
  `status` tinyint(3) unsigned NOT NULL DEFAULT '0',
  `format` smallint(6) NOT NULL DEFAULT '0',
  `thread` varchar(255) NOT NULL,
  `name` varchar(60) DEFAULT NULL,
  `mail` varchar(64) DEFAULT NULL,
  `homepage` varchar(255) DEFAULT NULL,
  PRIMARY KEY (`cid`),
  KEY `pid` (`pid`),
  KEY `nid` (`nid`),
  KEY `comment_uid` (`uid`),
  KEY `status` (`status`)
) ENGINE=MyISAM DEFAULT CHARSET=utf8 AUTO_INCREMENT=1 ;

--
-- Dumping data for table `comments`
--


-- --------------------------------------------------------

--
-- Table structure for table `content_access`
--

CREATE TABLE IF NOT EXISTS `content_access` (
  `nid` int(10) unsigned NOT NULL DEFAULT '0',
  `settings` mediumtext,
  PRIMARY KEY (`nid`)
) ENGINE=MyISAM DEFAULT CHARSET=utf8;

--
-- Dumping data for table `content_access`
--


-- --------------------------------------------------------

--
-- Table structure for table `datagroup_submissions`
--

CREATE TABLE IF NOT EXISTS `datagroup_submissions` (
  `sid` int(10) unsigned NOT NULL AUTO_INCREMENT,
  `nid` int(10) unsigned NOT NULL DEFAULT '0',
  `uid` int(10) unsigned NOT NULL DEFAULT '0',
  `is_draft` tinyint(4) NOT NULL DEFAULT '0',
  `submitted` int(11) NOT NULL DEFAULT '0',
  `remote_addr` varchar(128) DEFAULT NULL,
  PRIMARY KEY (`sid`),
  UNIQUE KEY `sid_nid` (`sid`,`nid`),
  KEY `nid_uid_sid` (`nid`,`uid`,`sid`),
  KEY `nid_sid` (`nid`,`sid`)
) ENGINE=MyISAM  DEFAULT CHARSET=utf8 AUTO_INCREMENT=233 ;

--
-- Dumping data for table `datagroup_submissions`
--

INSERT INTO `datagroup_submissions` (`sid`, `nid`, `uid`, `is_draft`, `submitted`, `remote_addr`) VALUES
(1, 6, 86, 0, 1346916061, '127.0.0.1'),
(2, 6, 87, 0, 1342615464, '127.0.0.1'),
(3, 6, 88, 0, 1342615464, '127.0.0.1'),
(4, 10, 86, 0, 1346916092, '127.0.0.1'),
(5, 10, 87, 0, 1342615489, '127.0.0.1'),
(6, 10, 88, 0, 1342615489, '127.0.0.1'),
(7, 3, 86, 0, 1346916391, '127.0.0.1'),
(8, 3, 87, 0, 1342615547, '127.0.0.1'),
(9, 8, 86, 0, 1346917036, '127.0.0.1'),
(10, 8, 87, 0, 1342615757, '127.0.0.1'),
(213, 5, 86, 0, 1348032005, '115.186.146.97'),
(12, 12, 86, 0, 1346917141, '127.0.0.1'),
(13, 12, 87, 0, 1342615819, '127.0.0.1'),
(15, 9, 86, 0, 1346917369, '127.0.0.1'),
(16, 9, 87, 0, 1342615849, '127.0.0.1'),
(186, 5, 88, 0, 1347888890, '115.186.146.97'),
(18, 7, 86, 0, 1346917402, '127.0.0.1'),
(19, 7, 87, 0, 1342615870, '127.0.0.1'),
(20, 7, 88, 0, 1342615870, '127.0.0.1'),
(21, 5, 86, 0, 1346917507, '127.0.0.1'),
(22, 5, 87, 0, 1342615902, '127.0.0.1'),
(23, 2, 86, 0, 1346917638, '127.0.0.1'),
(24, 2, 87, 0, 1342615991, '127.0.0.1'),
(25, 2, 88, 0, 1342615991, '127.0.0.1'),
(26, 11, 86, 0, 1346917770, '127.0.0.1'),
(27, 11, 87, 0, 1342616013, '127.0.0.1'),
(29, 13, 86, 0, 1346917812, '127.0.0.1'),
(30, 13, 87, 0, 1342616036, '127.0.0.1'),
(31, 13, 88, 0, 1342616036, '127.0.0.1'),
(32, 14, 86, 0, 1342616522, '127.0.0.1'),
(33, 14, 87, 0, 1342616522, '127.0.0.1'),
(34, 14, 88, 0, 1346934454, '127.0.0.1'),
(35, 4, 86, 0, 1348652773, '127.0.0.1'),
(36, 4, 87, 0, 1342616567, '127.0.0.1'),
(37, 4, 88, 0, 1348748502, '127.0.0.1'),
(38, 4, 1, 0, 1343815779, '115.186.146.97'),
(39, 3, 1, 0, 1343815755, '115.186.146.97'),
(40, 10, 1, 0, 1343816346, '115.186.146.97'),
(41, 13, 1, 0, 1343816563, '115.186.146.97'),
(42, 14, 91, 0, 1343820733, '182.177.122.245'),
(43, 14, 91, 0, 1343821739, '182.177.122.245'),
(44, 4, 91, 0, 1343822767, '182.177.122.245'),
(45, 4, 91, 0, 1343823079, '182.177.122.245'),
(46, 6, 91, 0, 1343881752, '182.177.122.245'),
(47, 6, 91, 0, 1343881770, '182.177.122.245'),
(48, 10, 91, 0, 1343882152, '182.177.122.245'),
(49, 3, 91, 0, 1343886150, '182.177.108.219'),
(50, 8, 91, 0, 1343888175, '115.186.146.97'),
(51, 12, 91, 0, 1343888286, '115.186.146.97'),
(52, 9, 91, 0, 1343889104, '115.186.146.97'),
(53, 7, 91, 0, 1343889943, '115.186.146.97'),
(54, 5, 91, 0, 1343891950, '115.186.146.97'),
(55, 2, 91, 0, 1343893733, '115.186.146.97'),
(56, 11, 91, 0, 1343894204, '115.186.146.97'),
(57, 11, 91, 0, 1343894176, '115.186.146.97'),
(58, 13, 91, 0, 1343895404, '115.186.146.97'),
(59, 5, 92, 0, 1343986195, '115.186.146.97'),
(60, 5, 92, 0, 1343986281, '115.186.146.97'),
(61, 5, 92, 0, 1343986537, '115.186.146.97'),
(62, 5, 92, 0, 1343986786, '115.186.146.97'),
(63, 5, 92, 0, 1343986818, '115.186.146.97'),
(64, 5, 92, 0, 1343986876, '115.186.146.97'),
(65, 14, 92, 0, 1343990237, '115.186.146.97'),
(66, 14, 86, 0, 1343990611, '115.186.146.97'),
(67, 14, 94, 0, 1344247931, '115.186.146.97'),
(68, 14, 94, 0, 1344247943, '115.186.146.97'),
(69, 14, 94, 0, 1344247962, '115.186.146.97'),
(70, 14, 94, 0, 1344247998, '115.186.146.97'),
(71, 14, 94, 0, 1344248037, '115.186.146.97'),
(72, 14, 94, 0, 1344248063, '115.186.146.97'),
(73, 14, 94, 0, 1344248089, '115.186.146.97'),
(74, 14, 94, 0, 1344248103, '115.186.146.97'),
(75, 14, 94, 0, 1344248119, '115.186.146.97'),
(76, 14, 94, 0, 1344248189, '115.186.146.97'),
(77, 14, 94, 0, 1344248143, '115.186.146.97'),
(78, 14, 94, 0, 1344248202, '115.186.146.97'),
(79, 14, 94, 0, 1344248247, '115.186.146.97'),
(80, 14, 94, 0, 1344248261, '115.186.146.97'),
(81, 14, 94, 0, 1344248275, '115.186.146.97'),
(82, 14, 94, 0, 1344248287, '115.186.146.97'),
(83, 14, 94, 0, 1344248299, '115.186.146.97'),
(84, 14, 94, 0, 1344248308, '115.186.146.97'),
(85, 14, 94, 0, 1344248319, '115.186.146.97'),
(86, 14, 94, 0, 1344248332, '115.186.146.97'),
(87, 4, 86, 0, 1348652957, '127.0.0.1'),
(88, 4, 87, 0, 1344256905, '127.0.0.1'),
(89, 4, 88, 0, 1344256905, '127.0.0.1'),
(90, 4, 98, 0, 1344256905, '127.0.0.1'),
(91, 6, 86, 0, 1344355593, '127.0.0.1'),
(92, 6, 87, 0, 1344355593, '127.0.0.1'),
(93, 6, 88, 0, 1344355593, '127.0.0.1'),
(94, 6, 98, 0, 1344355593, '127.0.0.1'),
(95, 5, 1, 0, 1347527998, '24.251.235.228'),
(96, 4, 86, 0, 1344449310, '127.0.0.1'),
(97, 4, 87, 0, 1344449310, '127.0.0.1'),
(98, 4, 88, 0, 1344449310, '127.0.0.1'),
(99, 4, 98, 0, 1344449310, '127.0.0.1'),
(100, 4, 100, 0, 1344449310, '127.0.0.1'),
(101, 14, 86, 0, 1344450872, '127.0.0.1'),
(102, 14, 87, 0, 1344450872, '127.0.0.1'),
(103, 14, 88, 0, 1344450872, '127.0.0.1'),
(104, 14, 98, 0, 1344450872, '127.0.0.1'),
(105, 14, 100, 0, 1347136939, '127.0.0.1'),
(106, 10, 86, 0, 1344450898, '127.0.0.1'),
(107, 10, 87, 0, 1344450898, '127.0.0.1'),
(108, 10, 88, 0, 1344450898, '127.0.0.1'),
(109, 10, 100, 0, 1344450898, '127.0.0.1'),
(110, 3, 86, 0, 1344450986, '127.0.0.1'),
(111, 3, 87, 0, 1344450986, '127.0.0.1'),
(112, 3, 98, 0, 1344450986, '127.0.0.1'),
(113, 3, 100, 0, 1344450986, '127.0.0.1'),
(114, 8, 86, 0, 1344451152, '127.0.0.1'),
(115, 8, 87, 0, 1344451152, '127.0.0.1'),
(117, 8, 100, 0, 1344451152, '127.0.0.1'),
(119, 12, 87, 0, 1344451291, '127.0.0.1'),
(192, 12, 88, 0, 1347002499, '115.186.146.97'),
(121, 12, 100, 0, 1344451291, '127.0.0.1'),
(187, 5, 88, 0, 1346997441, '115.186.146.97'),
(123, 9, 87, 0, 1344451367, '127.0.0.1'),
(125, 9, 98, 0, 1344451367, '127.0.0.1'),
(126, 9, 100, 0, 1344451367, '127.0.0.1'),
(128, 7, 87, 0, 1344451438, '127.0.0.1'),
(129, 7, 88, 0, 1344451438, '127.0.0.1'),
(130, 7, 98, 0, 1344451438, '127.0.0.1'),
(131, 7, 100, 0, 1344451438, '127.0.0.1'),
(180, 3, 88, 0, 1348748884, '115.186.146.97'),
(133, 5, 87, 0, 1344451531, '127.0.0.1'),
(134, 5, 98, 0, 1344451531, '127.0.0.1'),
(135, 5, 100, 0, 1347137058, '127.0.0.1'),
(137, 2, 87, 0, 1344451604, '127.0.0.1'),
(138, 2, 88, 0, 1344451604, '127.0.0.1'),
(139, 2, 98, 0, 1344451604, '127.0.0.1'),
(140, 2, 100, 0, 1344451604, '127.0.0.1'),
(179, 3, 109, 0, 1346935731, '115.186.146.97'),
(142, 11, 87, 0, 1344451681, '127.0.0.1'),
(185, 3, 88, 0, 1346996543, '115.186.146.97'),
(144, 11, 98, 0, 1344451681, '127.0.0.1'),
(145, 11, 100, 0, 1344451681, '127.0.0.1'),
(174, 14, 88, 0, 1346934518, '115.186.146.97'),
(147, 13, 87, 0, 1344451751, '127.0.0.1'),
(148, 13, 88, 0, 1344451751, '127.0.0.1'),
(149, 13, 98, 0, 1344451751, '127.0.0.1'),
(150, 13, 100, 0, 1344451751, '127.0.0.1'),
(151, 6, 86, 0, 1345473847, '127.0.0.1'),
(152, 6, 87, 0, 1345473847, '127.0.0.1'),
(153, 6, 88, 0, 1345473847, '127.0.0.1'),
(154, 14, 1, 0, 1346081171, '76.103.171.32'),
(155, 8, 1, 0, 1346102408, '24.251.235.228'),
(156, 5, 1, 0, 1346102512, '24.251.235.228'),
(157, 3, 1, 0, 1346417186, '115.186.146.97'),
(158, 14, 102, 0, 1346419171, '115.186.146.97'),
(159, 4, 102, 0, 1348651073, '115.186.146.97'),
(160, 6, 102, 0, 1346419337, '115.186.146.97'),
(161, 10, 102, 0, 1346419363, '115.186.146.97'),
(162, 3, 102, 0, 1346419423, '115.186.146.97'),
(163, 8, 102, 0, 1346419469, '115.186.146.97'),
(164, 12, 102, 0, 1346419496, '115.186.146.97'),
(165, 9, 102, 0, 1346419626, '115.186.146.97'),
(193, 14, 103, 0, 1347052678, '76.103.171.32'),
(167, 2, 102, 0, 1346419746, '115.186.146.97'),
(168, 5, 102, 0, 1346419772, '115.186.146.97'),
(169, 13, 102, 0, 1346419777, '115.186.146.97'),
(170, 14, 86, 0, 1346914868, '1.22.72.63'),
(194, 10, 103, 0, 1347052764, '76.103.171.32'),
(195, 12, 103, 0, 1347052785, '76.103.171.32'),
(196, 4, 103, 0, 1347245522, '76.103.171.32'),
(197, 4, 103, 0, 1347248080, '76.103.171.32'),
(198, 14, 86, 0, 1347254234, '127.0.0.1'),
(199, 14, 87, 0, 1347254234, '127.0.0.1'),
(200, 14, 88, 0, 1347254234, '127.0.0.1'),
(201, 14, 86, 0, 1347254234, '127.0.0.1'),
(202, 14, 86, 0, 1347254234, '127.0.0.1'),
(203, 14, 86, 0, 1347254234, '127.0.0.1'),
(204, 14, 86, 0, 1347254234, '127.0.0.1'),
(205, 14, 86, 0, 1347254234, '127.0.0.1'),
(206, 14, 86, 0, 1347254234, '127.0.0.1'),
(207, 14, 86, 0, 1347254234, '127.0.0.1'),
(208, 5, 1, 0, 1347530853, '182.180.65.113'),
(209, 5, 86, 0, 1347531161, '115.186.146.97'),
(210, 5, 86, 0, 1347531393, '182.180.65.113'),
(214, 4, 1, 0, 1348032738, '76.103.171.32'),
(215, 3, 1, 0, 1348032801, '76.103.171.32'),
(216, 5, 1, 0, 1348035100, '115.186.146.97'),
(217, 5, 86, 0, 1348036452, '115.186.146.97'),
(218, 4, 1, 0, 1348473820, '182.180.65.160'),
(219, 4, 1, 0, 1348578970, '182.180.65.113'),
(220, 4, 102, 0, 1348649660, '115.186.146.97'),
(221, 4, 86, 0, 1348652660, '182.180.65.113'),
(226, 4, 102, 0, 1348659932, '115.186.146.97'),
(223, 4, 86, 0, 1348652988, '182.180.65.113'),
(224, 4, 86, 0, 1348659593, '182.180.65.113'),
(225, 4, 102, 0, 1348656471, '115.186.146.97'),
(227, 4, 86, 0, 1348659384, '182.180.65.113'),
(228, 4, 102, 0, 1348660136, '115.186.146.97'),
(229, 4, 102, 0, 1348660768, '115.186.146.97'),
(230, 4, 102, 0, 1348665912, '115.186.146.97'),
(231, 4, 102, 0, 1348667100, '115.186.146.97');

-- --------------------------------------------------------

--
-- Table structure for table `datagroup_submitted_data`
--

CREATE TABLE IF NOT EXISTS `datagroup_submitted_data` (
  `nid` int(10) unsigned NOT NULL DEFAULT '0',
  `sid` int(10) unsigned NOT NULL DEFAULT '0',
  `cid` smallint(5) unsigned NOT NULL DEFAULT '0',
  `data` mediumtext NOT NULL,
  `uid` int(10) unsigned NOT NULL DEFAULT '0',
  KEY `nid` (`nid`),
  KEY `sid_nid` (`sid`,`nid`)
) ENGINE=MyISAM DEFAULT CHARSET=utf8;

--
-- Dumping data for table `datagroup_submitted_data`
--

INSERT INTO `datagroup_submitted_data` (`nid`, `sid`, `cid`, `data`, `uid`) VALUES
(6, 1, 1, 'Auto', 86),
(6, 1, 2, '660', 86),
(6, 1, 3, '2012-03-16', 86),
(6, 2, 1, 'Mortgage', 87),
(6, 2, 2, '730', 87),
(6, 2, 3, '2013-03-17', 87),
(6, 3, 1, 'Mortgage', 88),
(6, 3, 2, '200', 88),
(6, 3, 3, '2014-03-18', 88),
(10, 4, 1, 'Other', 86),
(10, 4, 2, 'Wiki', 86),
(10, 4, 3, '(999)999-9999', 86),
(10, 5, 1, 'Restaurant', 87),
(10, 5, 2, 'Gateway', 87),
(10, 5, 3, '(999)999-1000', 87),
(10, 6, 1, 'other', 88),
(10, 6, 2, 'Methane', 88),
(10, 6, 3, '(999)999-1001', 88),
(8, 9, 1, 'Driver license', 86),
(8, 9, 2, '1990-02-06', 86),
(8, 9, 3, '1990-03-07', 86),
(8, 9, 4, '70', 86),
(8, 9, 5, '10101', 86),
(8, 10, 1, 'passport', 87),
(8, 10, 2, '1990-03-07', 87),
(8, 10, 3, '1990-03-08', 87),
(8, 10, 4, '3', 87),
(8, 10, 5, '10101', 87),
(5, 187, 5, '', 88),
(5, 187, 4, 'Smoker', 88),
(5, 187, 3, 'demo', 88),
(5, 187, 2, 'demo', 88),
(12, 12, 1, 'Room', 86),
(12, 12, 2, '71', 86),
(12, 13, 1, 'other', 87),
(12, 13, 2, '3', 87),
(5, 213, 2, 'Aspirin', 86),
(5, 213, 1, 'Asthama', 86),
(9, 15, 1, 'Home', 86),
(9, 15, 2, '72', 86),
(9, 15, 3, 'lorem ipsum is industry standard. really?', 86),
(9, 16, 1, 'Business', 87),
(9, 16, 2, '3', 87),
(9, 16, 3, 'lorem ipsum is industry standard.', 87),
(10, 194, 3, '925-686-8200', 103),
(10, 194, 2, 'Concord High', 103),
(7, 18, 1, 'Recall', 86),
(7, 18, 2, '1990-01-06', 86),
(7, 19, 1, 'recall', 87),
(7, 19, 2, '1990-01-07', 87),
(7, 20, 1, 'home', 88),
(7, 20, 2, '1990-01-08', 88),
(5, 21, 1, 'Vaccine', 86),
(5, 21, 2, 'Aspirin', 86),
(5, 21, 3, 'Not known why should i tell you?', 86),
(5, 21, 4, 'Smoker', 86),
(5, 21, 5, 'Daily', 86),
(5, 22, 1, 'Vaccine', 87),
(5, 22, 2, 'Aspirin', 87),
(5, 22, 3, 'Not known', 87),
(5, 22, 4, 'smoker', 87),
(5, 22, 5, 'Daily', 87),
(2, 23, 1, '1972-04-05', 86),
(2, 23, 2, '111-11-1010', 86),
(2, 24, 1, '1982-04-06', 87),
(2, 24, 2, '111-11-1112', 87),
(2, 25, 1, '1988-04-07', 88),
(2, 25, 2, '111-11-1113', 88),
(11, 26, 1, 'Water Cooler2', 86),
(11, 26, 2, '1972-03-04', 86),
(11, 26, 3, '73', 86),
(11, 26, 4, 'http://www.google.co.in', 86),
(11, 27, 1, 'Cycle', 87),
(11, 27, 2, '6/13/2012', 87),
(11, 27, 3, '3', 87),
(11, 27, 4, 'http://www.google.com', 87),
(12, 195, 2, '', 103),
(14, 174, 3, '', 88),
(13, 29, 1, 'Twitter', 86),
(13, 29, 2, 'loremipsum22', 86),
(13, 29, 3, 'lorem123$&^(%&*$%*&$', 86),
(13, 30, 1, 'facebook', 87),
(13, 30, 2, 'loremipsum', 87),
(13, 30, 3, 'lorem124', 87),
(13, 31, 1, 'twitter', 88),
(13, 31, 2, 'loremipsum', 88),
(13, 31, 3, 'lorem125', 88),
(14, 32, 1, 'Edward Great', 86),
(14, 32, 2, 'H#656/11, Test block, Test City, Test Country', 86),
(14, 32, 3, 'edwardtester99@gmail.com', 86),
(14, 33, 1, 'Emily Bronte', 87),
(14, 33, 2, 'H#656/11, Test block, Test City, Test Country', 87),
(14, 33, 3, 'emilybronte248@gmail.com', 87),
(14, 34, 1, 'Richard Thompson', 88),
(14, 34, 2, 'H#656/11, Test block, Test City, Test Country123', 88),
(14, 34, 3, 'richardtester29@gmail.com', 88),
(4, 35, 1, 'Micro', 86),
(4, 35, 2, '1990-03-16', 86),
(4, 35, 3, '1995-03-17', 86),
(4, 35, 12, 'Visit website', 86),
(4, 35, 13, '$50,000.00 ', 86),
(4, 35, 14, '2', 86),
(4, 36, 1, 'Google', 87),
(4, 36, 2, '1990-03-17', 87),
(4, 36, 3, '1995-03-18', 87),
(4, 36, 12, 'Visit website', 87),
(4, 36, 13, '$60,000.00 ', 87),
(4, 36, 14, '3', 87),
(4, 37, 1, 'Apple', 88),
(4, 37, 2, '1990-03-18', 88),
(4, 37, 3, '1995-03-19', 88),
(4, 37, 12, 'Visit website', 88),
(4, 37, 13, '$70,000.00 ', 88),
(4, 37, 14, '136', 88),
(4, 38, 1, 'Google.com', 1),
(4, 38, 2, '1913-02-04', 1),
(4, 38, 3, '1930-02-21', 1),
(4, 38, 12, 'dfsdfsdfsdf1', 1),
(4, 38, 13, 'asdfsd454', 1),
(4, 38, 14, '26', 1),
(10, 40, 1, 'Web', 1),
(10, 40, 2, 'Methane', 1),
(10, 40, 3, '(999)999-1001', 1),
(13, 41, 1, 'Twitter', 1),
(13, 41, 2, 'http://www.facebook.com/50cent', 1),
(13, 41, 3, '789', 1),
(14, 42, 1, 'Muhammad usman', 91),
(14, 42, 2, 'H# 238/24, this block, test city\r\ntest country', 91),
(14, 42, 3, 'muhammad.usman@vizeck.com', 91),
(14, 43, 1, 'test', 91),
(14, 43, 2, 'aeqweqweqweqweqweqwe', 91),
(14, 43, 3, 'qweqwe@dfa.com', 91),
(4, 44, 1, 'microsoft', 91),
(4, 44, 2, '1918-01-03', 91),
(4, 44, 3, '2011-01-01', 91),
(4, 44, 12, 'www.google.com', 91),
(4, 44, 13, '50,222.00\r\nkjhKAJHSKJ', 91),
(4, 44, 14, '', 91),
(4, 45, 1, '', 91),
(4, 45, 2, '', 91),
(4, 45, 3, '', 91),
(4, 45, 12, '', 91),
(4, 45, 13, '', 91),
(4, 45, 14, '', 91),
(6, 46, 1, 'Water', 91),
(6, 46, 2, '232', 91),
(6, 46, 3, '1979-02-01', 91),
(6, 47, 1, 'Rent', 91),
(6, 47, 2, '1231', 91),
(6, 47, 3, '', 91),
(10, 48, 1, '', 91),
(10, 48, 2, 'Inzimam', 91),
(10, 48, 3, '9999999999', 91),
(8, 50, 1, 'Driver license', 91),
(8, 50, 2, '1917-02-04', 91),
(8, 50, 3, '1916-04-04', 91),
(8, 50, 4, '', 91),
(8, 50, 5, '', 91),
(12, 51, 1, '', 91),
(12, 51, 2, '32', 91),
(9, 52, 1, 'Automobile', 91),
(9, 52, 2, '33', 91),
(9, 52, 3, 'hfghdshshfghdshshfghdshshfghdshshfghdshshfghdshshfghdshshfghdshshfghdshshfghdshshfghdshshfghdshshfghdshshfghdshshfghdshshfghdshs', 91),
(7, 53, 1, 'Auto Service', 91),
(7, 53, 2, '2030-03-03', 91),
(5, 54, 1, 'Asthama', 91),
(5, 54, 2, 'Aspirin', 91),
(5, 54, 3, 'AspirinAspirinAspirinAspirinAspirinAspirinAspirinAspirinAspirinAspirinAspirinAspirinAspirinAspirinAspirinAspirinAspirinAspirin', 91),
(5, 54, 4, 'Smoker', 91),
(5, 54, 5, 'Never', 91),
(2, 55, 1, '1905-02-03', 91),
(2, 55, 2, '342-23-2342', 91),
(11, 56, 1, 'Hello this is test product', 91),
(11, 56, 2, '1915-01-02', 91),
(11, 56, 3, '34', 91),
(11, 56, 4, 'http://www.example.com', 91),
(11, 57, 1, '', 91),
(11, 57, 2, '', 91),
(11, 57, 3, '', 91),
(11, 57, 4, '', 91),
(13, 58, 1, 'Linkedin', 91),
(13, 58, 2, 'usan', 91),
(13, 58, 3, '', 91),
(5, 59, 1, 'test', 92),
(5, 59, 2, 'test', 92),
(5, 59, 3, '', 92),
(5, 59, 4, 'Smoker', 92),
(5, 59, 5, 'Occasionally', 92),
(5, 60, 1, 'tests', 92),
(5, 60, 2, 'sdf', 92),
(5, 60, 3, 'sdf', 92),
(5, 60, 4, 'Smoker', 92),
(5, 60, 5, 'Never', 92),
(5, 61, 1, 'tests', 92),
(5, 61, 2, 'test', 92),
(5, 61, 3, 'fb', 92),
(5, 61, 4, 'Smoker', 92),
(5, 61, 5, 'Never', 92),
(5, 62, 1, 'tests', 92),
(5, 62, 2, '', 92),
(5, 62, 3, '', 92),
(5, 62, 4, 'Smoker', 92),
(5, 62, 5, '', 92),
(5, 63, 1, 'tests', 92),
(5, 63, 2, 'sdf', 92),
(5, 63, 3, 'dgf', 92),
(5, 63, 4, 'Smoker', 92),
(5, 63, 5, '', 92),
(5, 64, 1, 'ads', 92),
(5, 64, 2, 'ads', 92),
(5, 64, 3, 'ads', 92),
(5, 64, 4, '', 92),
(5, 64, 5, '', 92),
(14, 65, 1, 'test', 92),
(14, 65, 2, 'test', 92),
(14, 65, 3, 'test@test.com', 92),
(14, 66, 1, 'asdf', 86),
(14, 66, 2, 'asdfasdf', 86),
(14, 66, 3, 'asdf@dfgh.com', 86),
(14, 67, 1, 'qWED', 94),
(14, 67, 2, 'ASD', 94),
(14, 67, 3, 'ASD@XFS.CU', 94),
(14, 68, 1, 'A', 94),
(14, 68, 2, 'A', 94),
(14, 68, 3, 'a@a.com', 94),
(14, 69, 1, 'B', 94),
(14, 69, 2, 'B', 94),
(14, 69, 3, 'a@a.com', 94),
(14, 70, 1, 'C', 94),
(14, 70, 2, 'C', 94),
(14, 70, 3, 'a@a.com', 94),
(14, 71, 1, 'D', 94),
(14, 71, 2, 'D', 94),
(14, 71, 3, 'a@a.com', 94),
(14, 72, 1, 'A', 94),
(14, 72, 2, 'A', 94),
(14, 72, 3, 'a@a.com', 94),
(14, 73, 1, 'A', 94),
(14, 73, 2, 'A', 94),
(14, 73, 3, 'a@a.com', 94),
(14, 74, 1, 'A', 94),
(14, 74, 2, 'A', 94),
(14, 74, 3, 'a@a.com', 94),
(14, 75, 1, 'V', 94),
(14, 75, 2, 'V', 94),
(14, 75, 3, '', 94),
(14, 76, 1, '', 94),
(14, 76, 2, '', 94),
(14, 76, 3, '', 94),
(14, 77, 1, '', 94),
(14, 77, 2, '', 94),
(14, 77, 3, '', 94),
(14, 78, 1, 'G', 94),
(14, 78, 2, 'G', 94),
(14, 78, 3, '', 94),
(14, 79, 1, 'J', 94),
(14, 79, 2, 'J', 94),
(14, 79, 3, '', 94),
(14, 80, 1, 'G', 94),
(14, 80, 2, 'G', 94),
(14, 80, 3, '', 94),
(14, 81, 1, 'J', 94),
(14, 81, 2, 'J', 94),
(14, 81, 3, '', 94),
(14, 82, 1, '', 94),
(14, 82, 2, '', 94),
(14, 82, 3, '', 94),
(14, 83, 1, '', 94),
(14, 83, 2, '', 94),
(14, 83, 3, '', 94),
(14, 84, 1, '', 94),
(14, 84, 2, '', 94),
(14, 84, 3, '', 94),
(14, 85, 1, '', 94),
(14, 85, 2, '', 94),
(14, 85, 3, '', 94),
(14, 86, 1, '', 94),
(14, 86, 2, '', 94),
(14, 86, 3, '', 94),
(4, 87, 1, 'Google.com', 86),
(4, 87, 2, '', 86),
(4, 87, 3, '', 86),
(4, 87, 12, '', 86),
(4, 87, 13, '', 86),
(4, 87, 14, '', 86),
(4, 88, 1, 'Google', 87),
(4, 88, 2, '17-03-1990', 87),
(4, 88, 3, '18-03-1995', 87),
(4, 88, 12, 'Visit website', 87),
(4, 88, 13, '$60,000.00 ', 87),
(4, 88, 14, '3', 87),
(4, 89, 1, 'Apple', 88),
(4, 89, 2, '18-03-1990', 88),
(4, 89, 3, '19-03-1995', 88),
(4, 89, 12, 'Visit website', 88),
(4, 89, 13, '$70,000.00 ', 88),
(4, 89, 14, '4', 88),
(4, 90, 1, 'Tekyz Inc', 98),
(4, 90, 2, '18-03-1990', 98),
(4, 90, 3, '19-03-1995', 98),
(4, 90, 12, 'Visit website', 98),
(4, 90, 13, '$70,000.00 ', 98),
(4, 90, 14, '4', 98),
(6, 91, 1, 'Mortgage', 86),
(6, 91, 2, '666', 86),
(6, 91, 3, '16-03-2012', 86),
(6, 92, 1, 'Mortgage', 87),
(6, 92, 2, '730', 87),
(6, 92, 3, '17-03-2013', 87),
(6, 93, 1, 'Mortgage', 88),
(6, 93, 2, '200', 88),
(6, 93, 3, '18-03-2014', 88),
(6, 94, 1, 'Mortgage', 98),
(6, 94, 2, '300', 98),
(6, 94, 3, '18-03-2014', 98),
(5, 95, 1, 'NKDA', 1),
(5, 95, 2, 'none', 1),
(5, 95, 3, 'negative', 1),
(5, 95, 4, 'No Smoker', 1),
(5, 95, 5, 'Never', 1),
(4, 96, 1, 'Micro', 86),
(4, 96, 2, '16-03-1990', 86),
(4, 96, 3, '17-03-1995', 86),
(4, 96, 12, 'Visit website', 86),
(4, 96, 13, '$50,000.00 ', 86),
(4, 96, 14, '2', 86),
(4, 97, 1, 'Google', 87),
(4, 97, 2, '17-03-1990', 87),
(4, 97, 3, '18-03-1995', 87),
(4, 97, 12, 'Visit website', 87),
(4, 97, 13, '$60,000.00 ', 87),
(4, 97, 14, '3', 87),
(4, 98, 1, 'Apple', 88),
(4, 98, 2, '18-03-1990', 88),
(4, 98, 3, '19-03-1995', 88),
(4, 98, 12, 'Visit website', 88),
(4, 98, 13, '$70,000.00 ', 88),
(4, 98, 14, '4', 88),
(4, 99, 1, 'Tekyz Inc', 98),
(4, 99, 2, '18-03-1990', 98),
(4, 99, 3, '19-03-1995', 98),
(4, 99, 12, 'Visit website', 98),
(4, 99, 13, '$70,000.00 ', 98),
(4, 99, 14, '4', 98),
(4, 100, 1, 'ABCD', 100),
(4, 100, 2, '18-03-1990', 100),
(4, 100, 3, '19-03-1995', 100),
(4, 100, 12, 'Visit website', 100),
(4, 100, 13, '$70,000.00 ', 100),
(4, 100, 14, '4', 100),
(14, 101, 1, 'Edward Great', 86),
(14, 101, 2, 'H#656/11, Test block, Test City, Test Country', 86),
(14, 101, 3, 'edwardtester99@gmail.com', 86),
(14, 102, 1, 'Emily Bronte', 87),
(14, 102, 2, 'H#656/11, Test block, Test City, Test Country', 87),
(14, 102, 3, 'emilybronte248@gmail.com', 87),
(14, 103, 1, 'Richard Thompson', 88),
(14, 103, 2, 'H#656/11, Test block, Test City, Test Country', 88),
(14, 103, 3, 'richardtester29@gmail.com', 88),
(14, 104, 1, 'Dheeraj Sareen', 98),
(14, 104, 2, 'ABCD, Test Block, Test City, Test Country', 98),
(14, 104, 3, 'dsareen@tekyz.com', 98),
(14, 105, 1, 'Gil Ortega', 100),
(14, 105, 2, 'ABCD, Test Block, Test City, Test Country', 100),
(14, 105, 3, 'gil_ortega@msn.com', 100),
(10, 106, 1, 'Web', 86),
(10, 106, 2, 'Wiki', 86),
(10, 106, 3, '(999)999-9999', 86),
(10, 107, 1, 'Restaurant', 87),
(10, 107, 2, 'Gateway', 87),
(10, 107, 3, '(999)999-1000', 87),
(10, 108, 1, 'other', 88),
(10, 108, 2, 'Methane', 88),
(10, 108, 3, '(999)999-1001', 88),
(10, 109, 1, 'other', 100),
(10, 109, 2, 'abcd', 100),
(10, 109, 3, '(999)999-1001', 100),
(8, 114, 1, 'Driver''s License', 86),
(8, 114, 2, '06-03-1990', 86),
(8, 114, 3, '07-03-1990', 86),
(8, 114, 4, '2', 86),
(8, 114, 5, '10101', 86),
(8, 115, 1, 'passport', 87),
(8, 115, 2, '07-03-1990', 87),
(8, 115, 3, '08-03-1990', 87),
(8, 115, 4, '3', 87),
(8, 115, 5, '10101', 87),
(5, 187, 1, 'demo', 88),
(5, 186, 5, '', 88),
(5, 186, 4, 'Smoker', 88),
(5, 186, 3, 'sdfsd', 88),
(8, 117, 1, 'passport', 100),
(8, 117, 2, '08-03-1990', 100),
(8, 117, 3, '09-03-1990', 100),
(8, 117, 4, '', 100),
(8, 117, 5, '10101', 100),
(4, 197, 12, '', 103),
(4, 197, 3, '', 103),
(12, 119, 1, 'other', 87),
(12, 119, 2, '3', 87),
(10, 194, 1, 'Other', 103),
(12, 121, 1, 'other', 100),
(12, 121, 2, '', 100),
(4, 197, 2, '', 103),
(4, 197, 1, '', 103),
(9, 123, 1, 'Business', 87),
(9, 123, 2, '3', 87),
(9, 123, 3, 'lorem ipsum is industry standard.', 87),
(12, 192, 2, '', 88),
(12, 192, 1, '', 88),
(14, 193, 3, 'robertredford@tv.com', 103),
(9, 125, 1, 'Business', 98),
(9, 125, 2, '', 98),
(9, 125, 3, 'lorem ipsum is industry standard.', 98),
(9, 126, 1, 'Business', 100),
(9, 126, 2, '', 100),
(9, 126, 3, 'lorem ipsum is industry standard.', 100),
(4, 196, 14, '', 103),
(4, 196, 13, '$120,000', 103),
(7, 128, 1, 'recall', 87),
(7, 128, 2, '07-01-1990', 87),
(7, 129, 1, 'home', 88),
(7, 129, 2, '08-01-1990', 88),
(7, 130, 1, 'home', 98),
(7, 130, 2, '08-01-1990', 98),
(7, 131, 1, 'home', 100),
(7, 131, 2, '08-01-1990', 100),
(4, 196, 12, 'Joe Doe 510-555-1212', 103),
(4, 196, 3, '2012-02-02', 103),
(5, 133, 1, 'Vaccine', 87),
(5, 133, 2, 'Aspirin', 87),
(5, 133, 3, 'Not known', 87),
(5, 133, 4, 'smoker', 87),
(5, 133, 5, 'Daily', 87),
(5, 134, 1, 'None', 98),
(5, 134, 2, 'None', 98),
(5, 134, 3, 'Not known', 98),
(5, 134, 4, 'No', 98),
(5, 134, 5, 'No', 98),
(5, 135, 1, 'None', 100),
(5, 135, 2, 'Aspirin, MVT', 100),
(5, 135, 3, 'Not known', 100),
(5, 135, 4, 'No', 100),
(5, 135, 5, 'Never', 100),
(4, 196, 2, '1990-01-02', 103),
(4, 196, 1, 'Apple', 103),
(2, 137, 1, '06-04-1982', 87),
(2, 137, 2, '111-11-1112', 87),
(2, 138, 1, '07-04-1988', 88),
(2, 138, 2, '111-11-1113', 88),
(2, 139, 1, '05-04-1980', 98),
(2, 139, 2, '111-11-1111', 98),
(2, 140, 1, '05-04-1980', 100),
(2, 140, 2, '111-11-1111', 100),
(12, 195, 1, 'Room', 103),
(14, 174, 2, 'test address', 88),
(11, 142, 1, 'Cycle', 87),
(11, 142, 2, '6/13/2012', 87),
(11, 142, 3, '3', 87),
(11, 142, 4, 'http://www.google.com', 87),
(5, 186, 2, 'Aspirin', 88),
(5, 186, 1, 'Asthama', 88),
(11, 144, 1, 'Car', 98),
(11, 144, 2, '6/14/2012', 98),
(11, 144, 3, '4', 98),
(11, 144, 4, 'http://www.google.com', 98),
(11, 145, 1, 'Car', 100),
(11, 145, 2, '6/14/2012', 100),
(11, 145, 3, '4', 100),
(11, 145, 4, 'http://www.google.com', 100),
(14, 174, 1, 'test', 88),
(13, 147, 1, 'facebook', 87),
(13, 147, 2, 'loremipsum', 87),
(13, 147, 3, 'lorem124', 87),
(13, 148, 1, 'twitter', 88),
(13, 148, 2, 'loremipsum', 88),
(13, 148, 3, 'lorem125', 88),
(13, 149, 1, 'twitter', 98),
(13, 149, 2, 'loremipsum', 98),
(13, 149, 3, 'lorem125', 98),
(13, 150, 1, 'twitter', 100),
(13, 150, 2, 'loremipsum', 100),
(13, 150, 3, 'lorem125', 100),
(6, 151, 1, 'Mortgage', 86),
(6, 151, 2, '666', 86),
(6, 151, 3, '2012-03-16', 86),
(6, 152, 1, 'Mortgage', 87),
(6, 152, 2, '730', 87),
(6, 152, 3, '2013-03-17', 87),
(6, 153, 1, 'Mortgage', 88),
(6, 153, 2, '200', 88),
(6, 153, 3, '2014-03-18', 88),
(14, 154, 1, 'Test', 1),
(14, 154, 2, '1111test drive\r\nTest, ca. 94553', 1),
(14, 154, 3, 'maria@tekyz.com', 1),
(8, 155, 1, 'Driver license', 1),
(8, 155, 2, '1920-02-01', 1),
(8, 155, 3, '2012-01-06', 1),
(8, 155, 4, '', 1),
(8, 155, 5, '', 1),
(5, 156, 1, 'NKDA', 1),
(5, 156, 2, 'aspirin', 1),
(5, 156, 3, 'negative', 1),
(5, 156, 4, 'No Smoker', 1),
(5, 156, 5, 'Occasionally', 1),
(14, 158, 1, 'A', 102),
(14, 158, 2, 'this is test address??', 102),
(14, 158, 3, 'test@gmail.com', 102),
(4, 159, 1, 'microsoft', 102),
(4, 159, 2, '1943-03-03', 102),
(4, 159, 3, '1942-02-03', 102),
(4, 159, 12, 'www.google.com', 102),
(4, 159, 13, 'wenhrjkla', 102),
(4, 159, 14, '64', 102),
(6, 160, 1, 'Rent', 102),
(6, 160, 2, '123', 102),
(6, 160, 3, '1971-02-02', 102),
(10, 161, 1, 'Other', 102),
(10, 161, 2, 'hello', 102),
(10, 161, 3, ' (999) 999-9999', 102),
(8, 163, 1, 'Passport', 102),
(8, 163, 2, '1941-03-02', 102),
(8, 163, 3, '1942-02-02', 102),
(8, 163, 4, '', 102),
(8, 163, 5, '545', 102),
(12, 164, 1, 'Other', 102),
(12, 164, 2, '67', 102),
(9, 165, 1, 'Business', 102),
(9, 165, 2, '68', 102),
(9, 165, 3, '', 102),
(14, 193, 2, '3221 Saks Ave.\r\nHollywood, CA  94444', 103),
(14, 193, 1, 'Robert Redford', 103),
(2, 167, 1, '1971-02-02', 102),
(2, 167, 2, '123-31-1231', 102),
(5, 168, 1, '3wq', 102),
(5, 168, 2, 'qwe', 102),
(5, 168, 3, 'qwe', 102),
(5, 168, 4, 'Smoker', 102),
(5, 168, 5, 'Occasionally', 102),
(13, 169, 1, 'Linkedin', 102),
(13, 169, 2, 'awdasdsa', 102),
(13, 169, 3, '123123', 102),
(14, 170, 1, 'test contact', 86),
(14, 170, 2, 'abc 123 abc 123 ^&*(%&^$%%&#^$(', 86),
(14, 170, 3, 'test@rest.com', 86),
(4, 197, 13, '', 103),
(4, 197, 14, '', 103),
(14, 198, 1, 'Edward Great', 86),
(14, 198, 2, 'H#656/11, Test block, Test City, Test Country', 86),
(14, 198, 3, 'edwardtester99@gmail.com', 86),
(14, 199, 1, 'Emily Bronte', 87),
(14, 199, 2, 'H#656/11, Test block, Test City, Test Country', 87),
(14, 199, 3, 'emilybronte248@gmail.com', 87),
(14, 200, 1, 'Richard Thompson', 88),
(14, 200, 2, 'H#656/11, Test block, Test City, Test Country', 88),
(14, 200, 3, 'richardtester29@gmail.com', 88),
(14, 201, 1, 'Edward Great', 86),
(14, 201, 2, 'H#656/11, Test block, Test City, Test Country', 86),
(14, 201, 3, 'edwardtester99@gmail.com', 86),
(14, 202, 1, 'Edward Great', 86),
(14, 202, 2, 'H#656/11, Test block, Test City, Test Country', 86),
(14, 202, 3, 'edwardtester99@gmail.com', 86),
(14, 203, 1, 'Edward Great', 86),
(14, 203, 2, 'H#656/11, Test block, Test City, Test Country', 86),
(14, 203, 3, 'edwardtester99@gmail.com', 86),
(14, 204, 1, 'Edward Great', 86),
(14, 204, 2, 'H#656/11, Test block, Test City, Test Country', 86),
(14, 204, 3, 'edwardtester99@gmail.com', 86),
(14, 205, 1, 'Edward Great', 86),
(14, 205, 2, 'H#656/11, Test block, Test City, Test Country', 86),
(14, 205, 3, 'edwardtester99@gmail.com', 86),
(14, 206, 1, 'Edward Great', 86),
(14, 206, 2, 'H#656/11, Test block, Test City, Test Country', 86),
(14, 206, 3, 'edwardtester99@gmail.com', 86),
(14, 207, 1, 'Edward Great', 86),
(14, 207, 2, 'H#656/11, Test block, Test City, Test Country', 86),
(14, 207, 3, 'edwardtester99@gmail.com', 86),
(5, 208, 1, 'Test Allergies', 1),
(5, 208, 2, 'Test Medications', 1),
(5, 208, 3, 'fghgf', 1),
(5, 208, 4, 'Smoker', 1),
(5, 208, 5, 'Occasionally', 1),
(5, 209, 1, 'Asthama', 86),
(5, 209, 2, 'demo', 86),
(5, 209, 3, '', 86),
(5, 209, 4, 'Smoker', 86),
(5, 209, 5, '', 86),
(5, 210, 1, 'Test Allergies', 86),
(5, 210, 2, 'Test Medications', 86),
(5, 210, 3, 'asdf', 86),
(5, 210, 4, 'No Smoker', 86),
(5, 210, 5, 'Occasionally', 86),
(5, 213, 3, 'asasasas', 86),
(5, 213, 4, 'Smoker', 86),
(5, 213, 5, 'Occasionally', 86),
(4, 214, 1, '', 1),
(4, 214, 2, '', 1),
(4, 214, 3, '', 1),
(4, 214, 12, '', 1),
(4, 214, 13, '', 1),
(4, 214, 14, '', 1),
(5, 216, 1, 'Test Allergies', 1),
(5, 216, 2, 'Test Medications', 1),
(5, 216, 3, 'asd', 1),
(5, 216, 4, 'Smoker', 1),
(5, 216, 5, 'Occasionally', 1),
(5, 217, 1, 'Asthama', 86),
(5, 217, 2, 'demo', 86),
(5, 217, 3, 'ADSS', 86),
(5, 217, 4, 'Smoker', 86),
(5, 217, 5, 'Never', 86),
(4, 218, 1, 'microsoft', 1),
(4, 218, 2, '1942-01-03', 1),
(4, 218, 3, '1954-03-03', 1),
(4, 218, 12, 'Test ', 1),
(4, 218, 13, '45', 1),
(4, 218, 14, '81', 1),
(4, 219, 1, 'Google.com', 1),
(4, 219, 2, '1959-03-28', 1),
(4, 219, 3, '1971-12-20', 1),
(4, 219, 12, 'dfsdfsdfsdf', 1),
(4, 219, 13, '$45', 1),
(4, 219, 14, '82', 1),
(4, 220, 1, 'microsoft', 102),
(4, 220, 2, '1941-02-02', 102),
(4, 220, 3, '', 102),
(4, 220, 12, '', 102),
(4, 220, 13, '', 102),
(4, 220, 14, '86', 102),
(4, 221, 1, '', 86),
(4, 221, 2, '', 86),
(4, 221, 3, '', 86),
(4, 221, 12, '', 86),
(4, 221, 13, '', 86),
(4, 221, 14, '', 86),
(4, 226, 3, '', 102),
(4, 226, 2, '1941-03-02', 102),
(4, 226, 1, 'Google', 102),
(4, 223, 1, 'Google.com', 86),
(4, 223, 2, '1962-02-17', 86),
(4, 223, 3, '1953-12-03', 86),
(4, 223, 12, 'Test ', 86),
(4, 223, 13, 'adfds', 86),
(4, 223, 14, '93', 86),
(4, 224, 1, 'Test Employer', 86),
(4, 224, 2, '1942-04-03', 86),
(4, 224, 3, '1960-02-24', 86),
(4, 224, 12, 'dfsdfsdfsdf', 86),
(4, 224, 13, '', 86),
(4, 224, 14, '106', 86),
(4, 225, 1, '', 102),
(4, 225, 2, '', 102),
(4, 225, 3, '', 102),
(4, 225, 12, '', 102),
(4, 225, 13, '', 102),
(4, 225, 14, '', 102),
(4, 226, 12, '', 102),
(4, 226, 13, '', 102),
(4, 226, 14, '108', 102),
(4, 227, 1, 'Google INC', 86),
(4, 227, 2, '1954-02-04', 86),
(4, 227, 3, '1960-12-30', 86),
(4, 227, 12, 'Test ', 86),
(4, 227, 13, '$45', 86),
(4, 227, 14, '104', 86),
(4, 228, 1, 'tech', 102),
(4, 228, 2, '1942-02-02', 102),
(4, 228, 3, '1941-02-02', 102),
(4, 228, 12, '', 102),
(4, 228, 13, 'kjkjkj', 102),
(4, 228, 14, '110', 102),
(4, 229, 1, 'microsoft', 102),
(4, 229, 2, '', 102),
(4, 229, 3, '', 102),
(4, 229, 12, '', 102),
(4, 229, 13, '', 102),
(4, 229, 14, '112', 102),
(4, 230, 1, 'ew', 102),
(4, 230, 2, '1941-01-01', 102),
(4, 230, 3, '', 102),
(4, 230, 12, '', 102),
(4, 230, 13, '', 102),
(4, 230, 14, '126', 102),
(4, 231, 1, 'microsoft', 102),
(4, 231, 2, '1941-02-02', 102),
(4, 231, 3, '', 102),
(4, 231, 12, '', 102),
(4, 231, 13, '', 102),
(4, 231, 14, '127', 102);

-- --------------------------------------------------------

--
-- Table structure for table `data_group_sharing`
--

CREATE TABLE IF NOT EXISTS `data_group_sharing` (
  `share_id` int(11) NOT NULL AUTO_INCREMENT,
  `uid` int(11) NOT NULL,
  `contact_uid` int(11) NOT NULL,
  `nid` int(11) NOT NULL,
  `direction` int(128) DEFAULT '0',
  PRIMARY KEY (`share_id`)
) ENGINE=MyISAM  DEFAULT CHARSET=latin1 AUTO_INCREMENT=55 ;

--
-- Dumping data for table `data_group_sharing`
--

INSERT INTO `data_group_sharing` (`share_id`, `uid`, `contact_uid`, `nid`, `direction`) VALUES
(1, 86, 87, 14, 0),
(2, 86, 87, 4, 0),
(3, 86, 87, 6, 0),
(4, 86, 87, 10, 0),
(5, 86, 87, 3, 0),
(6, 86, 87, 8, 0),
(7, 86, 87, 2, 0),
(51, 111, 102, 14, 0),
(9, 86, 87, 13, 0),
(10, 88, 86, 14, 0),
(11, 88, 86, 4, 0),
(12, 88, 86, 6, 0),
(13, 88, 86, 10, 0),
(14, 88, 86, 3, 0),
(15, 88, 86, 12, 0),
(16, 88, 86, 2, 0),
(17, 88, 86, 11, 0),
(18, 88, 86, 13, 0),
(19, 101, 94, 14, 0),
(20, 101, 94, 4, 0),
(21, 101, 94, 6, 0),
(22, 101, 94, 10, 0),
(23, 101, 94, 3, 0),
(24, 101, 94, 8, 0),
(25, 101, 94, 9, 0),
(26, 101, 94, 7, 0),
(27, 101, 94, 5, 0),
(28, 101, 102, 14, 0),
(29, 101, 102, 6, 0),
(30, 88, 86, 5, 0),
(31, 74, 104, 14, 0),
(32, 74, 104, 4, 0),
(33, 104, 101, 14, 0),
(34, 104, 101, 4, 0),
(35, 104, 101, 6, 0),
(36, 104, 94, 4, 0),
(37, 104, 94, 10, 0),
(38, 106, 104, 14, 0),
(39, 106, 104, 4, 0),
(40, 100, 86, 14, 0),
(41, 100, 86, 4, 0),
(42, 100, 86, 2, 0),
(43, 100, 87, 14, 0),
(44, 100, 87, 4, 0),
(45, 100, 87, 10, 0),
(46, 100, 87, 2, 0),
(47, 86, 87, 9, 0),
(48, 86, 100, 14, 0),
(49, 86, 100, 4, 0),
(50, 86, 100, 5, 0),
(52, 111, 102, 4, 0),
(53, 111, 102, 6, 0),
(54, 111, 102, 10, 0);

-- --------------------------------------------------------

--
-- Table structure for table `files`
--

CREATE TABLE IF NOT EXISTS `files` (
  `fid` int(10) unsigned NOT NULL AUTO_INCREMENT,
  `uid` int(10) unsigned NOT NULL DEFAULT '0',
  `filename` varchar(255) NOT NULL DEFAULT '',
  `filepath` varchar(255) NOT NULL DEFAULT '',
  `filemime` varchar(255) NOT NULL DEFAULT '',
  `filesize` int(10) unsigned NOT NULL DEFAULT '0',
  `status` int(11) NOT NULL DEFAULT '0',
  `timestamp` int(10) unsigned NOT NULL DEFAULT '0',
  PRIMARY KEY (`fid`),
  KEY `uid` (`uid`),
  KEY `status` (`status`),
  KEY `timestamp` (`timestamp`)
) ENGINE=MyISAM  DEFAULT CHARSET=utf8 AUTO_INCREMENT=141 ;

--
-- Dumping data for table `files`
--

INSERT INTO `files` (`fid`, `uid`, `filename`, `filepath`, `filemime`, `filesize`, `status`, `timestamp`) VALUES
(1, 1, 'Test.docx', 'sites/default/files/webform/cv/Test_6.docx', 'application/vnd.openxmlformats-officedocument.wordprocessingml.document', 259469, 1, 1342611111),
(72, 86, 'insurance_delete.jpg', 'sites/default/files/webform/policy/insurance_delete.jpg', 'image/jpeg', 84740, 1, 1346917369),
(71, 86, 'Financial.jpg', 'sites/default/files/webform/photo-home-registry/Financial.jpg', 'image/jpeg', 74247, 1, 1346917133),
(3, 87, 'Test.docx', 'sites/default/files/webform/recommendation_letter/Test_6.docx', 'application/vnd.openxmlformats-officedocument.wordprocessingml.document', 259469, 1, 1342611111),
(5, 1, 'employment_info_letters_of_recommendation_tpl.csv', 'sites/default/files/imports/employment_info_letters_of_recommendation_tpl.csv', 'text/csv', 101, 0, 1342615445),
(6, 1, 'expenses_tpl.csv', 'sites/default/files/imports/expenses_tpl.csv', 'text/csv', 211, 0, 1342615464),
(7, 1, 'favorites_tpl.csv', 'sites/default/files/imports/favorites_tpl.csv', 'text/csv', 221, 0, 1342615489),
(8, 1, 'financial_tpl.csv', 'sites/default/files/imports/financial_tpl.csv', 'text/csv', 81, 0, 1342615547),
(9, 1, 'financial_bank_account_tpl.csv', 'sites/default/files/imports/financial_bank_account_tpl.csv', 'text/csv', 79, 0, 1342615576),
(10, 1, 'financial_credit_debit_cards_tpl.csv', 'sites/default/files/imports/financial_credit_debit_cards_tpl.csv', 'text/csv', 136, 0, 1342615594),
(11, 1, 'financial_credit_scores_tpl.csv', 'sites/default/files/imports/financial_credit_scores_tpl.csv', 'text/csv', 65, 0, 1342615699),
(12, 1, 'financial_loans_tpl.csv', 'sites/default/files/imports/financial_loans_tpl.csv', 'text/csv', 91, 0, 1342615723),
(13, 1, 'government_id_tpl.csv', 'sites/default/files/imports/government_id_tpl.csv', 'text/csv', 282, 0, 1342615757),
(14, 1, 'home_registry_tpl.csv', 'sites/default/files/imports/home_registry_tpl.csv', 'text/csv', 144, 0, 1342615819),
(15, 1, 'insurance_and_car_registration_tpl.csv', 'sites/default/files/imports/insurance_and_car_registration_tpl.csv', 'text/csv', 260, 0, 1342615849),
(16, 1, 'maintenance_and_recalls_tpl.csv', 'sites/default/files/imports/maintenance_and_recalls_tpl.csv', 'text/csv', 178, 0, 1342615870),
(17, 1, 'medical_history_tpl.csv', 'sites/default/files/imports/medical_history_tpl.csv', 'text/csv', 223, 0, 1342615902),
(18, 1, 'medical_history_implants_tpl.csv', 'sites/default/files/imports/medical_history_implants_tpl.csv', 'text/csv', 110, 0, 1342615919),
(19, 1, 'medical_history_surgeries_tpl.csv', 'sites/default/files/imports/medical_history_surgeries_tpl.csv', 'text/csv', 90, 0, 1342615951),
(20, 1, 'personal_data_tpl.csv', 'sites/default/files/imports/personal_data_tpl.csv', 'text/csv', 187, 0, 1342615991),
(21, 1, 'product_&_warranties_tpl.csv', 'sites/default/files/imports/product_&_warranties_tpl.csv', 'text/csv', 288, 0, 1342616013),
(22, 1, 'websites_tpl.csv', 'sites/default/files/imports/websites_tpl.csv', 'text/csv', 218, 0, 1342616036),
(23, 1, 'contact_info_tpl.csv', 'sites/default/files/imports/contact_info_tpl.csv', 'text/csv', 400, 0, 1342616522),
(24, 1, 'contact_info_telephone_tpl.csv', 'sites/default/files/imports/contact_info_telephone_tpl.csv', 'text/csv', 249, 0, 1342616537),
(25, 1, 'employment_info_tpl.csv', 'sites/default/files/imports/employment_info_tpl.csv', 'text/csv', 370, 0, 1342616567),
(26, 1, 'Test file.docx', 'sites/default/files/webform/cv/Test file.docx', 'application/vnd.openxmlformats-officedocument.wordprocessingml.document', 15413, 1, 1343810174),
(27, 1, 'Test file.docx', 'sites/default/files/webform/recommendation_letter/Test file.docx', 'application/vnd.openxmlformats-officedocument.wordprocessingml.document', 15413, 1, 1343810486),
(28, 91, 'dualscreenwall16.jpg', 'sites/default/files/webform/cv/dualscreenwall16.jpg', 'image/jpeg', 107944, 0, 1343822124),
(29, 91, 'Test.docx', 'sites/default/files/webform/recommendation_letter/Test.docx', 'application/vnd.openxmlformats-officedocument.wordprocessingml.document', 259469, 1, 1343822721),
(30, 91, 'Test.docx', 'sites/default/files/webform/recommendation_letter/Test_0.docx', 'application/vnd.openxmlformats-officedocument.wordprocessingml.document', 259469, 1, 1343823079),
(31, 91, '131ML34562230-3K01.jpg', 'sites/default/files/webform/photo_gov_id/131ML34562230-3K01.jpg', 'image/jpeg', 366223, 0, 1343887581),
(32, 91, 'Daily.xlsx', 'sites/default/files/webform/photo-home-registry/Daily.xlsx', 'application/vnd.openxmlformats-officedocument.spreadsheetml.sheet', 38206, 1, 1343888286),
(33, 91, '537677_10150848200487213_1601604573_n.jpg', 'sites/default/files/webform/policy/537677_10150848200487213_1601604573_n.jpg', 'image/jpeg', 35892, 1, 1343889104),
(34, 91, 'glass-apples-abstract-5808.jpg', 'sites/default/files/webform/glass-apples-abstract-5808.jpg', 'image/jpeg', 84200, 1, 1343894204),
(35, 1, 'contact_info_telephone_tpl.csv', 'sites/default/files/imports/contact_info_telephone_tpl.csv', 'text/csv', 249, 0, 1344255463),
(36, 1, 'contact_info_telephone_tpl.csv', 'sites/default/files/imports/contact_info_telephone_tpl.csv', 'text/csv', 249, 0, 1344256553),
(37, 1, 'contact_info_tpl.csv', 'sites/default/files/imports/contact_info_tpl.csv', 'text/csv', 498, 0, 1344256703),
(38, 1, 'employment_info_tpl.csv', 'sites/default/files/imports/employment_info_tpl.csv', 'text/csv', 453, 0, 1344256905),
(39, 1, 'contact_info_telephone_tpl.csv', 'sites/default/files/imports/contact_info_telephone_tpl.csv', 'text/csv', 249, 0, 1344355400),
(40, 1, 'expenses_tpl.csv', 'sites/default/files/imports/expenses_tpl.csv', 'text/csv', 256, 0, 1344355593),
(41, 1, 'contact_info_tpl.csv', 'sites/default/files/imports/contact_info_tpl.csv', 'text/csv', 594, 0, 1344448875),
(42, 1, 'contact_info_tpl.csv', 'sites/default/files/imports/contact_info_tpl.csv', 'text/csv', 594, 0, 1344448960),
(43, 1, 'employment_info_tpl.csv', 'sites/default/files/imports/employment_info_tpl.csv', 'text/csv', 532, 0, 1344449310),
(44, 1, 'contact_info_tpl.csv', 'sites/default/files/imports/contact_info_tpl.csv', 'text/csv', 594, 0, 1344450872),
(45, 1, 'favorites_tpl.csv', 'sites/default/files/imports/favorites_tpl.csv', 'text/csv', 268, 0, 1344450898),
(46, 1, 'financial_tpl.csv', 'sites/default/files/imports/financial_tpl.csv', 'text/csv', 124, 0, 1344450986),
(47, 1, 'financial_bank_account_tpl.csv', 'sites/default/files/imports/financial_bank_account_tpl.csv', 'text/csv', 79, 0, 1344451023),
(48, 1, 'financial_credit_debit_cards_tpl.csv', 'sites/default/files/imports/financial_credit_debit_cards_tpl.csv', 'text/csv', 136, 0, 1344451037),
(49, 1, 'financial_credit_scores_tpl.csv', 'sites/default/files/imports/financial_credit_scores_tpl.csv', 'text/csv', 65, 0, 1344451057),
(50, 1, 'financial_loans_tpl.csv', 'sites/default/files/imports/financial_loans_tpl.csv', 'text/csv', 91, 0, 1344451071),
(51, 1, 'government_id_tpl.csv', 'sites/default/files/imports/government_id_tpl.csv', 'text/csv', 342, 0, 1344451152),
(52, 1, 'home_registry_tpl.csv', 'sites/default/files/imports/home_registry_tpl.csv', 'text/csv', 173, 0, 1344451291),
(53, 1, 'insurance_and_car_registration_tpl.csv', 'sites/default/files/imports/insurance_and_car_registration_tpl.csv', 'text/csv', 391, 0, 1344451367),
(54, 1, 'maintenance_and_recalls_tpl.csv', 'sites/default/files/imports/maintenance_and_recalls_tpl.csv', 'text/csv', 253, 0, 1344451438),
(55, 1, 'medical_history_tpl.csv', 'sites/default/files/imports/medical_history_tpl.csv', 'text/csv', 318, 0, 1344451531),
(56, 1, 'personal_data_tpl.csv', 'sites/default/files/imports/personal_data_tpl.csv', 'text/csv', 276, 0, 1344451604),
(57, 1, 'product_&_warranties_tpl.csv', 'sites/default/files/imports/product_&_warranties_tpl.csv', 'text/csv', 408, 0, 1344451681),
(58, 1, 'websites_tpl.csv', 'sites/default/files/imports/websites_tpl.csv', 'text/csv', 317, 0, 1344451751),
(59, 1, 'RMI_Data_Groups_SAMPLE_CSV_DATA.zip', 'sites/default/files/imports/RMI_Data_Groups_SAMPLE_CSV_DATA.zip', 'application/zip', 17504, 0, 1345253072),
(60, 1, 'REGISTER MY INFO Data Groups 1 2 (2).xlsx', 'sites/default/files/imports/REGISTER MY INFO Data Groups 1 2 (2).xlsx', 'application/vnd.openxmlformats-officedocument.spreadsheetml.sheet', 14877, 0, 1345253224),
(61, 1, 'contact_info_telephone_tpl.csv', 'sites/default/files/imports/contact_info_telephone_tpl.csv', 'text/csv', 249, 0, 1345473729),
(62, 1, 'employment_info_letters_of_recommendation_tpl.csv', 'sites/default/files/imports/employment_info_letters_of_recommendation_tpl.csv', 'text/csv', 101, 0, 1345473773),
(63, 1, 'expenses_tpl.csv', 'sites/default/files/imports/expenses_tpl.csv', 'text/csv', 211, 0, 1345473847),
(64, 102, 'Test.docx', 'sites/default/files/webform/cv/Test.docx', 'application/vnd.openxmlformats-officedocument.wordprocessingml.document', 259469, 1, 1346419251),
(87, 86, 'Test file.docx', 'sites/default/files/webform/recommendation_letter/Test file_2.docx', 'application/vnd.openxmlformats-officedocument.wordprocessingml.document', 15413, 0, 1348651452),
(66, 102, 'a.bmp', 'sites/default/files/webform/photo_gov_id/a.bmp', 'image/x-ms-bmp', 151374, 0, 1346419456),
(67, 102, 'a.bmp', 'sites/default/files/webform/photo-home-registry/a.bmp', 'image/x-ms-bmp', 151374, 1, 1346419496),
(68, 102, 'dualscreenwall16.jpg', 'sites/default/files/webform/policy/dualscreenwall16.jpg', 'image/jpeg', 107944, 1, 1346419626),
(78, 1, 'contact_info_tpl.csv', 'sites/default/files/imports/contact_info_tpl.csv', 'text/csv', 1198, 0, 1347254234),
(70, 86, 'Financial.jpg', 'sites/default/files/webform/photo_gov_id/Financial.jpg', 'image/jpeg', 74247, 1, 1346917036),
(73, 86, 'RMI Web Deliverable Release Notes_September 03, 2012.doc', 'sites/default/files/webform/RMI Web Deliverable Release Notes_September 03, 2012.doc', 'application/msword', 38400, 1, 1346917750),
(81, 1, 'Test file.docx', 'sites/default/files/webform/cv/Test file_0.docx', 'application/vnd.openxmlformats-officedocument.wordprocessingml.document', 15413, 1, 1348473820),
(82, 1, 'Test.docx', 'sites/default/files/webform/cv/Test_0.docx', 'application/vnd.openxmlformats-officedocument.wordprocessingml.document', 259469, 1, 1348578970),
(83, 1, 'Test file.docx', 'sites/default/files/webform/recommendation_letter/Test file_0.docx', 'application/vnd.openxmlformats-officedocument.wordprocessingml.document', 15413, 0, 1348579024),
(84, 1, 'Test file.docx', 'sites/default/files/webform/recommendation_letter/Test file_1.docx', 'application/vnd.openxmlformats-officedocument.wordprocessingml.document', 15413, 0, 1348645656),
(85, 86, 'Test file.docx', 'sites/default/files/webform/cv/Test file_1.docx', 'application/vnd.openxmlformats-officedocument.wordprocessingml.document', 15413, 1, 1348646151),
(86, 102, 'Test.docx', 'sites/default/files/webform/cv/Test_1.docx', 'application/vnd.openxmlformats-officedocument.wordprocessingml.document', 259469, 1, 1348649167),
(88, 102, 'Testdoc.doc', 'sites/default/files/webform/cv/Testdoc.doc', 'application/msword', 283648, 1, 1348652019),
(90, 102, 'Testdoc.doc', 'sites/default/files/webform/cv/Testdoc_0.doc', 'application/msword', 283648, 1, 1348652476),
(104, 86, 'Test file.docx', 'sites/default/files/webform/cv/Test file_3.docx', 'application/vnd.openxmlformats-officedocument.wordprocessingml.document', 15413, 1, 1348659384),
(103, 86, 'Test file.docx', 'sites/default/files/webform/recommendation_letter/Test file_5.docx', 'application/vnd.openxmlformats-officedocument.wordprocessingml.document', 15413, 0, 1348657889),
(92, 86, 'Test file.docx', 'sites/default/files/webform/recommendation_letter/Test file_3.docx', 'application/vnd.openxmlformats-officedocument.wordprocessingml.document', 15413, 0, 1348652939),
(93, 86, 'Test file.docx', 'sites/default/files/webform/cv/Test file_2.docx', 'application/vnd.openxmlformats-officedocument.wordprocessingml.document', 15413, 1, 1348652988),
(96, 102, 'Testdoc.doc', 'sites/default/files/webform/cv/Testdoc_1.doc', 'application/msword', 283648, 1, 1348656084),
(98, 102, 'Test.docx', 'sites/default/files/webform/recommendation_letter/Test_2.docx', 'application/vnd.openxmlformats-officedocument.wordprocessingml.document', 259469, 0, 1348656344),
(99, 102, 'Test.docx', 'sites/default/files/webform/recommendation_letter/Test_3.docx', 'application/vnd.openxmlformats-officedocument.wordprocessingml.document', 259469, 0, 1348656375),
(100, 102, 'Testdoc.doc', 'sites/default/files/webform/cv/Testdoc_2.doc', 'application/msword', 283648, 1, 1348656393),
(101, 102, 'Testdoc.doc', 'sites/default/files/webform/recommendation_letter/Testdoc.doc', 'application/msword', 283648, 0, 1348656448),
(129, 86, 'Test file.docx', 'sites/default/files/webform/recommendation_letter/Test file_4.docx', 'application/vnd.openxmlformats-officedocument.wordprocessingml.document', 15413, 0, 1348731686),
(106, 86, 'Test file.docx', 'sites/default/files/webform/cv/Test file_4.docx', 'application/vnd.openxmlformats-officedocument.wordprocessingml.document', 15413, 1, 1348659593),
(123, 86, 'Test file.docx', 'sites/default/files/webform/recommendation_letter/Test file_6.docx', 'application/vnd.openxmlformats-officedocument.wordprocessingml.document', 15413, 0, 1348662664),
(108, 102, 'Test.docx', 'sites/default/files/webform/cv/Test_2.docx', 'application/vnd.openxmlformats-officedocument.wordprocessingml.document', 259469, 1, 1348659811),
(109, 102, 'Testdoc.doc', 'sites/default/files/webform/recommendation_letter/Testdoc_0.doc', 'application/msword', 283648, 0, 1348659922),
(110, 102, 'Test.docx', 'sites/default/files/webform/cv/Test_3.docx', 'application/vnd.openxmlformats-officedocument.wordprocessingml.document', 259469, 1, 1348660136),
(111, 102, 'Testdoc.doc', 'sites/default/files/webform/recommendation_letter/Testdoc_1.doc', 'application/msword', 283648, 0, 1348660327),
(112, 102, 'Test.docx', 'sites/default/files/webform/cv/Test_4.docx', 'application/vnd.openxmlformats-officedocument.wordprocessingml.document', 259469, 1, 1348660364),
(119, 102, 'Testdoc.doc', 'sites/default/files/webform/recommendation_letter/Testdoc_2.doc', 'application/msword', 283648, 0, 1348662172),
(127, 102, 'Test.docx', 'sites/default/files/webform/cv/Test_7.docx', 'application/vnd.openxmlformats-officedocument.wordprocessingml.document', 259469, 1, 1348667100),
(120, 102, 'Test.docx', 'sites/default/files/webform/recommendation_letter/Test_1.docx', 'application/vnd.openxmlformats-officedocument.wordprocessingml.document', 259469, 0, 1348662410),
(126, 102, 'Test.docx', 'sites/default/files/webform/cv/Test_5.docx', 'application/vnd.openxmlformats-officedocument.wordprocessingml.document', 259469, 1, 1348665911),
(125, 86, 'Test.docx', 'sites/default/files/webform/recommendation_letter/Test_5.docx', 'application/vnd.openxmlformats-officedocument.wordprocessingml.document', 259469, 0, 1348664041),
(133, 102, 'Test.docx', 'sites/default/files/webform/recommendation_letter/Test_4.docx', 'application/vnd.openxmlformats-officedocument.wordprocessingml.document', 259469, 0, 1348732243),
(134, 102, '557468_4082908987492_1492190637_n.jpg', 'sites/default/files/webform/recommendation_letter/557468_4082908987492_1492190637_n.jpg', 'image/jpeg', 23003, 0, 1348732711),
(137, 88, 'test.docx', 'sites/default/files/webform/recommendation_letter/test_6.docx', 'application/vnd.openxmlformats-officedocument.wordprocessingml.document', 0, 0, 1348748462),
(136, 88, 'RMI Web Deliverable Release Notes_September 03, 2012.doc', 'sites/default/files/webform/cv/RMI Web Deliverable Release Notes_September 03, 2012.doc', 'application/msword', 38400, 1, 1348748432),
(138, 88, 'RMI Web Deliverable Release Notes_September 03, 2012.doc', 'sites/default/files/webform/recommendation_letter/RMI Web Deliverable Release Notes_September 03, 2012.doc', 'application/msword', 38400, 0, 1348748495),
(139, 88, 'insurance_delete.jpg', 'sites/default/files/webform/insurance_delete.jpg', 'image/jpeg', 84740, 0, 1348748655);

-- --------------------------------------------------------

--
-- Table structure for table `filters`
--

CREATE TABLE IF NOT EXISTS `filters` (
  `fid` int(11) NOT NULL AUTO_INCREMENT,
  `format` int(11) NOT NULL DEFAULT '0',
  `module` varchar(64) NOT NULL DEFAULT '',
  `delta` tinyint(4) NOT NULL DEFAULT '0',
  `weight` tinyint(4) NOT NULL DEFAULT '0',
  PRIMARY KEY (`fid`),
  UNIQUE KEY `fmd` (`format`,`module`,`delta`),
  KEY `list` (`format`,`weight`,`module`,`delta`)
) ENGINE=MyISAM  DEFAULT CHARSET=utf8 AUTO_INCREMENT=8 ;

--
-- Dumping data for table `filters`
--

INSERT INTO `filters` (`fid`, `format`, `module`, `delta`, `weight`) VALUES
(1, 1, 'filter', 2, 0),
(2, 1, 'filter', 0, 1),
(3, 1, 'filter', 1, 2),
(4, 1, 'filter', 3, 10),
(5, 2, 'filter', 2, 0),
(6, 2, 'filter', 1, 1),
(7, 2, 'filter', 3, 10);

-- --------------------------------------------------------

--
-- Table structure for table `filter_formats`
--

CREATE TABLE IF NOT EXISTS `filter_formats` (
  `format` int(11) NOT NULL AUTO_INCREMENT,
  `name` varchar(255) NOT NULL DEFAULT '',
  `roles` varchar(255) NOT NULL DEFAULT '',
  `cache` tinyint(4) NOT NULL DEFAULT '0',
  PRIMARY KEY (`format`),
  UNIQUE KEY `name` (`name`)
) ENGINE=MyISAM  DEFAULT CHARSET=utf8 AUTO_INCREMENT=3 ;

--
-- Dumping data for table `filter_formats`
--

INSERT INTO `filter_formats` (`format`, `name`, `roles`, `cache`) VALUES
(1, 'Filtered HTML', ',1,2,', 1),
(2, 'Full HTML', '', 1);

-- --------------------------------------------------------

--
-- Table structure for table `flood`
--

CREATE TABLE IF NOT EXISTS `flood` (
  `fid` int(11) NOT NULL AUTO_INCREMENT,
  `event` varchar(64) NOT NULL DEFAULT '',
  `hostname` varchar(128) NOT NULL DEFAULT '',
  `timestamp` int(11) NOT NULL DEFAULT '0',
  PRIMARY KEY (`fid`),
  KEY `allow` (`event`,`hostname`,`timestamp`)
) ENGINE=MyISAM DEFAULT CHARSET=utf8 AUTO_INCREMENT=1 ;

--
-- Dumping data for table `flood`
--


-- --------------------------------------------------------

--
-- Table structure for table `history`
--

CREATE TABLE IF NOT EXISTS `history` (
  `uid` int(11) NOT NULL DEFAULT '0',
  `nid` int(11) NOT NULL DEFAULT '0',
  `timestamp` int(11) NOT NULL DEFAULT '0',
  PRIMARY KEY (`uid`,`nid`),
  KEY `nid` (`nid`)
) ENGINE=MyISAM DEFAULT CHARSET=utf8;

--
-- Dumping data for table `history`
--

INSERT INTO `history` (`uid`, `nid`, `timestamp`) VALUES
(1, 1, 1340106215),
(1, 2, 1346153247),
(1, 3, 1348032790),
(1, 4, 1348578937),
(1, 5, 1348035064),
(1, 6, 1347052575),
(1, 7, 1345877223),
(1, 8, 1345876774),
(1, 9, 1346415534),
(1, 10, 1345876721),
(1, 11, 1345877263),
(1, 12, 1346395844),
(1, 13, 1347052510),
(1, 14, 1348479968),
(7, 10, 1340283597),
(5, 10, 1340283641),
(8, 4, 1340805892),
(8, 13, 1340890960),
(12, 2, 1341207587),
(12, 3, 1341207638),
(12, 4, 1341207836),
(13, 4, 1341930405),
(14, 9, 1341312009),
(14, 14, 1341401273),
(14, 12, 1341316914),
(15, 13, 1341320187),
(15, 14, 1341379832),
(15, 2, 1341320759),
(15, 12, 1341322542),
(15, 5, 1341323045),
(20, 14, 1341466240),
(20, 4, 1341404498),
(20, 12, 1341466988),
(20, 11, 1341465931),
(20, 10, 1341466261),
(20, 7, 1341466290),
(20, 8, 1341466440),
(20, 6, 1341466526),
(20, 9, 1341466629),
(20, 3, 1341466905),
(20, 2, 1341466814),
(20, 5, 1341466865),
(20, 13, 1341466964),
(36, 6, 1341578320),
(37, 6, 1341577582),
(39, 14, 1341920364),
(39, 13, 1341899610),
(39, 12, 1341899418),
(39, 11, 1341899057),
(39, 10, 1341902333),
(39, 9, 1341898269),
(39, 8, 1341897954),
(39, 6, 1341902139),
(39, 5, 1341897419),
(39, 4, 1341819871),
(39, 3, 1341901766),
(39, 2, 1341896962),
(39, 7, 1341901252),
(70, 4, 1341923526),
(70, 3, 1341991285),
(70, 5, 1341923991),
(70, 8, 1341924363),
(70, 10, 1341924478),
(70, 12, 1341924602),
(70, 13, 1341924917),
(70, 14, 1341999055),
(71, 9, 1341991203),
(71, 14, 1341935993),
(71, 2, 1341935921),
(71, 3, 1341936644),
(71, 6, 1341938157),
(71, 7, 1341991209),
(71, 4, 1341990514),
(70, 6, 1341990940),
(70, 7, 1341992879),
(71, 11, 1341991219),
(70, 9, 1341997888),
(70, 11, 1341999478),
(74, 11, 1342016235),
(77, 6, 1342085928),
(74, 3, 1342012065),
(74, 6, 1342015988),
(77, 4, 1342078314),
(79, 14, 1342067783),
(79, 13, 1342068044),
(79, 12, 1342068193),
(79, 11, 1342068339),
(79, 10, 1342068452),
(79, 9, 1342068782),
(79, 8, 1342068692),
(79, 7, 1342068839),
(79, 6, 1342068850),
(79, 5, 1342068910),
(79, 4, 1342075794),
(79, 3, 1342069792),
(79, 2, 1342069899),
(74, 4, 1342073526),
(81, 14, 1342071662),
(81, 13, 1342071663),
(81, 12, 1342071664),
(81, 4, 1342071889),
(81, 3, 1342072159),
(81, 2, 1342072229),
(81, 10, 1342072275),
(81, 9, 1342073755),
(81, 8, 1342072440),
(81, 7, 1342072356),
(1, 15, 1348645629),
(77, 15, 1342077004),
(79, 15, 1342197408),
(77, 14, 1342445071),
(77, 11, 1342076882),
(77, 8, 1342076885),
(77, 7, 1342076897),
(77, 9, 1342076899),
(77, 3, 1342085929),
(77, 5, 1342078382),
(74, 15, 1342160189),
(86, 15, 1348731537),
(1, 17, 1347052350),
(1, 18, 1347052352),
(1, 19, 1343801175),
(1, 20, 1348032858),
(88, 14, 1346934482),
(91, 14, 1343990533),
(91, 4, 1343822772),
(91, 15, 1343892264),
(91, 6, 1343881777),
(91, 10, 1343881911),
(91, 3, 1343884569),
(91, 8, 1343887581),
(91, 12, 1343888245),
(91, 9, 1343889057),
(91, 7, 1343889415),
(91, 5, 1343891620),
(91, 2, 1343892985),
(91, 11, 1343894173),
(91, 13, 1343894637),
(92, 5, 1343986826),
(92, 14, 1343990299),
(86, 14, 1348743877),
(93, 15, 1344230974),
(92, 15, 1344231676),
(94, 15, 1344249178),
(95, 15, 1344236160),
(95, 18, 1344236902),
(86, 20, 1344239680),
(94, 14, 1344248325),
(96, 15, 1344249225),
(1, 21, 1347348976),
(97, 21, 1344251190),
(99, 21, 1344255024),
(103, 21, 1344327138),
(103, 14, 1347052690),
(103, 4, 1347245527),
(105, 21, 1344336992),
(112, 21, 1348117264),
(103, 15, 1347248296),
(113, 21, 1344401205),
(113, 14, 1346244615),
(113, 4, 1346406082),
(113, 6, 1345198624),
(113, 10, 1345198651),
(113, 8, 1345199069),
(113, 12, 1345199542),
(113, 13, 1345202734),
(113, 9, 1346406661),
(113, 7, 1345200005),
(113, 5, 1346389567),
(113, 2, 1345702804),
(113, 11, 1345202593),
(103, 3, 1344859608),
(112, 3, 1344859959),
(112, 4, 1344860784),
(112, 12, 1344861071),
(112, 7, 1344861085),
(112, 6, 1344861105),
(112, 10, 1344861128),
(101, 14, 1345009288),
(101, 4, 1346415722),
(101, 6, 1345010313),
(101, 10, 1345010341),
(101, 3, 1345010519),
(101, 8, 1345010611),
(101, 12, 1345010663),
(101, 9, 1345010864),
(101, 7, 1345010873),
(101, 5, 1345010894),
(101, 2, 1345011203),
(101, 13, 1345011233),
(113, 3, 1346405573),
(113, 15, 1346245218),
(121, 21, 1345194717),
(121, 14, 1345196425),
(121, 4, 1345197038),
(122, 21, 1345197500),
(122, 20, 1345197518),
(122, 18, 1345197519),
(123, 21, 1345197605),
(123, 18, 1345197934),
(123, 17, 1345197937),
(123, 20, 1345197940),
(123, 15, 1345197956),
(1, 22, 1347003083),
(1, 23, 1345204531),
(124, 21, 1345727329),
(125, 21, 1345727523),
(113, 20, 1345803221),
(113, 18, 1345803226),
(116, 4, 1345804235),
(126, 21, 1345804693),
(126, 12, 1345804837),
(126, 9, 1345883142),
(126, 5, 1345811410),
(126, 11, 1345811811),
(126, 4, 1345808210),
(126, 14, 1345884899),
(116, 15, 1345808189),
(116, 14, 1345808721),
(126, 6, 1345809725),
(126, 10, 1345809808),
(126, 3, 1345885075),
(126, 8, 1345810730),
(126, 7, 1345811293),
(126, 2, 1345811769),
(126, 13, 1345812073),
(127, 14, 1346304100),
(127, 4, 1346304268),
(127, 20, 1346304329),
(127, 15, 1346304314),
(127, 18, 1346304332),
(127, 17, 1346304338),
(127, 13, 1346306196),
(113, 17, 1346318760),
(129, 14, 1346327343),
(129, 15, 1346386867),
(129, 20, 1346327102),
(129, 17, 1346327515),
(129, 18, 1346327507),
(129, 4, 1346327537),
(129, 6, 1346386884),
(129, 10, 1346386942),
(129, 3, 1346387000),
(129, 2, 1346387353),
(129, 8, 1346387401),
(113, 23, 1346415287),
(113, 22, 1346415292),
(102, 14, 1348134897),
(102, 4, 1348667066),
(102, 6, 1346419324),
(102, 10, 1346419351),
(102, 3, 1346419381),
(102, 8, 1346419456),
(102, 12, 1346419484),
(102, 9, 1346419516),
(102, 11, 1346419715),
(102, 2, 1346419717),
(102, 5, 1346419718),
(102, 13, 1346419719),
(102, 7, 1346419723),
(102, 15, 1348748257),
(107, 21, 1346676672),
(108, 21, 1346704541),
(109, 21, 1346738060),
(109, 15, 1346739151),
(107, 15, 1346820673),
(109, 11, 1346925342),
(109, 9, 1346934786),
(109, 8, 1346935236),
(109, 6, 1346935511),
(109, 3, 1346935530),
(88, 15, 1347013370),
(88, 3, 1346996532),
(88, 9, 1347889011),
(88, 5, 1346997405),
(88, 11, 1348748655),
(88, 12, 1347889877),
(88, 20, 1347013378),
(103, 10, 1347052769),
(103, 12, 1347052799),
(103, 5, 1347052919),
(103, 8, 1347053055),
(110, 21, 1347135925),
(110, 14, 1347135951),
(110, 15, 1347136877),
(110, 10, 1347135993),
(110, 5, 1347136012),
(110, 17, 1347136027),
(110, 18, 1347136867),
(110, 20, 1347136872),
(109, 14, 1347348801),
(86, 5, 1348036416),
(1, 24, 1347883720),
(86, 24, 1348663485),
(88, 8, 1347889836),
(86, 4, 1348748828),
(88, 4, 1348655866),
(86, 10, 1348748235),
(86, 11, 1348748479);

-- --------------------------------------------------------

--
-- Table structure for table `menu_custom`
--

CREATE TABLE IF NOT EXISTS `menu_custom` (
  `menu_name` varchar(32) NOT NULL DEFAULT '',
  `title` varchar(255) NOT NULL DEFAULT '',
  `description` text,
  PRIMARY KEY (`menu_name`)
) ENGINE=MyISAM DEFAULT CHARSET=utf8;

--
-- Dumping data for table `menu_custom`
--

INSERT INTO `menu_custom` (`menu_name`, `title`, `description`) VALUES
('navigation', 'Navigation', 'The navigation menu is provided by Drupal and is the main interactive menu for any site. It is usually the only menu that contains personalized links for authenticated users, and is often not even visible to anonymous users.'),
('primary-links', 'Primary links', 'Primary links are often used at the theme layer to show the major sections of a site. A typical representation for primary links would be tabs along the top.'),
('secondary-links', 'Secondary links', 'Secondary links are often used for pages like legal notices, contact details, and other secondary navigation items that play a lesser role than primary links'),
('menu-my-account-nav', 'My Account menu', 'Used for my account navigation');

-- --------------------------------------------------------

--
-- Table structure for table `menu_links`
--

CREATE TABLE IF NOT EXISTS `menu_links` (
  `menu_name` varchar(32) NOT NULL DEFAULT '',
  `mlid` int(10) unsigned NOT NULL AUTO_INCREMENT,
  `plid` int(10) unsigned NOT NULL DEFAULT '0',
  `link_path` varchar(255) NOT NULL DEFAULT '',
  `router_path` varchar(255) NOT NULL DEFAULT '',
  `link_title` varchar(255) NOT NULL DEFAULT '',
  `options` text,
  `module` varchar(255) NOT NULL DEFAULT 'system',
  `hidden` smallint(6) NOT NULL DEFAULT '0',
  `external` smallint(6) NOT NULL DEFAULT '0',
  `has_children` smallint(6) NOT NULL DEFAULT '0',
  `expanded` smallint(6) NOT NULL DEFAULT '0',
  `weight` int(11) NOT NULL DEFAULT '0',
  `depth` smallint(6) NOT NULL DEFAULT '0',
  `customized` smallint(6) NOT NULL DEFAULT '0',
  `p1` int(10) unsigned NOT NULL DEFAULT '0',
  `p2` int(10) unsigned NOT NULL DEFAULT '0',
  `p3` int(10) unsigned NOT NULL DEFAULT '0',
  `p4` int(10) unsigned NOT NULL DEFAULT '0',
  `p5` int(10) unsigned NOT NULL DEFAULT '0',
  `p6` int(10) unsigned NOT NULL DEFAULT '0',
  `p7` int(10) unsigned NOT NULL DEFAULT '0',
  `p8` int(10) unsigned NOT NULL DEFAULT '0',
  `p9` int(10) unsigned NOT NULL DEFAULT '0',
  `updated` smallint(6) NOT NULL DEFAULT '0',
  PRIMARY KEY (`mlid`),
  KEY `path_menu` (`link_path`(128),`menu_name`),
  KEY `menu_plid_expand_child` (`menu_name`,`plid`,`expanded`,`has_children`),
  KEY `menu_parents` (`menu_name`,`p1`,`p2`,`p3`,`p4`,`p5`,`p6`,`p7`,`p8`,`p9`),
  KEY `router_path` (`router_path`(128))
) ENGINE=MyISAM  DEFAULT CHARSET=utf8 AUTO_INCREMENT=270 ;

--
-- Dumping data for table `menu_links`
--

INSERT INTO `menu_links` (`menu_name`, `mlid`, `plid`, `link_path`, `router_path`, `link_title`, `options`, `module`, `hidden`, `external`, `has_children`, `expanded`, `weight`, `depth`, `customized`, `p1`, `p2`, `p3`, `p4`, `p5`, `p6`, `p7`, `p8`, `p9`, `updated`) VALUES
('navigation', 1, 0, 'batch', 'batch', '', 'a:0:{}', 'system', -1, 0, 0, 0, 0, 1, 0, 1, 0, 0, 0, 0, 0, 0, 0, 0, 0),
('navigation', 2, 0, 'admin', 'admin', 'Administer', 'a:0:{}', 'system', 0, 0, 1, 0, 9, 1, 0, 2, 0, 0, 0, 0, 0, 0, 0, 0, 0),
('navigation', 3, 0, 'node', 'node', 'Content', 'a:0:{}', 'system', -1, 0, 0, 0, 0, 1, 0, 3, 0, 0, 0, 0, 0, 0, 0, 0, 0),
('navigation', 4, 0, 'logout', 'logout', 'Log out', 'a:0:{}', 'system', 0, 0, 0, 0, 10, 1, 0, 4, 0, 0, 0, 0, 0, 0, 0, 0, 0),
('navigation', 5, 0, 'rss.xml', 'rss.xml', 'RSS feed', 'a:0:{}', 'system', -1, 0, 0, 0, 0, 1, 0, 5, 0, 0, 0, 0, 0, 0, 0, 0, 0),
('navigation', 6, 0, 'user', 'user', 'User account', 'a:0:{}', 'system', -1, 0, 0, 0, 0, 1, 0, 6, 0, 0, 0, 0, 0, 0, 0, 0, 0),
('navigation', 7, 0, 'node/%', 'node/%', '', 'a:0:{}', 'system', -1, 0, 0, 0, 0, 1, 0, 7, 0, 0, 0, 0, 0, 0, 0, 0, 0),
('navigation', 8, 2, 'admin/compact', 'admin/compact', 'Compact mode', 'a:0:{}', 'system', -1, 0, 0, 0, 0, 2, 0, 2, 8, 0, 0, 0, 0, 0, 0, 0, 0),
('navigation', 9, 0, 'filter/tips', 'filter/tips', 'Compose tips', 'a:0:{}', 'system', 1, 0, 0, 0, 0, 1, 0, 9, 0, 0, 0, 0, 0, 0, 0, 0, 0),
('navigation', 10, 2, 'admin/content', 'admin/content', 'Content management', 'a:1:{s:10:"attributes";a:1:{s:5:"title";s:27:"Manage your site''s content.";}}', 'system', 0, 0, 1, 0, -10, 2, 0, 2, 10, 0, 0, 0, 0, 0, 0, 0, 0),
('navigation', 11, 0, 'node/add', 'node/add', 'Create content', 'a:0:{}', 'system', 0, 0, 1, 0, 1, 1, 0, 11, 0, 0, 0, 0, 0, 0, 0, 0, 0),
('navigation', 12, 0, 'comment/delete', 'comment/delete', 'Delete comment', 'a:0:{}', 'system', -1, 0, 0, 0, 0, 1, 0, 12, 0, 0, 0, 0, 0, 0, 0, 0, 0),
('navigation', 13, 0, 'comment/edit', 'comment/edit', 'Edit comment', 'a:0:{}', 'system', -1, 0, 0, 0, 0, 1, 0, 13, 0, 0, 0, 0, 0, 0, 0, 0, 0),
('navigation', 14, 0, 'system/files', 'system/files', 'File download', 'a:0:{}', 'system', -1, 0, 0, 0, 0, 1, 0, 14, 0, 0, 0, 0, 0, 0, 0, 0, 0),
('navigation', 15, 2, 'admin/help', 'admin/help', 'Help', 'a:0:{}', 'system', 0, 0, 0, 0, 9, 2, 0, 2, 15, 0, 0, 0, 0, 0, 0, 0, 0),
('navigation', 16, 2, 'admin/reports', 'admin/reports', 'Reports', 'a:1:{s:10:"attributes";a:1:{s:5:"title";s:59:"View reports from system logs and other status information.";}}', 'system', 0, 0, 1, 0, 5, 2, 0, 2, 16, 0, 0, 0, 0, 0, 0, 0, 0),
('navigation', 17, 2, 'admin/build', 'admin/build', 'Site building', 'a:1:{s:10:"attributes";a:1:{s:5:"title";s:38:"Control how your site looks and feels.";}}', 'system', 0, 0, 1, 0, -10, 2, 0, 2, 17, 0, 0, 0, 0, 0, 0, 0, 0),
('navigation', 18, 2, 'admin/settings', 'admin/settings', 'Site configuration', 'a:1:{s:10:"attributes";a:1:{s:5:"title";s:40:"Adjust basic site configuration options.";}}', 'system', 0, 0, 1, 0, -5, 2, 0, 2, 18, 0, 0, 0, 0, 0, 0, 0, 0),
('navigation', 19, 0, 'user/autocomplete', 'user/autocomplete', 'User autocomplete', 'a:0:{}', 'system', -1, 0, 0, 0, 0, 1, 0, 19, 0, 0, 0, 0, 0, 0, 0, 0, 0),
('navigation', 20, 2, 'admin/user', 'admin/user', 'User management', 'a:1:{s:10:"attributes";a:1:{s:5:"title";s:61:"Manage your site''s users, groups and access to site features.";}}', 'system', 0, 0, 1, 0, 0, 2, 0, 2, 20, 0, 0, 0, 0, 0, 0, 0, 0),
('navigation', 21, 0, 'user/%', 'user/%', 'My account', 'a:0:{}', 'system', 0, 0, 0, 0, 0, 1, 0, 21, 0, 0, 0, 0, 0, 0, 0, 0, 0),
('navigation', 22, 20, 'admin/user/rules', 'admin/user/rules', 'Access rules', 'a:1:{s:10:"attributes";a:1:{s:5:"title";s:80:"List and create rules to disallow usernames, e-mail addresses, and IP addresses.";}}', 'system', 0, 0, 0, 0, 0, 3, 0, 2, 20, 22, 0, 0, 0, 0, 0, 0, 0),
('navigation', 23, 18, 'admin/settings/actions', 'admin/settings/actions', 'Actions', 'a:1:{s:10:"attributes";a:1:{s:5:"title";s:41:"Manage the actions defined for your site.";}}', 'system', 0, 0, 0, 0, 0, 3, 0, 2, 18, 23, 0, 0, 0, 0, 0, 0, 0),
('navigation', 24, 18, 'admin/settings/admin', 'admin/settings/admin', 'Administration theme', 'a:1:{s:10:"attributes";a:1:{s:5:"title";s:55:"Settings for how your administrative pages should look.";}}', 'system', 0, 0, 0, 0, 0, 3, 0, 2, 18, 24, 0, 0, 0, 0, 0, 0, 0),
('navigation', 25, 17, 'admin/build/block', 'admin/build/block', 'Blocks', 'a:1:{s:10:"attributes";a:1:{s:5:"title";s:79:"Configure what block content appears in your site''s sidebars and other regions.";}}', 'system', 0, 0, 0, 0, 0, 3, 0, 2, 17, 25, 0, 0, 0, 0, 0, 0, 0),
('navigation', 26, 18, 'admin/settings/clean-urls', 'admin/settings/clean-urls', 'Clean URLs', 'a:1:{s:10:"attributes";a:1:{s:5:"title";s:43:"Enable or disable clean URLs for your site.";}}', 'system', 0, 0, 0, 0, 0, 3, 0, 2, 18, 26, 0, 0, 0, 0, 0, 0, 0),
('navigation', 27, 10, 'admin/content/comment', 'admin/content/comment', 'Comments', 'a:1:{s:10:"attributes";a:1:{s:5:"title";s:61:"List and edit site comments and the comment moderation queue.";}}', 'system', 0, 0, 0, 0, 0, 3, 0, 2, 10, 27, 0, 0, 0, 0, 0, 0, 0),
('navigation', 28, 10, 'admin/content/node', 'admin/content/node', 'Content', 'a:1:{s:10:"attributes";a:1:{s:5:"title";s:43:"View, edit, and delete your site''s content.";}}', 'system', 0, 0, 0, 0, 0, 3, 0, 2, 10, 28, 0, 0, 0, 0, 0, 0, 0),
('navigation', 29, 10, 'admin/content/types', 'admin/content/types', 'Content types', 'a:1:{s:10:"attributes";a:1:{s:5:"title";s:82:"Manage posts by content type, including default status, front page promotion, etc.";}}', 'system', 0, 0, 0, 0, 0, 3, 0, 2, 10, 29, 0, 0, 0, 0, 0, 0, 0),
('navigation', 30, 18, 'admin/settings/date-time', 'admin/settings/date-time', 'Date and time', 'a:1:{s:10:"attributes";a:1:{s:5:"title";s:89:"Settings for how Drupal displays date and time, as well as the system''s default timezone.";}}', 'system', 0, 0, 0, 0, 0, 3, 0, 2, 18, 30, 0, 0, 0, 0, 0, 0, 0),
('navigation', 31, 0, 'node/%/delete', 'node/%/delete', 'Delete', 'a:0:{}', 'system', -1, 0, 0, 0, 1, 1, 0, 31, 0, 0, 0, 0, 0, 0, 0, 0, 0),
('navigation', 32, 21, 'user/%/delete', 'user/%/delete', 'Delete', 'a:0:{}', 'system', -1, 0, 0, 0, 0, 2, 0, 21, 32, 0, 0, 0, 0, 0, 0, 0, 0),
('navigation', 33, 18, 'admin/settings/error-reporting', 'admin/settings/error-reporting', 'Error reporting', 'a:1:{s:10:"attributes";a:1:{s:5:"title";s:93:"Control how Drupal deals with errors including 403/404 errors as well as PHP error reporting.";}}', 'system', 0, 0, 0, 0, 0, 3, 0, 2, 18, 33, 0, 0, 0, 0, 0, 0, 0),
('navigation', 34, 18, 'admin/settings/file-system', 'admin/settings/file-system', 'File system', 'a:1:{s:10:"attributes";a:1:{s:5:"title";s:68:"Tell Drupal where to store uploaded files and how they are accessed.";}}', 'system', 0, 0, 0, 0, 0, 3, 0, 2, 18, 34, 0, 0, 0, 0, 0, 0, 0),
('navigation', 35, 18, 'admin/settings/image-toolkit', 'admin/settings/image-toolkit', 'Image toolkit', 'a:1:{s:10:"attributes";a:1:{s:5:"title";s:74:"Choose which image toolkit to use if you have installed optional toolkits.";}}', 'system', 0, 0, 0, 0, 0, 3, 0, 2, 18, 35, 0, 0, 0, 0, 0, 0, 0),
('navigation', 36, 18, 'admin/settings/filters', 'admin/settings/filters', 'Input formats', 'a:1:{s:10:"attributes";a:1:{s:5:"title";s:127:"Configure how content input by users is filtered, including allowed HTML tags. Also allows enabling of module-provided filters.";}}', 'system', 0, 0, 0, 0, 0, 3, 0, 2, 18, 36, 0, 0, 0, 0, 0, 0, 0),
('navigation', 37, 18, 'admin/settings/logging', 'admin/settings/logging', 'Logging and alerts', 'a:1:{s:10:"attributes";a:1:{s:5:"title";s:156:"Settings for logging and alerts modules. Various modules can route Drupal''s system events to different destination, such as syslog, database, email, ...etc.";}}', 'system', 0, 0, 1, 0, 0, 3, 0, 2, 18, 37, 0, 0, 0, 0, 0, 0, 0),
('navigation', 38, 17, 'admin/build/menu', 'admin/build/menu', 'Menus', 'a:1:{s:10:"attributes";a:1:{s:5:"title";s:116:"Control your site''s navigation menu, primary links and secondary links, as well as rename and reorganize menu items.";}}', 'system', 0, 0, 1, 0, 0, 3, 0, 2, 17, 38, 0, 0, 0, 0, 0, 0, 0),
('navigation', 39, 17, 'admin/build/modules', 'admin/build/modules', 'Modules', 'a:1:{s:10:"attributes";a:1:{s:5:"title";s:47:"Enable or disable add-on modules for your site.";}}', 'system', 0, 0, 0, 0, 0, 3, 0, 2, 17, 39, 0, 0, 0, 0, 0, 0, 0),
('navigation', 40, 18, 'admin/settings/performance', 'admin/settings/performance', 'Performance', 'a:1:{s:10:"attributes";a:1:{s:5:"title";s:101:"Enable or disable page caching for anonymous users and set CSS and JS bandwidth optimization options.";}}', 'system', 0, 0, 0, 0, 0, 3, 0, 2, 18, 40, 0, 0, 0, 0, 0, 0, 0),
('navigation', 41, 20, 'admin/user/permissions', 'admin/user/permissions', 'Permissions', 'a:1:{s:10:"attributes";a:1:{s:5:"title";s:64:"Determine access to features by selecting permissions for roles.";}}', 'system', 0, 0, 0, 0, 0, 3, 0, 2, 20, 41, 0, 0, 0, 0, 0, 0, 0),
('navigation', 42, 10, 'admin/content/node-settings', 'admin/content/node-settings', 'Post settings', 'a:1:{s:10:"attributes";a:1:{s:5:"title";s:126:"Control posting behavior, such as teaser length, requiring previews before posting, and the number of posts on the front page.";}}', 'system', 0, 0, 0, 0, 0, 3, 0, 2, 10, 42, 0, 0, 0, 0, 0, 0, 0),
('navigation', 43, 10, 'admin/content/rss-publishing', 'admin/content/rss-publishing', 'RSS publishing', 'a:1:{s:10:"attributes";a:1:{s:5:"title";s:92:"Configure the number of items per feed and whether feeds should be titles/teasers/full-text.";}}', 'system', 0, 0, 0, 0, 0, 3, 0, 2, 10, 43, 0, 0, 0, 0, 0, 0, 0),
('navigation', 44, 0, 'comment/reply/%', 'comment/reply/%', 'Reply to comment', 'a:0:{}', 'system', -1, 0, 0, 0, 0, 1, 0, 44, 0, 0, 0, 0, 0, 0, 0, 0, 0),
('navigation', 45, 20, 'admin/user/roles', 'admin/user/roles', 'Roles', 'a:1:{s:10:"attributes";a:1:{s:5:"title";s:30:"List, edit, or add user roles.";}}', 'system', 0, 0, 0, 0, 0, 3, 0, 2, 20, 45, 0, 0, 0, 0, 0, 0, 0),
('navigation', 46, 18, 'admin/settings/site-information', 'admin/settings/site-information', 'Site information', 'a:1:{s:10:"attributes";a:1:{s:5:"title";s:107:"Change basic site information, such as the site name, slogan, e-mail address, mission, front page and more.";}}', 'system', 0, 0, 0, 0, 0, 3, 0, 2, 18, 46, 0, 0, 0, 0, 0, 0, 0),
('navigation', 47, 18, 'admin/settings/site-maintenance', 'admin/settings/site-maintenance', 'Site maintenance', 'a:1:{s:10:"attributes";a:1:{s:5:"title";s:63:"Take the site off-line for maintenance or bring it back online.";}}', 'system', 0, 0, 0, 0, 0, 3, 0, 2, 18, 47, 0, 0, 0, 0, 0, 0, 0),
('navigation', 48, 16, 'admin/reports/status', 'admin/reports/status', 'Status report', 'a:1:{s:10:"attributes";a:1:{s:5:"title";s:74:"Get a status report about your site''s operation and any detected problems.";}}', 'system', 0, 0, 0, 0, 10, 3, 0, 2, 16, 48, 0, 0, 0, 0, 0, 0, 0),
('navigation', 49, 17, 'admin/build/themes', 'admin/build/themes', 'Themes', 'a:1:{s:10:"attributes";a:1:{s:5:"title";s:57:"Change which theme your site uses or allows users to set.";}}', 'system', 0, 0, 0, 0, 0, 3, 0, 2, 17, 49, 0, 0, 0, 0, 0, 0, 0),
('navigation', 50, 20, 'admin/user/settings', 'admin/user/settings', 'User settings', 'a:1:{s:10:"attributes";a:1:{s:5:"title";s:101:"Configure default behavior of users, including registration requirements, e-mails, and user pictures.";}}', 'system', 0, 0, 0, 0, 0, 3, 0, 2, 20, 50, 0, 0, 0, 0, 0, 0, 0),
('navigation', 51, 20, 'admin/user/user', 'admin/user/user', 'Users', 'a:1:{s:10:"attributes";a:1:{s:5:"title";s:26:"List, add, and edit users.";}}', 'system', 0, 0, 0, 0, 0, 3, 0, 2, 20, 51, 0, 0, 0, 0, 0, 0, 0),
('navigation', 52, 15, 'admin/help/block', 'admin/help/block', 'block', 'a:0:{}', 'system', -1, 0, 0, 0, 0, 3, 0, 2, 15, 52, 0, 0, 0, 0, 0, 0, 0),
('navigation', 53, 15, 'admin/help/color', 'admin/help/color', 'color', 'a:0:{}', 'system', -1, 0, 0, 0, 0, 3, 0, 2, 15, 53, 0, 0, 0, 0, 0, 0, 0),
('navigation', 54, 15, 'admin/help/comment', 'admin/help/comment', 'comment', 'a:0:{}', 'system', -1, 0, 0, 0, 0, 3, 0, 2, 15, 54, 0, 0, 0, 0, 0, 0, 0),
('navigation', 55, 15, 'admin/help/filter', 'admin/help/filter', 'filter', 'a:0:{}', 'system', -1, 0, 0, 0, 0, 3, 0, 2, 15, 55, 0, 0, 0, 0, 0, 0, 0),
('navigation', 56, 15, 'admin/help/help', 'admin/help/help', 'help', 'a:0:{}', 'system', -1, 0, 0, 0, 0, 3, 0, 2, 15, 56, 0, 0, 0, 0, 0, 0, 0),
('navigation', 57, 15, 'admin/help/menu', 'admin/help/menu', 'menu', 'a:0:{}', 'system', -1, 0, 0, 0, 0, 3, 0, 2, 15, 57, 0, 0, 0, 0, 0, 0, 0),
('navigation', 58, 15, 'admin/help/node', 'admin/help/node', 'node', 'a:0:{}', 'system', -1, 0, 0, 0, 0, 3, 0, 2, 15, 58, 0, 0, 0, 0, 0, 0, 0),
('navigation', 59, 15, 'admin/help/system', 'admin/help/system', 'system', 'a:0:{}', 'system', -1, 0, 0, 0, 0, 3, 0, 2, 15, 59, 0, 0, 0, 0, 0, 0, 0),
('navigation', 60, 15, 'admin/help/user', 'admin/help/user', 'user', 'a:0:{}', 'system', -1, 0, 0, 0, 0, 3, 0, 2, 15, 60, 0, 0, 0, 0, 0, 0, 0),
('navigation', 61, 36, 'admin/settings/filters/%', 'admin/settings/filters/%', '', 'a:0:{}', 'system', -1, 0, 0, 0, 0, 4, 0, 2, 18, 36, 61, 0, 0, 0, 0, 0, 0),
('navigation', 62, 26, 'admin/settings/clean-urls/check', 'admin/settings/clean-urls/check', 'Clean URL check', 'a:0:{}', 'system', -1, 0, 0, 0, 0, 4, 0, 2, 18, 26, 62, 0, 0, 0, 0, 0, 0),
('navigation', 63, 23, 'admin/settings/actions/configure', 'admin/settings/actions/configure', 'Configure an advanced action', 'a:0:{}', 'system', -1, 0, 0, 0, 0, 4, 0, 2, 18, 23, 63, 0, 0, 0, 0, 0, 0),
('navigation', 64, 25, 'admin/build/block/configure', 'admin/build/block/configure', 'Configure block', 'a:0:{}', 'system', -1, 0, 0, 0, 0, 4, 0, 2, 17, 25, 64, 0, 0, 0, 0, 0, 0),
('navigation', 65, 17, 'admin/build/menu-customize/%', 'admin/build/menu-customize/%', 'Customize menu', 'a:0:{}', 'system', -1, 0, 0, 0, 0, 3, 0, 2, 17, 65, 0, 0, 0, 0, 0, 0, 0),
('navigation', 66, 30, 'admin/settings/date-time/lookup', 'admin/settings/date-time/lookup', 'Date and time lookup', 'a:0:{}', 'system', -1, 0, 0, 0, 0, 4, 0, 2, 18, 30, 66, 0, 0, 0, 0, 0, 0),
('navigation', 67, 25, 'admin/build/block/delete', 'admin/build/block/delete', 'Delete block', 'a:0:{}', 'system', -1, 0, 0, 0, 0, 4, 0, 2, 17, 25, 67, 0, 0, 0, 0, 0, 0),
('navigation', 68, 36, 'admin/settings/filters/delete', 'admin/settings/filters/delete', 'Delete input format', 'a:0:{}', 'system', -1, 0, 0, 0, 0, 4, 0, 2, 18, 36, 68, 0, 0, 0, 0, 0, 0),
('navigation', 69, 22, 'admin/user/rules/delete', 'admin/user/rules/delete', 'Delete rule', 'a:0:{}', 'system', -1, 0, 0, 0, 0, 4, 0, 2, 20, 22, 69, 0, 0, 0, 0, 0, 0),
('navigation', 70, 45, 'admin/user/roles/edit', 'admin/user/roles/edit', 'Edit role', 'a:0:{}', 'system', -1, 0, 0, 0, 0, 4, 0, 2, 20, 45, 70, 0, 0, 0, 0, 0, 0),
('navigation', 71, 22, 'admin/user/rules/edit', 'admin/user/rules/edit', 'Edit rule', 'a:0:{}', 'system', -1, 0, 0, 0, 0, 4, 0, 2, 20, 22, 71, 0, 0, 0, 0, 0, 0),
('navigation', 72, 48, 'admin/reports/status/php', 'admin/reports/status/php', 'PHP', 'a:0:{}', 'system', -1, 0, 0, 0, 0, 4, 0, 2, 16, 48, 72, 0, 0, 0, 0, 0, 0),
('navigation', 73, 42, 'admin/content/node-settings/rebuild', 'admin/content/node-settings/rebuild', 'Rebuild permissions', 'a:0:{}', 'system', -1, 0, 0, 0, 0, 4, 0, 2, 10, 42, 73, 0, 0, 0, 0, 0, 0),
('navigation', 74, 23, 'admin/settings/actions/orphan', 'admin/settings/actions/orphan', 'Remove orphans', 'a:0:{}', 'system', -1, 0, 0, 0, 0, 4, 0, 2, 18, 23, 74, 0, 0, 0, 0, 0, 0),
('navigation', 75, 48, 'admin/reports/status/run-cron', 'admin/reports/status/run-cron', 'Run cron', 'a:0:{}', 'system', -1, 0, 0, 0, 0, 4, 0, 2, 16, 48, 75, 0, 0, 0, 0, 0, 0),
('navigation', 76, 48, 'admin/reports/status/sql', 'admin/reports/status/sql', 'SQL', 'a:0:{}', 'system', -1, 0, 0, 0, 0, 4, 0, 2, 16, 48, 76, 0, 0, 0, 0, 0, 0),
('navigation', 77, 23, 'admin/settings/actions/delete/%', 'admin/settings/actions/delete/%', 'Delete action', 'a:1:{s:10:"attributes";a:1:{s:5:"title";s:17:"Delete an action.";}}', 'system', -1, 0, 0, 0, 0, 4, 0, 2, 18, 23, 77, 0, 0, 0, 0, 0, 0),
('navigation', 78, 0, 'admin/build/menu-customize/%/delete', 'admin/build/menu-customize/%/delete', 'Delete menu', 'a:0:{}', 'system', -1, 0, 0, 0, 0, 1, 0, 78, 0, 0, 0, 0, 0, 0, 0, 0, 0),
('navigation', 79, 25, 'admin/build/block/list/js', 'admin/build/block/list/js', 'JavaScript List Form', 'a:0:{}', 'system', -1, 0, 0, 0, 0, 4, 0, 2, 17, 25, 79, 0, 0, 0, 0, 0, 0),
('navigation', 80, 39, 'admin/build/modules/list/confirm', 'admin/build/modules/list/confirm', 'List', 'a:0:{}', 'system', -1, 0, 0, 0, 0, 4, 0, 2, 17, 39, 80, 0, 0, 0, 0, 0, 0),
('navigation', 81, 0, 'user/reset/%/%/%', 'user/reset/%/%/%', 'Reset password', 'a:0:{}', 'system', -1, 0, 0, 0, 0, 1, 0, 81, 0, 0, 0, 0, 0, 0, 0, 0, 0),
('navigation', 82, 39, 'admin/build/modules/uninstall/confirm', 'admin/build/modules/uninstall/confirm', 'Uninstall', 'a:0:{}', 'system', -1, 0, 0, 0, 0, 4, 0, 2, 17, 39, 82, 0, 0, 0, 0, 0, 0),
('navigation', 83, 0, 'node/%/revisions/%/delete', 'node/%/revisions/%/delete', 'Delete earlier revision', 'a:0:{}', 'system', -1, 0, 0, 0, 0, 1, 0, 83, 0, 0, 0, 0, 0, 0, 0, 0, 0),
('navigation', 84, 0, 'node/%/revisions/%/revert', 'node/%/revisions/%/revert', 'Revert to earlier revision', 'a:0:{}', 'system', -1, 0, 0, 0, 0, 1, 0, 84, 0, 0, 0, 0, 0, 0, 0, 0, 0),
('navigation', 85, 0, 'node/%/revisions/%/view', 'node/%/revisions/%/view', 'Revisions', 'a:0:{}', 'system', -1, 0, 0, 0, 0, 1, 0, 85, 0, 0, 0, 0, 0, 0, 0, 0, 0),
('navigation', 86, 38, 'admin/build/menu/item/%/delete', 'admin/build/menu/item/%/delete', 'Delete menu item', 'a:0:{}', 'system', -1, 0, 0, 0, 0, 4, 0, 2, 17, 38, 86, 0, 0, 0, 0, 0, 0),
('navigation', 87, 38, 'admin/build/menu/item/%/edit', 'admin/build/menu/item/%/edit', 'Edit menu item', 'a:0:{}', 'system', -1, 0, 0, 0, 0, 4, 0, 2, 17, 38, 87, 0, 0, 0, 0, 0, 0),
('navigation', 88, 38, 'admin/build/menu/item/%/reset', 'admin/build/menu/item/%/reset', 'Reset menu item', 'a:0:{}', 'system', -1, 0, 0, 0, 0, 4, 0, 2, 17, 38, 88, 0, 0, 0, 0, 0, 0),
('navigation', 89, 38, 'admin/build/menu-customize/navigation', 'admin/build/menu-customize/%', 'Navigation', 'a:0:{}', 'menu', 0, 0, 0, 0, 0, 4, 0, 2, 17, 38, 89, 0, 0, 0, 0, 0, 0),
('navigation', 90, 38, 'admin/build/menu-customize/primary-links', 'admin/build/menu-customize/%', 'Primary links', 'a:0:{}', 'menu', 0, 0, 0, 0, 0, 4, 0, 2, 17, 38, 90, 0, 0, 0, 0, 0, 0),
('navigation', 91, 38, 'admin/build/menu-customize/secondary-links', 'admin/build/menu-customize/%', 'Secondary links', 'a:0:{}', 'menu', 0, 0, 0, 0, 0, 4, 0, 2, 17, 38, 91, 0, 0, 0, 0, 0, 0),
('navigation', 92, 0, 'taxonomy/autocomplete', 'taxonomy/autocomplete', 'Autocomplete taxonomy', 'a:0:{}', 'system', -1, 0, 0, 0, 0, 1, 0, 92, 0, 0, 0, 0, 0, 0, 0, 0, 0),
('navigation', 93, 16, 'admin/reports/dblog', 'admin/reports/dblog', 'Recent log entries', 'a:1:{s:10:"attributes";a:1:{s:5:"title";s:43:"View events that have recently been logged.";}}', 'system', 0, 0, 0, 0, -1, 3, 0, 2, 16, 93, 0, 0, 0, 0, 0, 0, 0),
('navigation', 94, 10, 'admin/content/taxonomy', 'admin/content/taxonomy', 'Taxonomy', 'a:1:{s:10:"attributes";a:1:{s:5:"title";s:67:"Manage tagging, categorization, and classification of your content.";}}', 'system', 0, 0, 0, 0, 0, 3, 0, 2, 10, 94, 0, 0, 0, 0, 0, 0, 0),
('navigation', 95, 0, 'taxonomy/term/%', 'taxonomy/term/%', 'Taxonomy term', 'a:0:{}', 'system', -1, 0, 0, 0, 0, 1, 0, 95, 0, 0, 0, 0, 0, 0, 0, 0, 0),
('navigation', 96, 16, 'admin/reports/access-denied', 'admin/reports/access-denied', 'Top ''access denied'' errors', 'a:1:{s:10:"attributes";a:1:{s:5:"title";s:35:"View ''access denied'' errors (403s).";}}', 'system', 0, 0, 0, 0, 0, 3, 0, 2, 16, 96, 0, 0, 0, 0, 0, 0, 0),
('navigation', 97, 16, 'admin/reports/page-not-found', 'admin/reports/page-not-found', 'Top ''page not found'' errors', 'a:1:{s:10:"attributes";a:1:{s:5:"title";s:36:"View ''page not found'' errors (404s).";}}', 'system', 0, 0, 0, 0, 0, 3, 0, 2, 16, 97, 0, 0, 0, 0, 0, 0, 0),
('navigation', 98, 15, 'admin/help/dblog', 'admin/help/dblog', 'dblog', 'a:0:{}', 'system', -1, 0, 0, 0, 0, 3, 0, 2, 15, 98, 0, 0, 0, 0, 0, 0, 0),
('navigation', 99, 15, 'admin/help/taxonomy', 'admin/help/taxonomy', 'taxonomy', 'a:0:{}', 'system', -1, 0, 0, 0, 0, 3, 0, 2, 15, 99, 0, 0, 0, 0, 0, 0, 0),
('navigation', 100, 37, 'admin/settings/logging/dblog', 'admin/settings/logging/dblog', 'Database logging', 'a:1:{s:10:"attributes";a:1:{s:5:"title";s:169:"Settings for logging to the Drupal database logs. This is the most common method for small to medium sites on shared hosting. The logs are viewable from the admin pages.";}}', 'system', 0, 0, 0, 0, 0, 4, 0, 2, 18, 37, 100, 0, 0, 0, 0, 0, 0),
('navigation', 101, 16, 'admin/reports/event/%', 'admin/reports/event/%', 'Details', 'a:0:{}', 'system', -1, 0, 0, 0, 0, 3, 0, 2, 16, 101, 0, 0, 0, 0, 0, 0, 0),
('navigation', 102, 94, 'admin/content/taxonomy/%', 'admin/content/taxonomy/%', 'List terms', 'a:0:{}', 'system', -1, 0, 0, 0, 0, 4, 0, 2, 10, 94, 102, 0, 0, 0, 0, 0, 0),
('navigation', 103, 94, 'admin/content/taxonomy/edit/term', 'admin/content/taxonomy/edit/term', 'Edit term', 'a:0:{}', 'system', -1, 0, 0, 0, 0, 4, 0, 2, 10, 94, 103, 0, 0, 0, 0, 0, 0),
('navigation', 104, 94, 'admin/content/taxonomy/edit/vocabulary/%', 'admin/content/taxonomy/edit/vocabulary/%', 'Edit vocabulary', 'a:0:{}', 'system', -1, 0, 0, 0, 0, 4, 0, 2, 10, 94, 104, 0, 0, 0, 0, 0, 0),
('navigation', 105, 16, 'admin/reports/updates', 'admin/reports/updates', 'Available updates', 'a:1:{s:10:"attributes";a:1:{s:5:"title";s:82:"Get a status report about available updates for your installed modules and themes.";}}', 'system', 0, 0, 0, 0, 10, 3, 0, 2, 16, 105, 0, 0, 0, 0, 0, 0, 0),
('navigation', 106, 11, 'node/add/page', 'node/add/page', 'Page', 'a:1:{s:10:"attributes";a:1:{s:5:"title";s:296:"A <em>page</em>, similar in form to a <em>story</em>, is a simple method for creating and displaying information that rarely changes, such as an "About us" section of a website. By default, a <em>page</em> entry does not allow visitor comments and is not featured on the site''s initial home page.";}}', 'system', 0, 0, 0, 0, -50, 2, 1, 11, 106, 0, 0, 0, 0, 0, 0, 0, 0),
('navigation', 107, 11, 'node/add/story', 'node/add/story', 'Story', 'a:1:{s:10:"attributes";a:1:{s:5:"title";s:392:"A <em>story</em>, similar in form to a <em>page</em>, is ideal for creating and displaying content that informs or engages website visitors. Press releases, site announcements, and informal blog-like entries may all be created with a <em>story</em> entry. By default, a <em>story</em> entry is automatically featured on the site''s initial home page, and provides the ability to post comments.";}}', 'system', 0, 0, 0, 0, -49, 2, 1, 11, 107, 0, 0, 0, 0, 0, 0, 0, 0),
('navigation', 108, 15, 'admin/help/update', 'admin/help/update', 'update', 'a:0:{}', 'system', -1, 0, 0, 0, 0, 3, 0, 2, 15, 108, 0, 0, 0, 0, 0, 0, 0),
('navigation', 109, 105, 'admin/reports/updates/check', 'admin/reports/updates/check', 'Manual update check', 'a:0:{}', 'system', -1, 0, 0, 0, 0, 4, 0, 2, 16, 105, 109, 0, 0, 0, 0, 0, 0),
('navigation', 110, 10, 'admin/content/node-type/page', 'admin/content/node-type/page', 'Page', 'a:0:{}', 'system', -1, 0, 0, 0, 0, 3, 0, 2, 10, 110, 0, 0, 0, 0, 0, 0, 0),
('navigation', 111, 10, 'admin/content/node-type/story', 'admin/content/node-type/story', 'Story', 'a:0:{}', 'system', -1, 0, 0, 0, 0, 3, 0, 2, 10, 111, 0, 0, 0, 0, 0, 0, 0),
('navigation', 112, 0, 'admin/content/node-type/page/delete', 'admin/content/node-type/page/delete', 'Delete', 'a:0:{}', 'system', -1, 0, 0, 0, 0, 1, 0, 112, 0, 0, 0, 0, 0, 0, 0, 0, 0),
('navigation', 113, 0, 'admin/content/node-type/story/delete', 'admin/content/node-type/story/delete', 'Delete', 'a:0:{}', 'system', -1, 0, 0, 0, 0, 1, 0, 113, 0, 0, 0, 0, 0, 0, 0, 0, 0),
('navigation', 115, 11, 'node/add/webform', 'node/add/webform', 'Webform', 'a:1:{s:10:"attributes";a:1:{s:5:"title";s:138:"Create a new form or questionnaire accessible to users. Submission results and statistics are recorded and accessible to privileged users.";}}', 'system', 0, 0, 0, 0, -48, 2, 1, 11, 115, 0, 0, 0, 0, 0, 0, 0, 0),
('navigation', 120, 10, 'admin/content/node-type/webform', 'admin/content/node-type/webform', 'Webform', 'a:0:{}', 'system', -1, 0, 0, 0, 0, 3, 0, 2, 10, 120, 0, 0, 0, 0, 0, 0, 0),
('navigation', 181, 18, 'admin/settings/search', 'admin/settings/search', 'Search settings', 'a:1:{s:10:"attributes";a:1:{s:5:"title";s:66:"Configure relevance settings for search and other indexing options";}}', 'system', 0, 0, 0, 0, 0, 3, 0, 2, 18, 181, 0, 0, 0, 0, 0, 0, 0),
('navigation', 123, 0, 'admin/content/node-type/webform/delete', 'admin/content/node-type/webform/delete', 'Delete', 'a:0:{}', 'system', -1, 0, 0, 0, 0, 1, 0, 123, 0, 0, 0, 0, 0, 0, 0, 0, 0),
('navigation', 179, 0, 'search', 'search', 'Search', 'a:0:{}', 'system', 1, 0, 0, 0, 0, 1, 0, 179, 0, 0, 0, 0, 0, 0, 0, 0, 0),
('navigation', 158, 0, 'node/%/webform/emails/%/delete', 'node/%/webform/emails/%/delete', 'Delete e-mail settings', 'a:0:{}', 'system', -1, 0, 0, 0, 0, 1, 0, 158, 0, 0, 0, 0, 0, 0, 0, 0, 0),
('navigation', 150, 18, 'admin/settings/webform', 'admin/settings/webform', 'Webform settings', 'a:1:{s:10:"attributes";a:1:{s:5:"title";s:46:"Global configuration of webform functionality.";}}', 'system', 0, 0, 0, 0, 0, 3, 0, 2, 18, 150, 0, 0, 0, 0, 0, 0, 0),
('navigation', 151, 10, 'admin/content/webform', 'admin/content/webform', 'Webforms', 'a:1:{s:10:"attributes";a:1:{s:5:"title";s:54:"View and edit all the available webforms on your site.";}}', 'system', 0, 0, 0, 0, 0, 3, 0, 2, 10, 151, 0, 0, 0, 0, 0, 0, 0),
('navigation', 152, 15, 'admin/help/webform', 'admin/help/webform', 'webform', 'a:0:{}', 'system', -1, 0, 0, 0, 0, 3, 0, 2, 15, 152, 0, 0, 0, 0, 0, 0, 0),
('navigation', 153, 0, 'webform/ajax/options/%', 'webform/ajax/options/%', '', 'a:0:{}', 'system', -1, 0, 0, 0, 0, 1, 0, 153, 0, 0, 0, 0, 0, 0, 0, 0, 0),
('navigation', 154, 0, 'node/%/submission/%', 'node/%/submission/%', 'Webform submission', 'a:0:{}', 'system', -1, 0, 0, 0, 0, 1, 0, 154, 0, 0, 0, 0, 0, 0, 0, 0, 0),
('navigation', 155, 0, 'node/%/webform-results/analysis/%', 'node/%/webform-results/analysis/%', 'Analysis', 'a:0:{}', 'system', -1, 0, 0, 0, 0, 1, 0, 155, 0, 0, 0, 0, 0, 0, 0, 0, 0),
('navigation', 156, 0, 'node/%/webform/emails/%', 'node/%/webform/emails/%', 'Edit e-mail settings', 'a:0:{}', 'system', -1, 0, 0, 0, 0, 1, 0, 156, 0, 0, 0, 0, 0, 0, 0, 0, 0),
('navigation', 157, 0, 'node/%/submission/%/resend', 'node/%/submission/%/resend', 'Resend e-mails', 'a:0:{}', 'system', -1, 0, 0, 0, 0, 1, 0, 157, 0, 0, 0, 0, 0, 0, 0, 0, 0),
('navigation', 149, 0, 'node/%/done', 'node/%/done', 'Webform confirmation', 'a:0:{}', 'system', -1, 0, 0, 0, 0, 1, 0, 149, 0, 0, 0, 0, 0, 0, 0, 0, 0),
('navigation', 147, 0, 'ahah_helper/%', 'ahah_helper/%', '', 'a:0:{}', 'system', -1, 0, 0, 0, 0, 1, 0, 147, 0, 0, 0, 0, 0, 0, 0, 0, 0),
('navigation', 148, 0, 'node/%/submissions', 'node/%/submissions', 'Submissions', 'a:0:{}', 'system', -1, 0, 0, 0, 0, 1, 0, 148, 0, 0, 0, 0, 0, 0, 0, 0, 0),
('navigation', 184, 181, 'admin/settings/search/wipe', 'admin/settings/search/wipe', 'Clear index', 'a:0:{}', 'system', -1, 0, 0, 0, 0, 4, 0, 2, 18, 181, 184, 0, 0, 0, 0, 0, 0),
('navigation', 183, 15, 'admin/help/search', 'admin/help/search', 'search', 'a:0:{}', 'system', -1, 0, 0, 0, 0, 3, 0, 2, 15, 183, 0, 0, 0, 0, 0, 0, 0),
('navigation', 182, 16, 'admin/reports/search', 'admin/reports/search', 'Top search phrases', 'a:1:{s:10:"attributes";a:1:{s:5:"title";s:33:"View most popular search phrases.";}}', 'system', 0, 0, 0, 0, 0, 3, 0, 2, 16, 182, 0, 0, 0, 0, 0, 0, 0),
('navigation', 203, 0, 'crossdomain.xml', 'crossdomain.xml', '', 'a:0:{}', 'system', -1, 0, 0, 0, 0, 1, 0, 203, 0, 0, 0, 0, 0, 0, 0, 0, 0),
('navigation', 204, 0, 'services/%', 'services/%', 'Services', 'a:0:{}', 'system', -1, 0, 0, 0, 0, 1, 0, 204, 0, 0, 0, 0, 0, 0, 0, 0, 0),
('navigation', 205, 17, 'admin/build/services', 'admin/build/services', 'Services', 'a:1:{s:10:"attributes";a:1:{s:5:"title";s:56:"Allows external applications to communicate with Drupal.";}}', 'system', 0, 0, 0, 0, 0, 3, 0, 2, 17, 205, 0, 0, 0, 0, 0, 0, 0),
('navigation', 206, 15, 'admin/help/services', 'admin/help/services', 'services', 'a:0:{}', 'system', -1, 0, 0, 0, 0, 3, 0, 2, 15, 206, 0, 0, 0, 0, 0, 0, 0),
('navigation', 207, 2, 'admin/services/ahah/security-options', 'admin/services/ahah/security-options', '', 'a:0:{}', 'system', -1, 0, 0, 0, 0, 2, 0, 2, 207, 0, 0, 0, 0, 0, 0, 0, 0),
('navigation', 208, 15, 'admin/help/datagroup_services', 'admin/help/datagroup_services', 'datagroup_services', 'a:0:{}', 'system', -1, 0, 0, 0, 0, 3, 0, 2, 15, 208, 0, 0, 0, 0, 0, 0, 0),
('menu-my-account-nav', 254, 0, 'user/account', 'user/account', 'My Data Groups', 'a:1:{s:10:"attributes";a:1:{s:5:"title";s:0:"";}}', 'menu', 0, 0, 0, 0, -50, 1, 1, 254, 0, 0, 0, 0, 0, 0, 0, 0, 0),
('navigation', 232, 0, 'view/attachments/%', 'view/attachments/%', 'Webforms', 'a:1:{s:10:"attributes";a:1:{s:5:"title";s:54:"View and edit all the available webforms on your site.";}}', 'system', 0, 0, 0, 0, 0, 1, 0, 232, 0, 0, 0, 0, 0, 0, 0, 0, 0),
('navigation', 211, 0, 'ahah_helper_demo', 'ahah_helper_demo', '', 'a:0:{}', 'system', -1, 0, 0, 0, 0, 1, 0, 211, 0, 0, 0, 0, 0, 0, 0, 0, 0),
('navigation', 212, 0, 'toboggan/denied', 'toboggan/denied', 'Access denied', 'a:0:{}', 'system', -1, 0, 0, 0, 0, 1, 0, 212, 0, 0, 0, 0, 0, 0, 0, 0, 0),
('navigation', 213, 20, 'admin/user/logintoboggan', 'admin/user/logintoboggan', 'LoginToboggan', 'a:1:{s:10:"attributes";a:1:{s:5:"title";s:102:"Set up custom login options like instant login, login redirects, pre-authorized validation roles, etc.";}}', 'system', 0, 0, 0, 0, 0, 3, 0, 2, 20, 213, 0, 0, 0, 0, 0, 0, 0),
('navigation', 214, 0, 'toboggan/revalidate/%', 'toboggan/revalidate/%', 'Re-send validation e-mail', 'a:0:{}', 'system', -1, 0, 0, 0, 0, 1, 0, 214, 0, 0, 0, 0, 0, 0, 0, 0, 0),
('navigation', 215, 15, 'admin/help/logintoboggan', 'admin/help/logintoboggan', 'logintoboggan', 'a:0:{}', 'system', -1, 0, 0, 0, 0, 3, 0, 2, 15, 215, 0, 0, 0, 0, 0, 0, 0),
('navigation', 216, 0, 'user/validate/%/%/%', 'user/validate/%/%/%', 'Validate e-mail address', 'a:0:{}', 'system', -1, 0, 0, 0, 0, 1, 0, 216, 0, 0, 0, 0, 0, 0, 0, 0, 0),
('navigation', 217, 0, 'profile', 'profile', 'User list', 'a:0:{}', 'system', 1, 0, 0, 0, 0, 1, 0, 217, 0, 0, 0, 0, 0, 0, 0, 0, 0),
('navigation', 218, 217, 'profile/autocomplete', 'profile/autocomplete', 'Profile autocomplete', 'a:0:{}', 'system', -1, 0, 0, 0, 0, 2, 0, 217, 218, 0, 0, 0, 0, 0, 0, 0, 0),
('navigation', 219, 20, 'admin/user/profile', 'admin/user/profile', 'Profiles', 'a:1:{s:10:"attributes";a:1:{s:5:"title";s:42:"Create customizable fields for your users.";}}', 'system', 0, 0, 0, 0, 0, 3, 0, 2, 20, 219, 0, 0, 0, 0, 0, 0, 0),
('navigation', 220, 15, 'admin/help/profile', 'admin/help/profile', 'profile', 'a:0:{}', 'system', -1, 0, 0, 0, 0, 3, 0, 2, 15, 220, 0, 0, 0, 0, 0, 0, 0),
('navigation', 221, 219, 'admin/user/profile/add', 'admin/user/profile/add', 'Add field', 'a:0:{}', 'system', -1, 0, 0, 0, 0, 4, 0, 2, 20, 219, 221, 0, 0, 0, 0, 0, 0),
('navigation', 222, 219, 'admin/user/profile/delete', 'admin/user/profile/delete', 'Delete field', 'a:0:{}', 'system', -1, 0, 0, 0, 0, 4, 0, 2, 20, 219, 222, 0, 0, 0, 0, 0, 0),
('navigation', 223, 219, 'admin/user/profile/edit', 'admin/user/profile/edit', 'Edit field', 'a:0:{}', 'system', -1, 0, 0, 0, 0, 4, 0, 2, 20, 219, 223, 0, 0, 0, 0, 0, 0),
('navigation', 224, 219, 'admin/user/profile/autocomplete', 'admin/user/profile/autocomplete', 'Profile category autocomplete', 'a:0:{}', 'system', -1, 0, 0, 0, 0, 4, 0, 2, 20, 219, 224, 0, 0, 0, 0, 0, 0),
('navigation', 225, 0, 'node/%/webform/validation/add/%', 'node/%/webform/validation/add/%', 'Add validation', 'a:0:{}', 'system', -1, 0, 0, 0, 0, 1, 0, 225, 0, 0, 0, 0, 0, 0, 0, 0, 0),
('navigation', 226, 0, 'node/%/webform/validation/delete/%', 'node/%/webform/validation/delete/%', 'Delete rule', 'a:0:{}', 'system', -1, 0, 0, 0, 0, 1, 0, 226, 0, 0, 0, 0, 0, 0, 0, 0, 0),
('navigation', 227, 0, 'node/%/webform/validation/edit/%/%', 'node/%/webform/validation/edit/%/%', 'Edit rule', 'a:0:{}', 'system', -1, 0, 0, 0, 0, 1, 0, 227, 0, 0, 0, 0, 0, 0, 0, 0, 0),
('navigation', 228, 11, 'node', 'node', 'Add data groups', 'a:1:{s:10:"attributes";a:1:{s:5:"title";s:0:"";}}', 'menu', 0, 0, 0, 0, -47, 2, 1, 11, 228, 0, 0, 0, 0, 0, 0, 0, 0),
('navigation', 230, 0, 'popdata/import/sample_data', 'popdata/import/sample_data', 'Import Sample Data', 'a:1:{s:10:"attributes";a:1:{s:5:"title";s:18:"import sample data";}}', 'system', 0, 0, 0, 0, 0, 1, 0, 230, 0, 0, 0, 0, 0, 0, 0, 0, 0),
('navigation', 233, 15, 'admin/help/custom', 'admin/help/custom', 'custom', 'a:0:{}', 'system', -1, 0, 0, 0, 0, 3, 0, 2, 15, 233, 0, 0, 0, 0, 0, 0, 0),
('navigation', 234, 15, 'admin/help/view_data', 'admin/help/view_data', 'view_data', 'a:0:{}', 'system', -1, 0, 0, 0, 0, 3, 0, 2, 15, 234, 0, 0, 0, 0, 0, 0, 0),
('navigation', 235, 15, 'admin/help/token', 'admin/help/token', 'token', 'a:0:{}', 'system', -1, 0, 0, 0, 0, 3, 0, 2, 15, 235, 0, 0, 0, 0, 0, 0, 0),
('navigation', 236, 0, 'view/data/%/%', 'view/data/%/%', '', 'a:1:{s:10:"attributes";a:1:{s:5:"title";s:53:"View the list of submission of repective data groups.";}}', 'system', 0, 0, 0, 0, 0, 1, 0, 236, 0, 0, 0, 0, 0, 0, 0, 0, 0),
('navigation', 237, 0, 'node/%/data/submission/%/edit/%', 'node/%/data/submission/%/edit/%', 'Edit', 'a:0:{}', 'system', 0, 0, 0, 0, 0, 1, 0, 237, 0, 0, 0, 0, 0, 0, 0, 0, 0),
('navigation', 238, 17, 'admin/build/path', 'admin/build/path', 'URL aliases', 'a:1:{s:10:"attributes";a:1:{s:5:"title";s:46:"Change your site''s URL paths by aliasing them.";}}', 'system', 0, 0, 0, 0, 0, 3, 0, 2, 17, 238, 0, 0, 0, 0, 0, 0, 0),
('navigation', 239, 15, 'admin/help/path', 'admin/help/path', 'path', 'a:0:{}', 'system', -1, 0, 0, 0, 0, 3, 0, 2, 15, 239, 0, 0, 0, 0, 0, 0, 0),
('navigation', 240, 15, 'admin/help/pathauto', 'admin/help/pathauto', 'pathauto', 'a:0:{}', 'system', -1, 0, 0, 0, 0, 3, 0, 2, 15, 240, 0, 0, 0, 0, 0, 0, 0),
('navigation', 241, 238, 'admin/build/path/delete', 'admin/build/path/delete', 'Delete alias', 'a:0:{}', 'system', -1, 0, 0, 0, 0, 4, 0, 2, 17, 238, 241, 0, 0, 0, 0, 0, 0),
('navigation', 242, 238, 'admin/build/path/edit', 'admin/build/path/edit', 'Edit alias', 'a:0:{}', 'system', -1, 0, 0, 0, 0, 4, 0, 2, 17, 238, 242, 0, 0, 0, 0, 0, 0),
('primary-links', 243, 0, 'node/15', 'node/%', 'Home', 'a:1:{s:10:"attributes";a:1:{s:5:"title";s:0:"";}}', 'menu', 0, 0, 0, 0, -50, 1, 1, 243, 0, 0, 0, 0, 0, 0, 0, 0, 0),
('primary-links', 244, 0, 'node/20', 'node/%', 'About Us', 'a:1:{s:10:"attributes";a:1:{s:5:"title";s:0:"";}}', 'menu', 0, 0, 0, 0, -49, 1, 1, 244, 0, 0, 0, 0, 0, 0, 0, 0, 0),
('primary-links', 245, 0, 'node/17', 'node/%', 'Contact Us', 'a:1:{s:10:"attributes";a:1:{s:5:"title";s:0:"";}}', 'menu', 0, 0, 0, 0, -47, 1, 1, 245, 0, 0, 0, 0, 0, 0, 0, 0, 0),
('primary-links', 246, 0, 'node/18', 'node/%', 'How It Works', 'a:1:{s:10:"attributes";a:1:{s:5:"title";s:0:"";}}', 'menu', 0, 0, 0, 0, -48, 1, 1, 246, 0, 0, 0, 0, 0, 0, 0, 0, 0),
('secondary-links', 247, 0, 'user/account', 'user/account', 'My Account', 'a:2:{s:10:"attributes";a:1:{s:5:"title";s:0:"";}s:5:"alter";b:1;}', 'menu', 0, 0, 0, 0, -50, 1, 1, 247, 0, 0, 0, 0, 0, 0, 0, 0, 0),
('secondary-links', 248, 0, 'user/login', 'user/login', 'Login', 'a:2:{s:10:"attributes";a:1:{s:5:"title";s:0:"";}s:5:"query";s:24:"destination=user/account";}', 'menu', 0, 0, 0, 0, -47, 1, 1, 248, 0, 0, 0, 0, 0, 0, 0, 0, 0),
('secondary-links', 249, 0, 'user/register', 'user/register', 'Sign Up', 'a:2:{s:10:"attributes";a:1:{s:5:"title";s:0:"";}s:5:"query";s:44:"destination=content/welcome-register-my-info";}', 'menu', 0, 0, 0, 0, -48, 1, 1, 249, 0, 0, 0, 0, 0, 0, 0, 0, 0),
('secondary-links', 250, 0, 'logout', 'logout', 'Log out', 'a:1:{s:10:"attributes";a:1:{s:5:"title";s:0:"";}}', 'menu', 0, 0, 0, 0, -49, 1, 1, 250, 0, 0, 0, 0, 0, 0, 0, 0, 0),
('navigation', 251, 38, 'admin/build/menu-customize/menu-my-account-nav', 'admin/build/menu-customize/%', 'My Account menu', 'a:0:{}', 'menu', 0, 0, 0, 0, 0, 4, 0, 2, 17, 38, 251, 0, 0, 0, 0, 0, 0),
('navigation', 252, 0, 'user/account', 'user/account', 'My Account', 'a:1:{s:10:"attributes";a:1:{s:5:"title";s:39:"View the list of available data groups.";}}', 'system', 0, 0, 0, 0, 0, 1, 0, 252, 0, 0, 0, 0, 0, 0, 0, 0, 0),
('navigation', 253, 0, 'node/%/data/submission/%/delete/%', 'node/%/data/submission/%/delete/%', 'Delete', 'a:0:{}', 'system', 0, 0, 0, 0, 0, 1, 0, 253, 0, 0, 0, 0, 0, 0, 0, 0, 0),
('menu-my-account-nav', 255, 0, 'user/contacts', 'user/contacts', 'Contacts', 'a:1:{s:10:"attributes";a:1:{s:5:"title";s:0:"";}}', 'menu', 0, 0, 0, 0, -49, 1, 1, 255, 0, 0, 0, 0, 0, 0, 0, 0, 0),
('menu-my-account-nav', 256, 0, '<front>', '', 'Change Password', 'a:2:{s:5:"alter";b:1;s:10:"attributes";a:1:{s:5:"title";s:0:"";}}', 'menu', 0, 1, 0, 0, -48, 1, 1, 256, 0, 0, 0, 0, 0, 0, 0, 0, 0),
('navigation', 257, 0, 'user/contacts', 'user/contacts', 'My Contacts', 'a:1:{s:10:"attributes";a:1:{s:5:"title";s:26:"View Contacts of the User.";}}', 'system', 0, 0, 1, 0, 0, 1, 0, 257, 0, 0, 0, 0, 0, 0, 0, 0, 0),
('navigation', 258, 257, 'user/contacts/%', 'user/contacts/%', 'My Contacts', 'a:1:{s:10:"attributes";a:1:{s:5:"title";s:45:"View shared data groups of the users contact.";}}', 'system', 0, 0, 0, 0, 0, 2, 0, 257, 258, 0, 0, 0, 0, 0, 0, 0, 0),
('navigation', 259, 15, 'admin/help/contacts', 'admin/help/contacts', 'contacts', 'a:0:{}', 'system', -1, 0, 0, 0, 0, 3, 0, 2, 15, 259, 0, 0, 0, 0, 0, 0, 0),
('navigation', 260, 0, 'user/contact/data/%/%', 'user/contact/data/%/%', 'My Contacts', 'a:1:{s:10:"attributes";a:1:{s:5:"title";s:45:"View shared data groups of the users contact.";}}', 'system', 0, 0, 0, 0, 0, 1, 0, 260, 0, 0, 0, 0, 0, 0, 0, 0, 0),
('navigation', 261, 0, 'user/contact/datagroup/detail/%/%/%', 'user/contact/datagroup/detail/%/%/%', 'My datagroup details', 'a:0:{}', 'system', 0, 0, 0, 0, 0, 1, 0, 261, 0, 0, 0, 0, 0, 0, 0, 0, 0),
('navigation', 262, 0, 'user/contact/subdatagroup/detail/%/%/%', 'user/contact/subdatagroup/detail/%/%/%', 'My subdatagroups details', 'a:0:{}', 'system', 0, 0, 0, 0, 0, 1, 0, 262, 0, 0, 0, 0, 0, 0, 0, 0, 0),
('navigation', 263, 0, 'webform_addmore/js/remove/subdatagroup', 'webform_addmore/js/remove/subdatagroup', '', 'a:0:{}', 'system', 0, 0, 0, 0, 0, 1, 0, 263, 0, 0, 0, 0, 0, 0, 0, 0, 0),
('navigation', 264, 0, 'print/data', 'print/data', '', 'a:1:{s:10:"attributes";a:1:{s:5:"title";s:46:"Print the submission of repective data groups.";}}', 'system', 0, 0, 0, 0, 0, 1, 0, 264, 0, 0, 0, 0, 0, 0, 0, 0, 0),
('navigation', 265, 0, 'remove/recommendation/letter', 'remove/recommendation/letter', '', 'a:1:{s:10:"attributes";a:1:{s:5:"title";s:32:"Remove Letter of Recommendation.";}}', 'system', 0, 0, 0, 0, 0, 1, 0, 265, 0, 0, 0, 0, 0, 0, 0, 0, 0),
('navigation', 266, 18, 'admin/settings/jquery_update', 'admin/settings/jquery_update', 'jQuery Update', 'a:1:{s:10:"attributes";a:1:{s:5:"title";s:44:"Configure settings for jQuery Update module.";}}', 'system', 0, 0, 0, 0, 0, 3, 0, 2, 18, 266, 0, 0, 0, 0, 0, 0, 0),
('navigation', 267, 0, 'colorbox/form', 'colorbox/form', 'Form', 'a:0:{}', 'system', -1, 0, 0, 0, 0, 1, 0, 267, 0, 0, 0, 0, 0, 0, 0, 0, 0),
('navigation', 268, 18, 'admin/settings/colorbox', 'admin/settings/colorbox', 'Colorbox', 'a:1:{s:10:"attributes";a:1:{s:5:"title";s:25:"Adjust Colorbox settings.";}}', 'system', 0, 0, 0, 0, 0, 3, 0, 2, 18, 268, 0, 0, 0, 0, 0, 0, 0),
('navigation', 269, 0, 'user/login/colorbox', 'user/login/colorbox', 'Login', 'a:0:{}', 'system', -1, 0, 0, 0, 0, 1, 0, 269, 0, 0, 0, 0, 0, 0, 0, 0, 0);

-- --------------------------------------------------------

--
-- Table structure for table `menu_router`
--

CREATE TABLE IF NOT EXISTS `menu_router` (
  `path` varchar(255) NOT NULL DEFAULT '',
  `load_functions` text NOT NULL,
  `to_arg_functions` text NOT NULL,
  `access_callback` varchar(255) NOT NULL DEFAULT '',
  `access_arguments` text,
  `page_callback` varchar(255) NOT NULL DEFAULT '',
  `page_arguments` text,
  `fit` int(11) NOT NULL DEFAULT '0',
  `number_parts` smallint(6) NOT NULL DEFAULT '0',
  `tab_parent` varchar(255) NOT NULL DEFAULT '',
  `tab_root` varchar(255) NOT NULL DEFAULT '',
  `title` varchar(255) NOT NULL DEFAULT '',
  `title_callback` varchar(255) NOT NULL DEFAULT '',
  `title_arguments` varchar(255) NOT NULL DEFAULT '',
  `type` int(11) NOT NULL DEFAULT '0',
  `block_callback` varchar(255) NOT NULL DEFAULT '',
  `description` text NOT NULL,
  `position` varchar(255) NOT NULL DEFAULT '',
  `weight` int(11) NOT NULL DEFAULT '0',
  `file` mediumtext,
  PRIMARY KEY (`path`),
  KEY `fit` (`fit`),
  KEY `tab_parent` (`tab_parent`),
  KEY `tab_root_weight_title` (`tab_root`(64),`weight`,`title`)
) ENGINE=MyISAM DEFAULT CHARSET=utf8;

--
-- Dumping data for table `menu_router`
--

INSERT INTO `menu_router` (`path`, `load_functions`, `to_arg_functions`, `access_callback`, `access_arguments`, `page_callback`, `page_arguments`, `fit`, `number_parts`, `tab_parent`, `tab_root`, `title`, `title_callback`, `title_arguments`, `type`, `block_callback`, `description`, `position`, `weight`, `file`) VALUES
('rss.xml', '', '', 'user_access', 'a:1:{i:0;s:14:"access content";}', 'node_feed', 'a:0:{}', 1, 1, '', 'rss.xml', 'RSS feed', 't', '', 4, '', '', '', 0, ''),
('crossdomain.xml', '', '', 'services_access_menu', 'a:0:{}', 'services_crossdomain_xml', 'a:0:{}', 1, 1, '', 'crossdomain.xml', '', 't', '', 4, '', '', '', 0, ''),
('node', '', '', 'user_access', 'a:1:{i:0;s:14:"access content";}', 'node_page_default', 'a:0:{}', 1, 1, '', 'node', 'Content', 't', '', 4, '', '', '', 0, ''),
('ahah_helper_demo', '', '', '1', 'a:0:{}', 'drupal_get_form', 'a:1:{i:0;s:21:"ahah_helper_demo_form";}', 1, 1, '', 'ahah_helper_demo', '', 't', '', 4, '', '', '', 0, ''),
('batch', '', '', '1', 'a:0:{}', 'system_batch_page', 'a:0:{}', 1, 1, '', 'batch', '', 't', '', 4, '', '', '', 0, 'modules/system/system.admin.inc'),
('admin', '', '', 'user_access', 'a:1:{i:0;s:27:"access administration pages";}', 'system_main_admin_page', 'a:0:{}', 1, 1, '', 'admin', 'Administer', 't', '', 6, '', '', '', 9, 'modules/system/system.admin.inc'),
('logout', '', '', 'user_is_logged_in', 'a:0:{}', 'user_logout', 'a:0:{}', 1, 1, '', 'logout', 'Log out', 't', '', 6, '', '', '', 10, 'modules/user/user.pages.inc'),
('search', '', '', 'user_access', 'a:1:{i:0;s:14:"search content";}', 'search_view', 'a:0:{}', 1, 1, '', 'search', 'Search', 't', '', 20, '', '', '', 0, 'modules/search/search.pages.inc'),
('user', '', '', '1', 'a:0:{}', 'user_page', 'a:0:{}', 1, 1, '', 'user', 'User account', 't', '', 4, '', '', '', 0, 'modules/user/user.pages.inc'),
('profile', '', '', 'user_access', 'a:1:{i:0;s:20:"access user profiles";}', 'profile_browse', 'a:0:{}', 1, 1, '', 'profile', 'User list', 't', '', 20, '', '', '', 0, 'modules/profile/profile.pages.inc'),
('user/login', '', '', 'user_is_anonymous', 'a:0:{}', 'user_page', 'a:0:{}', 3, 2, 'user', 'user', 'Log in', 't', '', 136, '', '', '', 0, 'modules/user/user.pages.inc'),
('toboggan/denied', '', '', '1', 'a:0:{}', 'logintoboggan_denied', 'a:0:{}', 3, 2, '', 'toboggan/denied', 'Access denied', 't', '', 4, '', '', '', 0, ''),
('system/files', '', '', '1', 'a:0:{}', 'file_download', 'a:0:{}', 3, 2, '', 'system/files', 'File download', 't', '', 4, '', '', '', 0, ''),
('ahah_helper/%', 'a:1:{i:1;s:26:"ahah_helper_form_item_load";}', '', '1', 'a:0:{}', 'ahah_helper_render', 'a:1:{i:0;i:1;}', 2, 2, '', 'ahah_helper/%', '', 't', '', 4, '', '', '', 0, ''),
('taxonomy/autocomplete', '', '', 'user_access', 'a:1:{i:0;s:14:"access content";}', 'taxonomy_autocomplete', 'a:0:{}', 3, 2, '', 'taxonomy/autocomplete', 'Autocomplete taxonomy', 't', '', 4, '', '', '', 0, 'modules/taxonomy/taxonomy.pages.inc'),
('admin/by-module', '', '', 'user_access', 'a:1:{i:0;s:27:"access administration pages";}', 'system_admin_by_module', 'a:0:{}', 3, 2, 'admin', 'admin', 'By module', 't', '', 128, '', '', '', 2, 'modules/system/system.admin.inc'),
('admin/by-task', '', '', 'user_access', 'a:1:{i:0;s:27:"access administration pages";}', 'system_main_admin_page', 'a:0:{}', 3, 2, 'admin', 'admin', 'By task', 't', '', 136, '', '', '', 0, 'modules/system/system.admin.inc'),
('admin/compact', '', '', 'user_access', 'a:1:{i:0;s:27:"access administration pages";}', 'system_admin_compact_page', 'a:0:{}', 3, 2, '', 'admin/compact', 'Compact mode', 't', '', 4, '', '', '', 0, 'modules/system/system.admin.inc'),
('filter/tips', '', '', '1', 'a:0:{}', 'filter_tips_long', 'a:0:{}', 3, 2, '', 'filter/tips', 'Compose tips', 't', '', 20, '', '', '', 0, 'modules/filter/filter.pages.inc'),
('node/add', '', '', '_node_add_access', 'a:0:{}', 'node_add_page', 'a:0:{}', 3, 2, '', 'node/add', 'Create content', 't', '', 6, '', '', '', 1, 'modules/node/node.pages.inc'),
('comment/delete', '', '', 'user_access', 'a:1:{i:0;s:19:"administer comments";}', 'comment_delete', 'a:0:{}', 3, 2, '', 'comment/delete', 'Delete comment', 't', '', 4, '', '', '', 0, 'modules/comment/comment.admin.inc'),
('comment/edit', '', '', 'user_access', 'a:1:{i:0;s:13:"post comments";}', 'comment_edit', 'a:0:{}', 3, 2, '', 'comment/edit', 'Edit comment', 't', '', 4, '', '', '', 0, 'modules/comment/comment.pages.inc'),
('admin/help', '', '', 'user_access', 'a:1:{i:0;s:27:"access administration pages";}', 'help_main', 'a:0:{}', 3, 2, '', 'admin/help', 'Help', 't', '', 6, '', '', '', 9, 'modules/help/help.admin.inc'),
('user/account', '', '', 'user_access', 'a:1:{i:0;s:26:"access all webform results";}', 'myaccount_page', 'a:0:{}', 3, 2, '', 'user/account', 'My Account', 't', '', 6, '', 'View the list of available data groups.', '', 0, ''),
('user/contacts', '', '', 'user_access', 'a:1:{i:0;s:20:"access user contacts";}', 'contacts_view', 'a:0:{}', 3, 2, '', 'user/contacts', 'My Contacts', 't', '', 6, '', 'View Contacts of the User.', '', 0, ''),
('profile/autocomplete', '', '', 'user_access', 'a:1:{i:0;s:20:"access user profiles";}', 'profile_autocomplete', 'a:0:{}', 3, 2, '', 'profile/autocomplete', 'Profile autocomplete', 't', '', 4, '', '', '', 0, 'modules/profile/profile.pages.inc'),
('services/%', 'a:1:{i:1;N;}', '', 'services_access_menu', 'a:0:{}', 'services_server', 'a:1:{i:0;i:1;}', 2, 2, '', 'services/%', 'Services', 't', '', 4, '', '', '', 0, ''),
('print/data', '', '', 'user_access', 'a:1:{i:0;s:26:"access all webform results";}', 'print_data_submission', 'a:0:{}', 3, 2, '', 'print/data', '', 't', '', 6, '', 'Print the submission of repective data groups.', '', 0, ''),
('user/register', '', '', 'user_register_access', 'a:0:{}', 'drupal_get_form', 'a:1:{i:0;s:13:"user_register";}', 3, 2, 'user', 'user', 'Create new account', 't', '', 128, '', '', '', 0, 'modules/user/user.pages.inc'),
('user/password', '', '', 'user_is_anonymous', 'a:0:{}', 'drupal_get_form', 'a:1:{i:0;s:9:"user_pass";}', 3, 2, 'user', 'user', 'Request new password', 't', '', 128, '', '', '', 0, 'modules/user/user.pages.inc'),
('user/autocomplete', '', '', 'user_access', 'a:1:{i:0;s:20:"access user profiles";}', 'user_autocomplete', 'a:0:{}', 3, 2, '', 'user/autocomplete', 'User autocomplete', 't', '', 4, '', '', '', 0, 'modules/user/user.pages.inc'),
('admin/content', '', '', 'user_access', 'a:1:{i:0;s:27:"access administration pages";}', 'system_admin_menu_block_page', 'a:0:{}', 3, 2, '', 'admin/content', 'Content management', 't', '', 6, '', 'Manage your site''s content.', 'left', -10, 'modules/system/system.admin.inc'),
('colorbox/form', '', '', '_colorbox_form_page_access', 'a:1:{i:0;i:2;}', 'colorbox_form_page', 'a:1:{i:0;i:2;}', 3, 2, '', 'colorbox/form', 'Form', 't', '', 4, '', '', '', 0, 'sites/all/modules/colorbox/colorbox.pages.inc'),
('admin/reports', '', '', 'user_access', 'a:1:{i:0;s:19:"access site reports";}', 'system_admin_menu_block_page', 'a:0:{}', 3, 2, '', 'admin/reports', 'Reports', 't', '', 6, '', 'View reports from system logs and other status information.', 'left', 5, 'modules/system/system.admin.inc'),
('admin/build', '', '', 'user_access', 'a:1:{i:0;s:27:"access administration pages";}', 'system_admin_menu_block_page', 'a:0:{}', 3, 2, '', 'admin/build', 'Site building', 't', '', 6, '', 'Control how your site looks and feels.', 'right', -10, 'modules/system/system.admin.inc'),
('admin/settings', '', '', 'user_access', 'a:1:{i:0;s:27:"access administration pages";}', 'system_settings_overview', 'a:0:{}', 3, 2, '', 'admin/settings', 'Site configuration', 't', '', 6, '', 'Adjust basic site configuration options.', 'right', -5, 'modules/system/system.admin.inc'),
('node/%', 'a:1:{i:1;s:9:"node_load";}', '', 'node_access', 'a:2:{i:0;s:4:"view";i:1;i:1;}', 'node_page_view', 'a:1:{i:0;i:1;}', 2, 2, '', 'node/%', '', 'node_page_title', 'a:1:{i:0;i:1;}', 4, '', '', '', 0, ''),
('admin/user', '', '', 'user_access', 'a:1:{i:0;s:27:"access administration pages";}', 'system_admin_menu_block_page', 'a:0:{}', 3, 2, '', 'admin/user', 'User management', 't', '', 6, '', 'Manage your site''s users, groups and access to site features.', 'left', 0, 'modules/system/system.admin.inc'),
('user/%', 'a:1:{i:1;s:22:"user_uid_optional_load";}', 'a:1:{i:1;s:24:"user_uid_optional_to_arg";}', 'user_view_access', 'a:1:{i:0;i:1;}', 'user_view', 'a:1:{i:0;i:1;}', 2, 2, '', 'user/%', 'My account', 'user_page_title', 'a:1:{i:0;i:1;}', 6, '', '', '', 0, 'modules/user/user.pages.inc'),
('node/%/view', 'a:1:{i:1;s:9:"node_load";}', '', 'node_access', 'a:2:{i:0;s:4:"view";i:1;i:1;}', 'node_page_view', 'a:1:{i:0;i:1;}', 5, 3, 'node/%', 'node/%', 'View', 't', '', 136, '', '', '', -10, ''),
('user/%/view', 'a:1:{i:1;s:9:"user_load";}', '', 'user_view_access', 'a:1:{i:0;i:1;}', 'user_view', 'a:1:{i:0;i:1;}', 5, 3, 'user/%', 'user/%', 'View', 't', '', 136, '', '', '', -10, 'modules/user/user.pages.inc'),
('admin/settings/actions', '', '', 'user_access', 'a:1:{i:0;s:18:"administer actions";}', 'system_actions_manage', 'a:0:{}', 7, 3, '', 'admin/settings/actions', 'Actions', 't', '', 6, '', 'Manage the actions defined for your site.', '', 0, ''),
('user/login/colorbox', '', '', 'user_is_anonymous', 'a:0:{}', 'colorbox_login', 'a:0:{}', 7, 3, '', 'user/login/colorbox', 'Login', 't', '', 4, '', '', '', 0, 'sites/all/modules/colorbox/colorbox.pages.inc'),
('user/contacts/%', 'a:1:{i:2;N;}', '', 'user_access', 'a:1:{i:0;s:20:"access user contacts";}', 'contacts_view_data_groups', 'a:0:{}', 6, 3, '', 'user/contacts/%', 'My Contacts', 't', '', 6, '', 'View shared data groups of the users contact.', '', 0, ''),
('admin/user/rules', '', '', 'user_access', 'a:1:{i:0;s:22:"administer permissions";}', 'user_admin_access', 'a:0:{}', 7, 3, '', 'admin/user/rules', 'Access rules', 't', '', 6, '', 'List and create rules to disallow usernames, e-mail addresses, and IP addresses.', '', 0, 'modules/user/user.admin.inc'),
('admin/reports/updates', '', '', 'user_access', 'a:1:{i:0;s:29:"administer site configuration";}', 'update_status', 'a:0:{}', 7, 3, '', 'admin/reports/updates', 'Available updates', 't', '', 6, '', 'Get a status report about available updates for your installed modules and themes.', '', 10, 'modules/update/update.report.inc'),
('admin/build/block', '', '', 'user_access', 'a:1:{i:0;s:17:"administer blocks";}', 'block_admin_display', 'a:0:{}', 7, 3, '', 'admin/build/block', 'Blocks', 't', '', 6, '', 'Configure what block content appears in your site''s sidebars and other regions.', '', 0, 'modules/block/block.admin.inc'),
('admin/content/comment', '', '', 'user_access', 'a:1:{i:0;s:19:"administer comments";}', 'comment_admin', 'a:0:{}', 7, 3, '', 'admin/content/comment', 'Comments', 't', '', 6, '', 'List and edit site comments and the comment moderation queue.', '', 0, 'modules/comment/comment.admin.inc'),
('admin/content/types', '', '', 'user_access', 'a:1:{i:0;s:24:"administer content types";}', 'node_overview_types', 'a:0:{}', 7, 3, '', 'admin/content/types', 'Content types', 't', '', 6, '', 'Manage posts by content type, including default status, front page promotion, etc.', '', 0, 'modules/node/content_types.inc'),
('toboggan/revalidate/%', 'a:1:{i:2;s:9:"user_load";}', '', 'logintoboggan_revalidate_access', 'a:1:{i:0;i:2;}', 'logintoboggan_resend_validation', 'a:1:{i:0;i:2;}', 6, 3, '', 'toboggan/revalidate/%', 'Re-send validation e-mail', 't', '', 4, '', '', '', 0, ''),
('admin/reports/status', '', '', 'user_access', 'a:1:{i:0;s:29:"administer site configuration";}', 'system_status', 'a:0:{}', 7, 3, '', 'admin/reports/status', 'Status report', 't', '', 6, '', 'Get a status report about your site''s operation and any detected problems.', '', 10, 'modules/system/system.admin.inc'),
('taxonomy/term/%', 'a:1:{i:2;N;}', '', 'user_access', 'a:1:{i:0;s:14:"access content";}', 'taxonomy_term_page', 'a:1:{i:0;i:2;}', 6, 3, '', 'taxonomy/term/%', 'Taxonomy term', 't', '', 4, '', '', '', 0, 'modules/taxonomy/taxonomy.pages.inc'),
('node/%/done', 'a:1:{i:1;s:17:"webform_menu_load";}', '', 'node_access', 'a:2:{i:0;s:4:"view";i:1;i:1;}', '_webform_confirmation', 'a:1:{i:0;i:1;}', 5, 3, '', 'node/%/done', 'Webform confirmation', 't', '', 4, '', '', '', 0, ''),
('admin/help/color', '', '', 'user_access', 'a:1:{i:0;s:27:"access administration pages";}', 'help_page', 'a:1:{i:0;i:2;}', 7, 3, '', 'admin/help/color', 'color', 't', '', 4, '', '', '', 0, 'modules/help/help.admin.inc'),
('remove/recommendation/letter', '', '', 'user_access', 'a:1:{i:0;s:26:"access all webform results";}', 'drupal_get_form', 'a:1:{i:0;s:33:"remove_recommendation_letter_form";}', 7, 3, '', 'remove/recommendation/letter', '', 't', '', 6, '', 'Remove Letter of Recommendation.', '', 0, ''),
('admin/settings/logging', '', '', 'user_access', 'a:1:{i:0;s:29:"administer site configuration";}', 'system_logging_overview', 'a:0:{}', 7, 3, '', 'admin/settings/logging', 'Logging and alerts', 't', '', 6, '', 'Settings for logging and alerts modules. Various modules can route Drupal''s system events to different destination, such as syslog, database, email, ...etc.', '', 0, 'modules/system/system.admin.inc'),
('admin/reports/dblog', '', '', 'user_access', 'a:1:{i:0;s:19:"access site reports";}', 'dblog_overview', 'a:0:{}', 7, 3, '', 'admin/reports/dblog', 'Recent log entries', 't', '', 6, '', 'View events that have recently been logged.', '', -1, 'modules/dblog/dblog.admin.inc'),
('admin/build/services', '', '', 'user_access', 'a:1:{i:0;s:19:"administer services";}', 'services_admin_browse_index', 'a:0:{}', 7, 3, '', 'admin/build/services', 'Services', 't', '', 6, '', 'Allows external applications to communicate with Drupal.', '', 0, 'sites/all/modules/services/services_admin_browse.inc'),
('admin/build/path', '', '', 'user_access', 'a:1:{i:0;s:22:"administer url aliases";}', 'path_admin_overview', 'a:0:{}', 7, 3, '', 'admin/build/path', 'URL aliases', 't', '', 6, '', 'Change your site''s URL paths by aliasing them.', '', 0, 'modules/path/path.admin.inc'),
('view/attachments/%', 'a:1:{i:2;N;}', '', 'user_access', 'a:1:{i:0;s:31:"access datagroup uploaded files";}', 'custom_view_attachments', 'a:0:{}', 6, 3, '', 'view/attachments/%', 'Webforms', 't', '', 6, '', 'View and edit all the available webforms on your site.', '', 0, ''),
('admin/help/block', '', '', 'user_access', 'a:1:{i:0;s:27:"access administration pages";}', 'help_page', 'a:1:{i:0;i:2;}', 7, 3, '', 'admin/help/block', 'block', 't', '', 4, '', '', '', 0, 'modules/help/help.admin.inc'),
('admin/help/comment', '', '', 'user_access', 'a:1:{i:0;s:27:"access administration pages";}', 'help_page', 'a:1:{i:0;i:2;}', 7, 3, '', 'admin/help/comment', 'comment', 't', '', 4, '', '', '', 0, 'modules/help/help.admin.inc'),
('admin/help/contacts', '', '', 'user_access', 'a:1:{i:0;s:27:"access administration pages";}', 'help_page', 'a:1:{i:0;i:2;}', 7, 3, '', 'admin/help/contacts', 'contacts', 't', '', 4, '', '', '', 0, 'modules/help/help.admin.inc'),
('admin/help/custom', '', '', 'user_access', 'a:1:{i:0;s:27:"access administration pages";}', 'help_page', 'a:1:{i:0;i:2;}', 7, 3, '', 'admin/help/custom', 'custom', 't', '', 4, '', '', '', 0, 'modules/help/help.admin.inc'),
('admin/help/datagroup_services', '', '', 'user_access', 'a:1:{i:0;s:27:"access administration pages";}', 'help_page', 'a:1:{i:0;i:2;}', 7, 3, '', 'admin/help/datagroup_services', 'datagroup_services', 't', '', 4, '', '', '', 0, 'modules/help/help.admin.inc'),
('admin/help/dblog', '', '', 'user_access', 'a:1:{i:0;s:27:"access administration pages";}', 'help_page', 'a:1:{i:0;i:2;}', 7, 3, '', 'admin/help/dblog', 'dblog', 't', '', 4, '', '', '', 0, 'modules/help/help.admin.inc'),
('admin/help/filter', '', '', 'user_access', 'a:1:{i:0;s:27:"access administration pages";}', 'help_page', 'a:1:{i:0;i:2;}', 7, 3, '', 'admin/help/filter', 'filter', 't', '', 4, '', '', '', 0, 'modules/help/help.admin.inc'),
('admin/help/help', '', '', 'user_access', 'a:1:{i:0;s:27:"access administration pages";}', 'help_page', 'a:1:{i:0;i:2;}', 7, 3, '', 'admin/help/help', 'help', 't', '', 4, '', '', '', 0, 'modules/help/help.admin.inc'),
('admin/settings/jquery_update', '', '', 'user_access', 'a:1:{i:0;s:29:"administer site configuration";}', 'drupal_get_form', 'a:1:{i:0;s:22:"jquery_update_settings";}', 7, 3, '', 'admin/settings/jquery_update', 'jQuery Update', 't', '', 6, '', 'Configure settings for jQuery Update module.', '', 0, ''),
('admin/help/logintoboggan', '', '', 'user_access', 'a:1:{i:0;s:27:"access administration pages";}', 'help_page', 'a:1:{i:0;i:2;}', 7, 3, '', 'admin/help/logintoboggan', 'logintoboggan', 't', '', 4, '', '', '', 0, 'modules/help/help.admin.inc'),
('admin/help/menu', '', '', 'user_access', 'a:1:{i:0;s:27:"access administration pages";}', 'help_page', 'a:1:{i:0;i:2;}', 7, 3, '', 'admin/help/menu', 'menu', 't', '', 4, '', '', '', 0, 'modules/help/help.admin.inc'),
('admin/help/node', '', '', 'user_access', 'a:1:{i:0;s:27:"access administration pages";}', 'help_page', 'a:1:{i:0;i:2;}', 7, 3, '', 'admin/help/node', 'node', 't', '', 4, '', '', '', 0, 'modules/help/help.admin.inc'),
('admin/help/path', '', '', 'user_access', 'a:1:{i:0;s:27:"access administration pages";}', 'help_page', 'a:1:{i:0;i:2;}', 7, 3, '', 'admin/help/path', 'path', 't', '', 4, '', '', '', 0, 'modules/help/help.admin.inc'),
('admin/help/pathauto', '', '', 'user_access', 'a:1:{i:0;s:27:"access administration pages";}', 'help_page', 'a:1:{i:0;i:2;}', 7, 3, '', 'admin/help/pathauto', 'pathauto', 't', '', 4, '', '', '', 0, 'modules/help/help.admin.inc'),
('admin/help/profile', '', '', 'user_access', 'a:1:{i:0;s:27:"access administration pages";}', 'help_page', 'a:1:{i:0;i:2;}', 7, 3, '', 'admin/help/profile', 'profile', 't', '', 4, '', '', '', 0, 'modules/help/help.admin.inc'),
('admin/help/search', '', '', 'user_access', 'a:1:{i:0;s:27:"access administration pages";}', 'help_page', 'a:1:{i:0;i:2;}', 7, 3, '', 'admin/help/search', 'search', 't', '', 4, '', '', '', 0, 'modules/help/help.admin.inc'),
('admin/help/services', '', '', 'user_access', 'a:1:{i:0;s:27:"access administration pages";}', 'help_page', 'a:1:{i:0;i:2;}', 7, 3, '', 'admin/help/services', 'services', 't', '', 4, '', '', '', 0, 'modules/help/help.admin.inc'),
('admin/help/system', '', '', 'user_access', 'a:1:{i:0;s:27:"access administration pages";}', 'help_page', 'a:1:{i:0;i:2;}', 7, 3, '', 'admin/help/system', 'system', 't', '', 4, '', '', '', 0, 'modules/help/help.admin.inc'),
('admin/help/taxonomy', '', '', 'user_access', 'a:1:{i:0;s:27:"access administration pages";}', 'help_page', 'a:1:{i:0;i:2;}', 7, 3, '', 'admin/help/taxonomy', 'taxonomy', 't', '', 4, '', '', '', 0, 'modules/help/help.admin.inc'),
('admin/help/token', '', '', 'user_access', 'a:1:{i:0;s:27:"access administration pages";}', 'help_page', 'a:1:{i:0;i:2;}', 7, 3, '', 'admin/help/token', 'token', 't', '', 4, '', '', '', 0, 'modules/help/help.admin.inc'),
('admin/help/update', '', '', 'user_access', 'a:1:{i:0;s:27:"access administration pages";}', 'help_page', 'a:1:{i:0;i:2;}', 7, 3, '', 'admin/help/update', 'update', 't', '', 4, '', '', '', 0, 'modules/help/help.admin.inc'),
('admin/help/user', '', '', 'user_access', 'a:1:{i:0;s:27:"access administration pages";}', 'help_page', 'a:1:{i:0;i:2;}', 7, 3, '', 'admin/help/user', 'user', 't', '', 4, '', '', '', 0, 'modules/help/help.admin.inc'),
('admin/help/view_data', '', '', 'user_access', 'a:1:{i:0;s:27:"access administration pages";}', 'help_page', 'a:1:{i:0;i:2;}', 7, 3, '', 'admin/help/view_data', 'view_data', 't', '', 4, '', '', '', 0, 'modules/help/help.admin.inc'),
('admin/help/webform', '', '', 'user_access', 'a:1:{i:0;s:27:"access administration pages";}', 'help_page', 'a:1:{i:0;i:2;}', 7, 3, '', 'admin/help/webform', 'webform', 't', '', 4, '', '', '', 0, 'modules/help/help.admin.inc'),
('node/%/access', 'a:1:{i:1;s:9:"node_load";}', '', 'content_access_node_page_access', 'a:1:{i:0;i:1;}', 'drupal_get_form', 'a:2:{i:0;s:19:"content_access_page";i:1;i:1;}', 5, 3, 'node/%', 'node/%', 'Access control', 't', '', 128, '', '', '', 3, 'sites/all/modules/content_access/content_access.admin.inc'),
('admin/settings/clean-urls', '', '', 'user_access', 'a:1:{i:0;s:29:"administer site configuration";}', 'drupal_get_form', 'a:1:{i:0;s:25:"system_clean_url_settings";}', 7, 3, '', 'admin/settings/clean-urls', 'Clean URLs', 't', '', 6, '', 'Enable or disable clean URLs for your site.', '', 0, 'modules/system/system.admin.inc'),
('admin/settings/colorbox', '', '', 'user_access', 'a:1:{i:0;s:29:"administer site configuration";}', 'drupal_get_form', 'a:1:{i:0;s:23:"colorbox_admin_settings";}', 7, 3, '', 'admin/settings/colorbox', 'Colorbox', 't', '', 6, '', 'Adjust Colorbox settings.', '', 0, 'sites/all/modules/colorbox/colorbox.admin.inc'),
('admin/content/node', '', '', 'user_access', 'a:1:{i:0;s:16:"administer nodes";}', 'drupal_get_form', 'a:1:{i:0;s:18:"node_admin_content";}', 7, 3, '', 'admin/content/node', 'Content', 't', '', 6, '', 'View, edit, and delete your site''s content.', '', 0, 'modules/node/node.admin.inc'),
('admin/settings/date-time', '', '', 'user_access', 'a:1:{i:0;s:29:"administer site configuration";}', 'drupal_get_form', 'a:1:{i:0;s:25:"system_date_time_settings";}', 7, 3, '', 'admin/settings/date-time', 'Date and time', 't', '', 6, '', 'Settings for how Drupal displays date and time, as well as the system''s default timezone.', '', 0, 'modules/system/system.admin.inc'),
('node/%/delete', 'a:1:{i:1;s:9:"node_load";}', '', 'node_access', 'a:2:{i:0;s:6:"delete";i:1;i:1;}', 'drupal_get_form', 'a:2:{i:0;s:19:"node_delete_confirm";i:1;i:1;}', 5, 3, '', 'node/%/delete', 'Delete', 't', '', 4, '', '', '', 1, 'modules/node/node.pages.inc'),
('user/%/delete', 'a:1:{i:1;s:9:"user_load";}', '', 'user_delete_access', 'a:1:{i:0;i:1;}', 'drupal_get_form', 'a:2:{i:0;s:19:"user_confirm_delete";i:1;i:1;}', 5, 3, '', 'user/%/delete', 'Delete', 't', '', 4, '', '', '', 0, 'modules/user/user.pages.inc'),
('node/%/edit', 'a:1:{i:1;s:9:"node_load";}', '', 'node_access', 'a:2:{i:0;s:6:"update";i:1;i:1;}', 'node_page_edit', 'a:1:{i:0;i:1;}', 5, 3, 'node/%', 'node/%', 'Edit', 't', '', 128, '', '', '', 1, 'modules/node/node.pages.inc'),
('admin/settings/error-reporting', '', '', 'user_access', 'a:1:{i:0;s:29:"administer site configuration";}', 'drupal_get_form', 'a:1:{i:0;s:31:"system_error_reporting_settings";}', 7, 3, '', 'admin/settings/error-reporting', 'Error reporting', 't', '', 6, '', 'Control how Drupal deals with errors including 403/404 errors as well as PHP error reporting.', '', 0, 'modules/system/system.admin.inc'),
('admin/settings/file-system', '', '', 'user_access', 'a:1:{i:0;s:29:"administer site configuration";}', 'drupal_get_form', 'a:1:{i:0;s:27:"system_file_system_settings";}', 7, 3, '', 'admin/settings/file-system', 'File system', 't', '', 6, '', 'Tell Drupal where to store uploaded files and how they are accessed.', '', 0, 'modules/system/system.admin.inc'),
('admin/settings/image-toolkit', '', '', 'user_access', 'a:1:{i:0;s:29:"administer site configuration";}', 'drupal_get_form', 'a:1:{i:0;s:29:"system_image_toolkit_settings";}', 7, 3, '', 'admin/settings/image-toolkit', 'Image toolkit', 't', '', 6, '', 'Choose which image toolkit to use if you have installed optional toolkits.', '', 0, 'modules/system/system.admin.inc'),
('popdata/import/sample_data', '', '', 'user_access', 'a:1:{i:0;s:31:"import datagroup uploaded files";}', 'drupal_get_form', 'a:1:{i:0;s:31:"popdata_import_sample_data_form";}', 7, 3, '', 'popdata/import/sample_data', 'Import Sample Data', 't', '', 6, '', 'import sample data', '', 0, ''),
('admin/settings/filters', '', '', 'user_access', 'a:1:{i:0;s:18:"administer filters";}', 'drupal_get_form', 'a:1:{i:0;s:21:"filter_admin_overview";}', 7, 3, '', 'admin/settings/filters', 'Input formats', 't', '', 6, '', 'Configure how content input by users is filtered, including allowed HTML tags. Also allows enabling of module-provided filters.', '', 0, 'modules/filter/filter.admin.inc'),
('admin/user/logintoboggan', '', '', 'user_access', 'a:1:{i:0;s:29:"administer site configuration";}', 'drupal_get_form', 'a:1:{i:0;s:27:"logintoboggan_main_settings";}', 7, 3, '', 'admin/user/logintoboggan', 'LoginToboggan', 't', '', 6, '', 'Set up custom login options like instant login, login redirects, pre-authorized validation roles, etc.', '', 0, ''),
('admin/build/menu', '', '', 'user_access', 'a:1:{i:0;s:15:"administer menu";}', 'menu_overview_page', 'a:0:{}', 7, 3, '', 'admin/build/menu', 'Menus', 't', '', 6, '', 'Control your site''s navigation menu, primary links and secondary links, as well as rename and reorganize menu items.', '', 0, 'modules/menu/menu.admin.inc'),
('admin/build/modules', '', '', 'user_access', 'a:1:{i:0;s:29:"administer site configuration";}', 'drupal_get_form', 'a:1:{i:0;s:14:"system_modules";}', 7, 3, '', 'admin/build/modules', 'Modules', 't', '', 6, '', 'Enable or disable add-on modules for your site.', '', 0, 'modules/system/system.admin.inc'),
('admin/settings/performance', '', '', 'user_access', 'a:1:{i:0;s:29:"administer site configuration";}', 'drupal_get_form', 'a:1:{i:0;s:27:"system_performance_settings";}', 7, 3, '', 'admin/settings/performance', 'Performance', 't', '', 6, '', 'Enable or disable page caching for anonymous users and set CSS and JS bandwidth optimization options.', '', 0, 'modules/system/system.admin.inc'),
('admin/user/permissions', '', '', 'user_access', 'a:1:{i:0;s:22:"administer permissions";}', 'drupal_get_form', 'a:1:{i:0;s:15:"user_admin_perm";}', 7, 3, '', 'admin/user/permissions', 'Permissions', 't', '', 6, '', 'Determine access to features by selecting permissions for roles.', '', 0, 'modules/user/user.admin.inc'),
('admin/content/node-settings', '', '', 'user_access', 'a:1:{i:0;s:16:"administer nodes";}', 'drupal_get_form', 'a:1:{i:0;s:14:"node_configure";}', 7, 3, '', 'admin/content/node-settings', 'Post settings', 't', '', 6, '', 'Control posting behavior, such as teaser length, requiring previews before posting, and the number of posts on the front page.', '', 0, 'modules/node/node.admin.inc'),
('admin/user/profile', '', '', 'user_access', 'a:1:{i:0;s:16:"administer users";}', 'drupal_get_form', 'a:1:{i:0;s:22:"profile_admin_overview";}', 7, 3, '', 'admin/user/profile', 'Profiles', 't', '', 6, '', 'Create customizable fields for your users.', '', 0, 'modules/profile/profile.admin.inc'),
('admin/content/rss-publishing', '', '', 'user_access', 'a:1:{i:0;s:29:"administer site configuration";}', 'drupal_get_form', 'a:1:{i:0;s:25:"system_rss_feeds_settings";}', 7, 3, '', 'admin/content/rss-publishing', 'RSS publishing', 't', '', 6, '', 'Configure the number of items per feed and whether feeds should be titles/teasers/full-text.', '', 0, 'modules/system/system.admin.inc'),
('comment/reply/%', 'a:1:{i:2;s:9:"node_load";}', '', 'node_access', 'a:2:{i:0;s:4:"view";i:1;i:2;}', 'comment_reply', 'a:1:{i:0;i:2;}', 6, 3, '', 'comment/reply/%', 'Reply to comment', 't', '', 4, '', '', '', 0, 'modules/comment/comment.pages.inc'),
('node/%/webform-results', 'a:1:{i:1;s:17:"webform_menu_load";}', '', 'webform_results_access', 'a:1:{i:0;i:1;}', 'webform_results_submissions', 'a:3:{i:0;i:1;i:1;b:0;i:2;s:2:"50";}', 5, 3, 'node/%', 'node/%', 'Results', 't', '', 128, '', '', '', 2, 'sites/all/modules/webform/includes/webform.report.inc'),
('node/%/revisions', 'a:1:{i:1;s:9:"node_load";}', '', '_node_revision_access', 'a:1:{i:0;i:1;}', 'node_revision_overview', 'a:1:{i:0;i:1;}', 5, 3, 'node/%', 'node/%', 'Revisions', 't', '', 128, '', '', '', 2, 'modules/node/node.pages.inc'),
('admin/user/roles', '', '', 'user_access', 'a:1:{i:0;s:22:"administer permissions";}', 'drupal_get_form', 'a:1:{i:0;s:19:"user_admin_new_role";}', 7, 3, '', 'admin/user/roles', 'Roles', 't', '', 6, '', 'List, edit, or add user roles.', '', 0, 'modules/user/user.admin.inc'),
('admin/settings/search', '', '', 'user_access', 'a:1:{i:0;s:17:"administer search";}', 'drupal_get_form', 'a:1:{i:0;s:21:"search_admin_settings";}', 7, 3, '', 'admin/settings/search', 'Search settings', 't', '', 6, '', 'Configure relevance settings for search and other indexing options', '', 0, 'modules/search/search.admin.inc'),
('admin/settings/site-information', '', '', 'user_access', 'a:1:{i:0;s:29:"administer site configuration";}', 'drupal_get_form', 'a:1:{i:0;s:32:"system_site_information_settings";}', 7, 3, '', 'admin/settings/site-information', 'Site information', 't', '', 6, '', 'Change basic site information, such as the site name, slogan, e-mail address, mission, front page and more.', '', 0, 'modules/system/system.admin.inc'),
('admin/settings/site-maintenance', '', '', 'user_access', 'a:1:{i:0;s:29:"administer site configuration";}', 'drupal_get_form', 'a:1:{i:0;s:32:"system_site_maintenance_settings";}', 7, 3, '', 'admin/settings/site-maintenance', 'Site maintenance', 't', '', 6, '', 'Take the site off-line for maintenance or bring it back online.', '', 0, 'modules/system/system.admin.inc'),
('node/%/submissions', 'a:1:{i:1;s:17:"webform_menu_load";}', '', 'webform_submission_access', 'a:3:{i:0;i:1;i:1;N;i:2;s:4:"list";}', 'webform_results_submissions', 'a:3:{i:0;i:1;i:1;b:1;i:2;s:2:"50";}', 5, 3, '', 'node/%/submissions', 'Submissions', 't', '', 4, '', '', '', 0, 'sites/all/modules/webform/includes/webform.report.inc'),
('admin/content/taxonomy', '', '', 'user_access', 'a:1:{i:0;s:19:"administer taxonomy";}', 'drupal_get_form', 'a:1:{i:0;s:30:"taxonomy_overview_vocabularies";}', 7, 3, '', 'admin/content/taxonomy', 'Taxonomy', 't', '', 6, '', 'Manage tagging, categorization, and classification of your content.', '', 0, 'modules/taxonomy/taxonomy.admin.inc'),
('admin/build/themes', '', '', 'user_access', 'a:1:{i:0;s:29:"administer site configuration";}', 'drupal_get_form', 'a:2:{i:0;s:18:"system_themes_form";i:1;N;}', 7, 3, '', 'admin/build/themes', 'Themes', 't', '', 6, '', 'Change which theme your site uses or allows users to set.', '', 0, 'modules/system/system.admin.inc'),
('admin/reports/access-denied', '', '', 'user_access', 'a:1:{i:0;s:19:"access site reports";}', 'dblog_top', 'a:1:{i:0;s:13:"access denied";}', 7, 3, '', 'admin/reports/access-denied', 'Top ''access denied'' errors', 't', '', 6, '', 'View ''access denied'' errors (403s).', '', 0, 'modules/dblog/dblog.admin.inc'),
('admin/reports/page-not-found', '', '', 'user_access', 'a:1:{i:0;s:19:"access site reports";}', 'dblog_top', 'a:1:{i:0;s:14:"page not found";}', 7, 3, '', 'admin/reports/page-not-found', 'Top ''page not found'' errors', 't', '', 6, '', 'View ''page not found'' errors (404s).', '', 0, 'modules/dblog/dblog.admin.inc'),
('admin/user/settings', '', '', 'user_access', 'a:1:{i:0;s:16:"administer users";}', 'drupal_get_form', 'a:1:{i:0;s:19:"user_admin_settings";}', 7, 3, '', 'admin/user/settings', 'User settings', 't', '', 6, '', 'Configure default behavior of users, including registration requirements, e-mails, and user pictures.', '', 0, 'modules/user/user.admin.inc'),
('admin/user/user', '', '', 'user_access', 'a:1:{i:0;s:16:"administer users";}', 'user_admin', 'a:1:{i:0;s:4:"list";}', 7, 3, '', 'admin/user/user', 'Users', 't', '', 6, '', 'List, add, and edit users.', '', 0, 'modules/user/user.admin.inc'),
('node/%/webform', 'a:1:{i:1;s:17:"webform_menu_load";}', '', 'node_access', 'a:2:{i:0;s:6:"update";i:1;i:1;}', 'webform_components_page', 'a:1:{i:0;i:1;}', 5, 3, 'node/%', 'node/%', 'Webform', 't', '', 128, '', '', '', 1, 'sites/all/modules/webform/includes/webform.components.inc'),
('admin/content/webform', '', '', 'user_access', 'a:1:{i:0;s:26:"access all webform results";}', 'webform_admin_content', 'a:0:{}', 7, 3, '', 'admin/content/webform', 'Webforms', 't', '', 6, '', 'View and edit all the available webforms on your site.', '', 0, 'sites/all/modules/webform/includes/webform.admin.inc'),
('user/%/edit', 'a:1:{i:1;a:1:{s:18:"user_category_load";a:2:{i:0;s:4:"%map";i:1;s:6:"%index";}}}', '', 'user_edit_access', 'a:1:{i:0;i:1;}', 'user_edit', 'a:1:{i:0;i:1;}', 5, 3, 'user/%', 'user/%', 'Edit', 't', '', 128, '', '', '', 0, 'modules/user/user.pages.inc'),
('admin/reports/search', '', '', 'user_access', 'a:1:{i:0;s:19:"access site reports";}', 'dblog_top', 'a:1:{i:0;s:6:"search";}', 7, 3, '', 'admin/reports/search', 'Top search phrases', 't', '', 6, '', 'View most popular search phrases.', '', 0, 'modules/dblog/dblog.admin.inc'),
('admin/settings/webform', '', '', 'user_access', 'a:1:{i:0;s:29:"administer site configuration";}', 'drupal_get_form', 'a:1:{i:0;s:22:"webform_admin_settings";}', 7, 3, '', 'admin/settings/webform', 'Webform settings', 't', '', 6, '', 'Global configuration of webform functionality.', '', 0, 'sites/all/modules/webform/includes/webform.admin.inc'),
('admin/settings/admin', '', '', 'user_access', 'a:1:{i:0;s:29:"administer site configuration";}', 'drupal_get_form', 'a:1:{i:0;s:27:"system_admin_theme_settings";}', 7, 3, '', 'admin/settings/admin', 'Administration theme', 't', '', 6, 'system_admin_theme_settings', 'Settings for how your administrative pages should look.', 'left', 0, 'modules/system/system.admin.inc'),
('node/add/page', '', '', 'node_access', 'a:2:{i:0;s:6:"create";i:1;s:4:"page";}', 'node_add', 'a:1:{i:0;i:2;}', 7, 3, '', 'node/add/page', 'Page', 'check_plain', '', 6, '', 'A <em>page</em>, similar in form to a <em>story</em>, is a simple method for creating and displaying information that rarely changes, such as an "About us" section of a website. By default, a <em>page</em> entry does not allow visitor comments and is not featured on the site''s initial home page.', '', 0, 'modules/node/node.pages.inc'),
('node/add/story', '', '', 'node_access', 'a:2:{i:0;s:6:"create";i:1;s:5:"story";}', 'node_add', 'a:1:{i:0;i:2;}', 7, 3, '', 'node/add/story', 'Story', 'check_plain', '', 6, '', 'A <em>story</em>, similar in form to a <em>page</em>, is ideal for creating and displaying content that informs or engages website visitors. Press releases, site announcements, and informal blog-like entries may all be created with a <em>story</em> entry. By default, a <em>story</em> entry is automatically featured on the site''s initial home page, and provides the ability to post comments.', '', 0, 'modules/node/node.pages.inc'),
('node/add/webform', '', '', 'node_access', 'a:2:{i:0;s:6:"create";i:1;s:7:"webform";}', 'node_add', 'a:1:{i:0;i:2;}', 7, 3, '', 'node/add/webform', 'Webform', 'check_plain', '', 6, '', 'Create a new form or questionnaire accessible to users. Submission results and statistics are recorded and accessible to privileged users.', '', 0, 'modules/node/node.pages.inc'),
('search/node/%', 'a:1:{i:2;N;}', 'a:1:{i:2;s:16:"menu_tail_to_arg";}', '_search_menu', 'a:1:{i:0;s:4:"node";}', 'search_view', 'a:1:{i:0;s:4:"node";}', 6, 3, 'search', 'search', '', 'module_invoke', 'a:4:{i:0;s:4:"node";i:1;s:6:"search";i:2;s:4:"name";i:3;b:1;}', 128, '', '', '', 0, 'modules/search/search.pages.inc'),
('search/user/%', 'a:1:{i:2;N;}', 'a:1:{i:2;s:16:"menu_tail_to_arg";}', '_search_menu', 'a:1:{i:0;s:4:"user";}', 'search_view', 'a:1:{i:0;s:4:"user";}', 6, 3, 'search', 'search', '', 'module_invoke', 'a:4:{i:0;s:4:"user";i:1;s:6:"search";i:2;s:4:"name";i:3;b:1;}', 128, '', '', '', 0, 'modules/search/search.pages.inc'),
('admin/build/block/list', '', '', 'user_access', 'a:1:{i:0;s:17:"administer blocks";}', 'block_admin_display', 'a:0:{}', 15, 4, 'admin/build/block', 'admin/build/block', 'List', 't', '', 136, '', '', '', -10, 'modules/block/block.admin.inc'),
('admin/content/node/overview', '', '', 'user_access', 'a:1:{i:0;s:16:"administer nodes";}', 'drupal_get_form', 'a:1:{i:0;s:18:"node_admin_content";}', 15, 4, 'admin/content/node', 'admin/content/node', 'List', 't', '', 136, '', '', '', -10, 'modules/node/node.admin.inc'),
('admin/content/types/list', '', '', 'user_access', 'a:1:{i:0;s:24:"administer content types";}', 'node_overview_types', 'a:0:{}', 15, 4, 'admin/content/types', 'admin/content/types', 'List', 't', '', 136, '', '', '', -10, 'modules/node/content_types.inc'),
('admin/settings/filters/list', '', '', 'user_access', 'a:1:{i:0;s:18:"administer filters";}', 'drupal_get_form', 'a:1:{i:0;s:21:"filter_admin_overview";}', 15, 4, 'admin/settings/filters', 'admin/settings/filters', 'List', 't', '', 136, '', '', '', 0, 'modules/filter/filter.admin.inc'),
('admin/build/path/list', '', '', 'user_access', 'a:1:{i:0;s:22:"administer url aliases";}', 'path_admin_overview', 'a:0:{}', 15, 4, 'admin/build/path', 'admin/build/path', 'List', 't', '', 136, '', '', '', -10, 'modules/path/path.admin.inc'),
('admin/content/taxonomy/list', '', '', 'user_access', 'a:1:{i:0;s:19:"administer taxonomy";}', 'drupal_get_form', 'a:1:{i:0;s:30:"taxonomy_overview_vocabularies";}', 15, 4, 'admin/content/taxonomy', 'admin/content/taxonomy', 'List', 't', '', 136, '', '', '', -10, 'modules/taxonomy/taxonomy.admin.inc'),
('admin/user/rules/list', '', '', 'user_access', 'a:1:{i:0;s:22:"administer permissions";}', 'user_admin_access', 'a:0:{}', 15, 4, 'admin/user/rules', 'admin/user/rules', 'List', 't', '', 136, '', '', '', -10, 'modules/user/user.admin.inc'),
('admin/build/modules/list', '', '', 'user_access', 'a:1:{i:0;s:29:"administer site configuration";}', 'drupal_get_form', 'a:1:{i:0;s:14:"system_modules";}', 15, 4, 'admin/build/modules', 'admin/build/modules', 'List', 't', '', 136, '', '', '', 0, 'modules/system/system.admin.inc'),
('admin/user/user/list', '', '', 'user_access', 'a:1:{i:0;s:16:"administer users";}', 'user_admin', 'a:1:{i:0;s:4:"list";}', 15, 4, 'admin/user/user', 'admin/user/user', 'List', 't', '', 136, '', '', '', -10, 'modules/user/user.admin.inc'),
('admin/content/comment/new', '', '', 'user_access', 'a:1:{i:0;s:19:"administer comments";}', 'comment_admin', 'a:0:{}', 15, 4, 'admin/content/comment', 'admin/content/comment', 'Published comments', 't', '', 136, '', '', '', -10, 'modules/comment/comment.admin.inc'),
('user/%/edit/account', 'a:1:{i:1;a:1:{s:18:"user_category_load";a:2:{i:0;s:4:"%map";i:1;s:6:"%index";}}}', '', 'user_edit_access', 'a:1:{i:0;i:1;}', 'user_edit', 'a:1:{i:0;i:1;}', 11, 4, 'user/%/edit', 'user/%', 'Account', 't', '', 136, '', '', '', 0, 'modules/user/user.pages.inc'),
('admin/build/services/browse', '', '', 'user_access', 'a:1:{i:0;s:19:"administer services";}', 'services_admin_browse_index', 'a:0:{}', 15, 4, 'admin/build/services', 'admin/build/services', 'Browse', 't', '', 136, '', 'Browse and test available remote services.', '', -10, 'sites/all/modules/services/services_admin_browse.inc'),
('admin/build/themes/select', '', '', 'user_access', 'a:1:{i:0;s:29:"administer site configuration";}', 'drupal_get_form', 'a:2:{i:0;s:18:"system_themes_form";i:1;N;}', 15, 4, 'admin/build/themes', 'admin/build/themes', 'List', 't', '', 136, '', 'Select the default theme.', '', -1, 'modules/system/system.admin.inc'),
('admin/build/menu/list', '', '', 'user_access', 'a:1:{i:0;s:15:"administer menu";}', 'menu_overview_page', 'a:0:{}', 15, 4, 'admin/build/menu', 'admin/build/menu', 'List menus', 't', '', 136, '', '', '', -10, 'modules/menu/menu.admin.inc'),
('admin/build/themes/settings', '', '', 'user_access', 'a:1:{i:0;s:29:"administer site configuration";}', 'drupal_get_form', 'a:1:{i:0;s:21:"system_theme_settings";}', 15, 4, 'admin/build/themes', 'admin/build/themes', 'Configure', 't', '', 128, '', '', '', 0, 'modules/system/system.admin.inc'),
('admin/settings/actions/manage', '', '', 'user_access', 'a:1:{i:0;s:18:"administer actions";}', 'system_actions_manage', 'a:0:{}', 15, 4, 'admin/settings/actions', 'admin/settings/actions', 'Manage actions', 't', '', 136, '', 'Manage the actions defined for your site.', '', -2, ''),
('admin/settings/actions/orphan', '', '', 'user_access', 'a:1:{i:0;s:18:"administer actions";}', 'system_actions_remove_orphans', 'a:0:{}', 15, 4, '', 'admin/settings/actions/orphan', 'Remove orphans', 't', '', 4, '', '', '', 0, ''),
('webform_addmore/js/remove/subdatagroup', '', '', '1', 'a:0:{}', 'webform_addmore_js_remove_subdatagroup', 'a:0:{}', 15, 4, '', 'webform_addmore/js/remove/subdatagroup', '', 't', '', 6, '', '', '', 0, ''),
('admin/build/modules/uninstall', '', '', 'user_access', 'a:1:{i:0;s:29:"administer site configuration";}', 'drupal_get_form', 'a:1:{i:0;s:24:"system_modules_uninstall";}', 15, 4, 'admin/build/modules', 'admin/build/modules', 'Uninstall', 't', '', 128, '', '', '', 0, 'modules/system/system.admin.inc'),
('admin/build/path/add', '', '', 'user_access', 'a:1:{i:0;s:22:"administer url aliases";}', 'path_admin_edit', 'a:0:{}', 15, 4, 'admin/build/path', 'admin/build/path', 'Add alias', 't', '', 128, '', '', '', 0, 'modules/path/path.admin.inc'),
('admin/settings/filters/add', '', '', 'user_access', 'a:1:{i:0;s:18:"administer filters";}', 'filter_admin_format_page', 'a:0:{}', 15, 4, 'admin/settings/filters', 'admin/settings/filters', 'Add input format', 't', '', 128, '', '', '', 1, 'modules/filter/filter.admin.inc'),
('admin/services/ahah/security-options', '', '', 'user_access', 'a:1:{i:0;s:19:"administer services";}', '_services_ahah_security_options', 'a:0:{}', 15, 4, '', 'admin/services/ahah/security-options', '', 't', '', 4, '', '', '', 0, 'sites/all/modules/services/services_admin_browse.inc'),
('admin/user/rules/add', '', '', 'user_access', 'a:1:{i:0;s:22:"administer permissions";}', 'user_admin_access_add', 'a:0:{}', 15, 4, 'admin/user/rules', 'admin/user/rules', 'Add rule', 't', '', 128, '', '', '', 0, 'modules/user/user.admin.inc'),
('view/data/%/%', 'a:2:{i:2;s:9:"node_load";i:3;s:9:"user_load";}', '', 'user_access', 'a:1:{i:0;s:26:"access all webform results";}', 'view_data_submission', 'a:0:{}', 12, 4, '', 'view/data/%/%', '', 't', '', 6, '', 'View the list of submission of repective data groups.', '', 0, ''),
('admin/user/user/create', '', '', 'user_access', 'a:1:{i:0;s:16:"administer users";}', 'user_admin', 'a:1:{i:0;s:6:"create";}', 15, 4, 'admin/user/user', 'admin/user/user', 'Add user', 't', '', 128, '', '', '', 0, 'modules/user/user.admin.inc'),
('admin/content/comment/approval', '', '', 'user_access', 'a:1:{i:0;s:19:"administer comments";}', 'comment_admin', 'a:1:{i:0;s:8:"approval";}', 15, 4, 'admin/content/comment', 'admin/content/comment', 'Approval queue', 't', '', 128, '', '', '', 0, 'modules/comment/comment.admin.inc'),
('admin/user/rules/check', '', '', 'user_access', 'a:1:{i:0;s:22:"administer permissions";}', 'user_admin_access_check', 'a:0:{}', 15, 4, 'admin/user/rules', 'admin/user/rules', 'Check rules', 't', '', 128, '', '', '', 0, 'modules/user/user.admin.inc'),
('admin/settings/clean-urls/check', '', '', '1', 'a:0:{}', 'drupal_json', 'a:1:{i:0;a:1:{s:6:"status";b:1;}}', 15, 4, '', 'admin/settings/clean-urls/check', 'Clean URL check', 't', '', 4, '', '', '', 0, ''),
('admin/settings/actions/configure', '', '', 'user_access', 'a:1:{i:0;s:18:"administer actions";}', 'drupal_get_form', 'a:1:{i:0;s:24:"system_actions_configure";}', 15, 4, '', 'admin/settings/actions/configure', 'Configure an advanced action', 't', '', 4, '', '', '', 0, ''),
('admin/settings/date-time/lookup', '', '', 'user_access', 'a:1:{i:0;s:29:"administer site configuration";}', 'system_date_time_lookup', 'a:0:{}', 15, 4, '', 'admin/settings/date-time/lookup', 'Date and time lookup', 't', '', 4, '', '', '', 0, 'modules/system/system.admin.inc'),
('admin/build/path/edit', '', '', 'user_access', 'a:1:{i:0;s:22:"administer url aliases";}', 'path_admin_edit', 'a:0:{}', 15, 4, '', 'admin/build/path/edit', 'Edit alias', 't', '', 4, '', '', '', 0, 'modules/path/path.admin.inc'),
('admin/user/roles/edit', '', '', 'user_access', 'a:1:{i:0;s:22:"administer permissions";}', 'drupal_get_form', 'a:1:{i:0;s:15:"user_admin_role";}', 15, 4, '', 'admin/user/roles/edit', 'Edit role', 't', '', 4, '', '', '', 0, 'modules/user/user.admin.inc'),
('admin/user/rules/edit', '', '', 'user_access', 'a:1:{i:0;s:22:"administer permissions";}', 'user_admin_access_edit', 'a:0:{}', 15, 4, '', 'admin/user/rules/edit', 'Edit rule', 't', '', 4, '', '', '', 0, 'modules/user/user.admin.inc'),
('admin/reports/updates/list', '', '', 'user_access', 'a:1:{i:0;s:29:"administer site configuration";}', 'update_status', 'a:0:{}', 15, 4, 'admin/reports/updates', 'admin/reports/updates', 'List', 't', '', 136, '', '', '', 0, 'modules/update/update.report.inc'),
('admin/reports/updates/check', '', '', 'user_access', 'a:1:{i:0;s:29:"administer site configuration";}', 'update_manual_status', 'a:0:{}', 15, 4, '', 'admin/reports/updates/check', 'Manual update check', 't', '', 4, '', '', '', 0, 'modules/update/update.fetch.inc'),
('admin/reports/status/php', '', '', 'user_access', 'a:1:{i:0;s:29:"administer site configuration";}', 'system_php', 'a:0:{}', 15, 4, '', 'admin/reports/status/php', 'PHP', 't', '', 4, '', '', '', 0, 'modules/system/system.admin.inc'),
('admin/user/profile/autocomplete', '', '', 'user_access', 'a:1:{i:0;s:16:"administer users";}', 'profile_admin_settings_autocomplete', 'a:0:{}', 15, 4, '', 'admin/user/profile/autocomplete', 'Profile category autocomplete', 't', '', 4, '', '', '', 0, 'modules/profile/profile.admin.inc'),
('admin/content/node-settings/rebuild', '', '', 'user_access', 'a:1:{i:0;s:27:"access administration pages";}', 'drupal_get_form', 'a:1:{i:0;s:30:"node_configure_rebuild_confirm";}', 15, 4, '', 'admin/content/node-settings/rebuild', 'Rebuild permissions', 't', '', 4, '', '', '', 0, 'modules/node/node.admin.inc'),
('admin/reports/status/run-cron', '', '', 'user_access', 'a:1:{i:0;s:29:"administer site configuration";}', 'system_run_cron', 'a:0:{}', 15, 4, '', 'admin/reports/status/run-cron', 'Run cron', 't', '', 4, '', '', '', 0, 'modules/system/system.admin.inc'),
('admin/reports/status/sql', '', '', 'user_access', 'a:1:{i:0;s:29:"administer site configuration";}', 'system_sql', 'a:0:{}', 15, 4, '', 'admin/reports/status/sql', 'SQL', 't', '', 4, '', '', '', 0, 'modules/system/system.admin.inc'),
('admin/build/block/add', '', '', 'user_access', 'a:1:{i:0;s:17:"administer blocks";}', 'drupal_get_form', 'a:1:{i:0;s:20:"block_add_block_form";}', 15, 4, 'admin/build/block', 'admin/build/block', 'Add block', 't', '', 128, '', '', '', 0, 'modules/block/block.admin.inc'),
('admin/content/types/add', '', '', 'user_access', 'a:1:{i:0;s:24:"administer content types";}', 'drupal_get_form', 'a:1:{i:0;s:14:"node_type_form";}', 15, 4, 'admin/content/types', 'admin/content/types', 'Add content type', 't', '', 128, '', '', '', 0, 'modules/node/content_types.inc'),
('admin/user/profile/add', '', '', 'user_access', 'a:1:{i:0;s:16:"administer users";}', 'drupal_get_form', 'a:1:{i:0;s:18:"profile_field_form";}', 15, 4, '', 'admin/user/profile/add', 'Add field', 't', '', 4, '', '', '', 0, 'modules/profile/profile.admin.inc'),
('admin/build/menu/add', '', '', 'user_access', 'a:1:{i:0;s:15:"administer menu";}', 'drupal_get_form', 'a:2:{i:0;s:14:"menu_edit_menu";i:1;s:3:"add";}', 15, 4, 'admin/build/menu', 'admin/build/menu', 'Add menu', 't', '', 128, '', '', '', 0, 'modules/menu/menu.admin.inc'),
('admin/build/path/pathauto', '', '', 'user_access', 'a:1:{i:0;s:19:"administer pathauto";}', 'drupal_get_form', 'a:1:{i:0;s:23:"pathauto_admin_settings";}', 15, 4, 'admin/build/path', 'admin/build/path', 'Automated alias settings', 't', '', 128, '', '', '', 10, 'sites/all/modules/pathauto/pathauto.admin.inc'),
('admin/settings/search/wipe', '', '', 'user_access', 'a:1:{i:0;s:17:"administer search";}', 'drupal_get_form', 'a:1:{i:0;s:19:"search_wipe_confirm";}', 15, 4, '', 'admin/settings/search/wipe', 'Clear index', 't', '', 4, '', '', '', 0, 'modules/search/search.admin.inc'),
('admin/build/block/configure', '', '', 'user_access', 'a:1:{i:0;s:17:"administer blocks";}', 'drupal_get_form', 'a:1:{i:0;s:21:"block_admin_configure";}', 15, 4, '', 'admin/build/block/configure', 'Configure block', 't', '', 4, '', '', '', 0, 'modules/block/block.admin.inc'),
('admin/build/path/delete', '', '', 'user_access', 'a:1:{i:0;s:22:"administer url aliases";}', 'drupal_get_form', 'a:1:{i:0;s:25:"path_admin_delete_confirm";}', 15, 4, '', 'admin/build/path/delete', 'Delete alias', 't', '', 4, '', '', '', 0, 'modules/path/path.admin.inc'),
('admin/build/path/delete_bulk', '', '', 'user_access', 'a:1:{i:0;s:22:"administer url aliases";}', 'drupal_get_form', 'a:1:{i:0;s:21:"pathauto_admin_delete";}', 15, 4, 'admin/build/path', 'admin/build/path', 'Delete aliases', 't', '', 128, '', '', '', 30, 'sites/all/modules/pathauto/pathauto.admin.inc'),
('admin/build/block/delete', '', '', 'user_access', 'a:1:{i:0;s:17:"administer blocks";}', 'drupal_get_form', 'a:1:{i:0;s:16:"block_box_delete";}', 15, 4, '', 'admin/build/block/delete', 'Delete block', 't', '', 4, '', '', '', 0, 'modules/block/block.admin.inc'),
('admin/user/profile/delete', '', '', 'user_access', 'a:1:{i:0;s:16:"administer users";}', 'drupal_get_form', 'a:1:{i:0;s:20:"profile_field_delete";}', 15, 4, '', 'admin/user/profile/delete', 'Delete field', 't', '', 4, '', '', '', 0, 'modules/profile/profile.admin.inc'),
('admin/settings/filters/delete', '', '', 'user_access', 'a:1:{i:0;s:18:"administer filters";}', 'drupal_get_form', 'a:1:{i:0;s:19:"filter_admin_delete";}', 15, 4, '', 'admin/settings/filters/delete', 'Delete input format', 't', '', 4, '', '', '', 0, 'modules/filter/filter.admin.inc'),
('admin/user/rules/delete', '', '', 'user_access', 'a:1:{i:0;s:22:"administer permissions";}', 'drupal_get_form', 'a:1:{i:0;s:32:"user_admin_access_delete_confirm";}', 15, 4, '', 'admin/user/rules/delete', 'Delete rule', 't', '', 4, '', '', '', 0, 'modules/user/user.admin.inc'),
('admin/reports/event/%', 'a:1:{i:3;N;}', '', 'user_access', 'a:1:{i:0;s:19:"access site reports";}', 'dblog_event', 'a:1:{i:0;i:3;}', 14, 4, '', 'admin/reports/event/%', 'Details', 't', '', 4, '', '', '', 0, 'modules/dblog/dblog.admin.inc'),
('admin/user/profile/edit', '', '', 'user_access', 'a:1:{i:0;s:16:"administer users";}', 'drupal_get_form', 'a:1:{i:0;s:18:"profile_field_form";}', 15, 4, '', 'admin/user/profile/edit', 'Edit field', 't', '', 4, '', '', '', 0, 'modules/profile/profile.admin.inc');
INSERT INTO `menu_router` (`path`, `load_functions`, `to_arg_functions`, `access_callback`, `access_arguments`, `page_callback`, `page_arguments`, `fit`, `number_parts`, `tab_parent`, `tab_root`, `title`, `title_callback`, `title_arguments`, `type`, `block_callback`, `description`, `position`, `weight`, `file`) VALUES
('admin/content/taxonomy/%', 'a:1:{i:3;s:24:"taxonomy_vocabulary_load";}', '', 'user_access', 'a:1:{i:0;s:19:"administer taxonomy";}', 'drupal_get_form', 'a:2:{i:0;s:23:"taxonomy_overview_terms";i:1;i:3;}', 14, 4, '', 'admin/content/taxonomy/%', 'List terms', 't', '', 4, '', '', '', 0, 'modules/taxonomy/taxonomy.admin.inc'),
('admin/content/node-type/page', '', '', 'user_access', 'a:1:{i:0;s:24:"administer content types";}', 'drupal_get_form', 'a:2:{i:0;s:14:"node_type_form";i:1;O:8:"stdClass":14:{s:4:"type";s:4:"page";s:4:"name";s:4:"Page";s:6:"module";s:4:"node";s:11:"description";s:296:"A <em>page</em>, similar in form to a <em>story</em>, is a simple method for creating and displaying information that rarely changes, such as an "About us" section of a website. By default, a <em>page</em> entry does not allow visitor comments and is not featured on the site''s initial home page.";s:4:"help";s:0:"";s:9:"has_title";s:1:"1";s:11:"title_label";s:5:"Title";s:8:"has_body";s:1:"1";s:10:"body_label";s:4:"Body";s:14:"min_word_count";s:1:"0";s:6:"custom";s:1:"1";s:8:"modified";s:1:"1";s:6:"locked";s:1:"0";s:9:"orig_type";s:4:"page";}}', 15, 4, '', 'admin/content/node-type/page', 'Page', 't', '', 4, '', '', '', 0, 'modules/node/content_types.inc'),
('admin/build/menu/settings', '', '', 'user_access', 'a:1:{i:0;s:15:"administer menu";}', 'drupal_get_form', 'a:1:{i:0;s:14:"menu_configure";}', 15, 4, 'admin/build/menu', 'admin/build/menu', 'Settings', 't', '', 128, '', '', '', 5, 'modules/menu/menu.admin.inc'),
('admin/reports/updates/settings', '', '', 'user_access', 'a:1:{i:0;s:29:"administer site configuration";}', 'drupal_get_form', 'a:1:{i:0;s:15:"update_settings";}', 15, 4, 'admin/reports/updates', 'admin/reports/updates', 'Settings', 't', '', 128, '', '', '', 0, 'modules/update/update.settings.inc'),
('admin/content/node-type/story', '', '', 'user_access', 'a:1:{i:0;s:24:"administer content types";}', 'drupal_get_form', 'a:2:{i:0;s:14:"node_type_form";i:1;O:8:"stdClass":14:{s:4:"type";s:5:"story";s:4:"name";s:5:"Story";s:6:"module";s:4:"node";s:11:"description";s:392:"A <em>story</em>, similar in form to a <em>page</em>, is ideal for creating and displaying content that informs or engages website visitors. Press releases, site announcements, and informal blog-like entries may all be created with a <em>story</em> entry. By default, a <em>story</em> entry is automatically featured on the site''s initial home page, and provides the ability to post comments.";s:4:"help";s:0:"";s:9:"has_title";s:1:"1";s:11:"title_label";s:5:"Title";s:8:"has_body";s:1:"1";s:10:"body_label";s:4:"Body";s:14:"min_word_count";s:1:"0";s:6:"custom";s:1:"1";s:8:"modified";s:1:"1";s:6:"locked";s:1:"0";s:9:"orig_type";s:5:"story";}}', 15, 4, '', 'admin/content/node-type/story', 'Story', 't', '', 4, '', '', '', 0, 'modules/node/content_types.inc'),
('admin/content/node-type/webform', '', '', 'user_access', 'a:1:{i:0;s:24:"administer content types";}', 'drupal_get_form', 'a:2:{i:0;s:14:"node_type_form";i:1;O:8:"stdClass":14:{s:4:"type";s:7:"webform";s:4:"name";s:7:"Webform";s:6:"module";s:4:"node";s:11:"description";s:138:"Create a new form or questionnaire accessible to users. Submission results and statistics are recorded and accessible to privileged users.";s:4:"help";s:0:"";s:9:"has_title";s:1:"1";s:11:"title_label";s:5:"Title";s:8:"has_body";s:1:"1";s:10:"body_label";s:4:"Body";s:14:"min_word_count";s:1:"0";s:6:"custom";s:1:"1";s:8:"modified";s:1:"1";s:6:"locked";s:1:"0";s:9:"orig_type";s:7:"webform";}}', 15, 4, '', 'admin/content/node-type/webform', 'Webform', 't', '', 4, '', '', '', 0, 'modules/node/content_types.inc'),
('node/%/webform-results/analysis', 'a:1:{i:1;s:17:"webform_menu_load";}', '', 'webform_results_access', 'a:1:{i:0;i:1;}', 'webform_results_analysis', 'a:1:{i:0;i:1;}', 11, 4, 'node/%/webform-results', 'node/%', 'Analysis', 't', '', 128, '', '', '', 5, 'sites/all/modules/webform/includes/webform.report.inc'),
('node/%/webform-results/clear', 'a:1:{i:1;s:17:"webform_menu_load";}', '', 'webform_results_clear_access', 'a:1:{i:0;i:1;}', 'drupal_get_form', 'a:2:{i:0;s:26:"webform_results_clear_form";i:1;i:1;}', 11, 4, 'node/%/webform-results', 'node/%', 'Clear', 't', '', 128, '', '', '', 8, 'sites/all/modules/webform/includes/webform.report.inc'),
('admin/settings/logging/dblog', '', '', 'user_access', 'a:1:{i:0;s:29:"administer site configuration";}', 'drupal_get_form', 'a:1:{i:0;s:20:"dblog_admin_settings";}', 15, 4, '', 'admin/settings/logging/dblog', 'Database logging', 't', '', 6, '', 'Settings for logging to the Drupal database logs. This is the most common method for small to medium sites on shared hosting. The logs are viewable from the admin pages.', '', 0, 'modules/dblog/dblog.admin.inc'),
('node/%/webform-results/download', 'a:1:{i:1;s:17:"webform_menu_load";}', '', 'webform_results_access', 'a:1:{i:0;i:1;}', 'drupal_get_form', 'a:2:{i:0;s:29:"webform_results_download_form";i:1;i:1;}', 11, 4, 'node/%/webform-results', 'node/%', 'Download', 't', '', 128, '', '', '', 7, 'sites/all/modules/webform/includes/webform.report.inc'),
('node/%/webform/emails', 'a:1:{i:1;s:17:"webform_menu_load";}', '', 'node_access', 'a:2:{i:0;s:6:"update";i:1;i:1;}', 'drupal_get_form', 'a:2:{i:0;s:19:"webform_emails_form";i:1;i:1;}', 11, 4, 'node/%/webform', 'node/%', 'E-mails', 't', '', 128, '', '', '', 1, 'sites/all/modules/webform/includes/webform.emails.inc'),
('node/%/webform/components', 'a:1:{i:1;s:17:"webform_menu_load";}', '', 'node_access', 'a:2:{i:0;s:6:"update";i:1;i:1;}', 'webform_components_page', 'a:1:{i:0;i:1;}', 11, 4, 'node/%/webform', 'node/%', 'Form components', 't', '', 136, '', '', '', 0, 'sites/all/modules/webform/includes/webform.components.inc'),
('node/%/webform/configure', 'a:1:{i:1;s:17:"webform_menu_load";}', '', 'node_access', 'a:2:{i:0;s:6:"update";i:1;i:1;}', 'drupal_get_form', 'a:2:{i:0;s:22:"webform_configure_form";i:1;i:1;}', 11, 4, 'node/%/webform', 'node/%', 'Form settings', 't', '', 128, '', '', '', 2, 'sites/all/modules/webform/includes/webform.pages.inc'),
('webform/ajax/options/%', 'a:1:{i:3;a:1:{s:17:"webform_menu_load";a:1:{i:0;i:3;}}}', '', 'node_access', 'a:2:{i:0;s:6:"update";i:1;i:3;}', 'webform_select_options_ajax', 'a:0:{}', 14, 4, '', 'webform/ajax/options/%', '', 't', '', 4, '', '', '', 0, 'sites/all/modules/webform/components/select.inc'),
('node/%/webform/validation', 'a:1:{i:1;s:17:"webform_menu_load";}', '', 'node_access', 'a:2:{i:0;s:6:"update";i:1;i:1;}', 'webform_validation_manage', 'a:1:{i:0;i:1;}', 11, 4, 'node/%/webform', 'node/%', 'Form validation', 't', '', 128, '', '', '', 3, 'sites/all/modules/webform_validation/webform_validation.admin.inc'),
('admin/build/services/settings', '', '', 'user_access', 'a:1:{i:0;s:19:"administer services";}', 'drupal_get_form', 'a:1:{i:0;s:23:"services_admin_settings";}', 15, 4, 'admin/build/services', 'admin/build/services', 'Settings', 't', '', 128, '', 'Configure service settings.', '', 0, 'sites/all/modules/services/services_admin_browse.inc'),
('node/%/webform-results/submissions', 'a:1:{i:1;s:17:"webform_menu_load";}', '', 'webform_results_access', 'a:1:{i:0;i:1;}', 'webform_results_submissions', 'a:3:{i:0;i:1;i:1;b:0;i:2;s:2:"50";}', 11, 4, 'node/%/webform-results', 'node/%', 'Submissions', 't', '', 136, '', '', '', 4, 'sites/all/modules/webform/includes/webform.report.inc'),
('node/%/webform-results/table', 'a:1:{i:1;s:17:"webform_menu_load";}', '', 'webform_results_access', 'a:1:{i:0;i:1;}', 'webform_results_table', 'a:2:{i:0;i:1;i:1;s:2:"50";}', 11, 4, 'node/%/webform-results', 'node/%', 'Table', 't', '', 128, '', '', '', 6, 'sites/all/modules/webform/includes/webform.report.inc'),
('admin/settings/filters/%', 'a:1:{i:3;s:18:"filter_format_load";}', '', 'user_access', 'a:1:{i:0;s:18:"administer filters";}', 'filter_admin_format_page', 'a:1:{i:0;i:3;}', 14, 4, '', 'admin/settings/filters/%', '', 'filter_admin_format_title', 'a:1:{i:0;i:3;}', 4, '', '', '', 0, 'modules/filter/filter.admin.inc'),
('admin/build/menu-customize/%', 'a:1:{i:3;s:9:"menu_load";}', '', 'user_access', 'a:1:{i:0;s:15:"administer menu";}', 'drupal_get_form', 'a:2:{i:0;s:18:"menu_overview_form";i:1;i:3;}', 14, 4, '', 'admin/build/menu-customize/%', 'Customize menu', 'menu_overview_title', 'a:1:{i:0;i:3;}', 4, '', '', '', 0, 'modules/menu/menu.admin.inc'),
('user/%/edit/chgpwd', 'a:1:{i:1;a:1:{s:18:"user_category_load";a:2:{i:0;s:4:"%map";i:1;s:6:"%index";}}}', '', 'user_edit_access', 'a:1:{i:0;i:1;}', 'chgpwd_chgpwd_page', 'a:1:{i:0;i:1;}', 11, 4, 'user/%/edit', 'user/%', 'Change password', 't', '', 128, '', '', '', 0, 'modules/user//user.pages.inc'),
('node/%/submission/%', 'a:2:{i:1;a:1:{s:17:"webform_menu_load";a:1:{i:0;i:1;}}i:3;a:1:{s:28:"webform_menu_submission_load";a:1:{i:0;i:1;}}}', '', 'webform_submission_access', 'a:3:{i:0;i:1;i:1;i:3;i:2;s:4:"view";}', 'webform_submission_page', 'a:3:{i:0;i:1;i:1;i:3;i:2;s:4:"html";}', 10, 4, '', 'node/%/submission/%', 'Webform submission', 'webform_submission_title', 'a:2:{i:0;i:1;i:1;i:3;}', 4, '', '', '', 0, 'sites/all/modules/webform/includes/webform.submissions.inc'),
('user/%/edit/Personal information', 'a:1:{i:1;a:1:{s:18:"user_category_load";a:2:{i:0;s:4:"%map";i:1;s:6:"%index";}}}', '', 'profile_category_access', 'a:2:{i:0;i:1;i:1;s:20:"Personal information";}', 'user_edit', 'a:2:{i:0;i:1;i:1;i:3;}', 11, 4, 'user/%/edit', 'user/%', '', 'check_plain', 'a:1:{i:0;s:20:"Personal information";}', 128, '', '', '', 3, 'modules/user/user.pages.inc'),
('admin/content/node-type/page/edit', '', '', 'user_access', 'a:1:{i:0;s:24:"administer content types";}', 'drupal_get_form', 'a:2:{i:0;s:14:"node_type_form";i:1;O:8:"stdClass":14:{s:4:"type";s:4:"page";s:4:"name";s:4:"Page";s:6:"module";s:4:"node";s:11:"description";s:296:"A <em>page</em>, similar in form to a <em>story</em>, is a simple method for creating and displaying information that rarely changes, such as an "About us" section of a website. By default, a <em>page</em> entry does not allow visitor comments and is not featured on the site''s initial home page.";s:4:"help";s:0:"";s:9:"has_title";s:1:"1";s:11:"title_label";s:5:"Title";s:8:"has_body";s:1:"1";s:10:"body_label";s:4:"Body";s:14:"min_word_count";s:1:"0";s:6:"custom";s:1:"1";s:8:"modified";s:1:"1";s:6:"locked";s:1:"0";s:9:"orig_type";s:4:"page";}}', 31, 5, 'admin/content/node-type/page', 'admin/content/node-type/page', 'Edit', 't', '', 136, '', '', '', 0, 'modules/node/content_types.inc'),
('admin/content/node-type/story/edit', '', '', 'user_access', 'a:1:{i:0;s:24:"administer content types";}', 'drupal_get_form', 'a:2:{i:0;s:14:"node_type_form";i:1;O:8:"stdClass":14:{s:4:"type";s:5:"story";s:4:"name";s:5:"Story";s:6:"module";s:4:"node";s:11:"description";s:392:"A <em>story</em>, similar in form to a <em>page</em>, is ideal for creating and displaying content that informs or engages website visitors. Press releases, site announcements, and informal blog-like entries may all be created with a <em>story</em> entry. By default, a <em>story</em> entry is automatically featured on the site''s initial home page, and provides the ability to post comments.";s:4:"help";s:0:"";s:9:"has_title";s:1:"1";s:11:"title_label";s:5:"Title";s:8:"has_body";s:1:"1";s:10:"body_label";s:4:"Body";s:14:"min_word_count";s:1:"0";s:6:"custom";s:1:"1";s:8:"modified";s:1:"1";s:6:"locked";s:1:"0";s:9:"orig_type";s:5:"story";}}', 31, 5, 'admin/content/node-type/story', 'admin/content/node-type/story', 'Edit', 't', '', 136, '', '', '', 0, 'modules/node/content_types.inc'),
('admin/content/node-type/webform/edit', '', '', 'user_access', 'a:1:{i:0;s:24:"administer content types";}', 'drupal_get_form', 'a:2:{i:0;s:14:"node_type_form";i:1;O:8:"stdClass":14:{s:4:"type";s:7:"webform";s:4:"name";s:7:"Webform";s:6:"module";s:4:"node";s:11:"description";s:138:"Create a new form or questionnaire accessible to users. Submission results and statistics are recorded and accessible to privileged users.";s:4:"help";s:0:"";s:9:"has_title";s:1:"1";s:11:"title_label";s:5:"Title";s:8:"has_body";s:1:"1";s:10:"body_label";s:4:"Body";s:14:"min_word_count";s:1:"0";s:6:"custom";s:1:"1";s:8:"modified";s:1:"1";s:6:"locked";s:1:"0";s:9:"orig_type";s:7:"webform";}}', 31, 5, 'admin/content/node-type/webform', 'admin/content/node-type/webform', 'Edit', 't', '', 136, '', '', '', 0, 'modules/node/content_types.inc'),
('admin/build/themes/settings/global', '', '', 'user_access', 'a:1:{i:0;s:29:"administer site configuration";}', 'drupal_get_form', 'a:1:{i:0;s:21:"system_theme_settings";}', 31, 5, 'admin/build/themes/settings', 'admin/build/themes', 'Global settings', 't', '', 136, '', '', '', -1, 'modules/system/system.admin.inc'),
('admin/content/taxonomy/%/list', 'a:1:{i:3;s:24:"taxonomy_vocabulary_load";}', '', 'user_access', 'a:1:{i:0;s:19:"administer taxonomy";}', 'drupal_get_form', 'a:2:{i:0;s:23:"taxonomy_overview_terms";i:1;i:3;}', 29, 5, 'admin/content/taxonomy/%', 'admin/content/taxonomy/%', 'List', 't', '', 136, '', '', '', -10, 'modules/taxonomy/taxonomy.admin.inc'),
('admin/settings/filters/%/edit', 'a:1:{i:3;s:18:"filter_format_load";}', '', 'user_access', 'a:1:{i:0;s:18:"administer filters";}', 'filter_admin_format_page', 'a:1:{i:0;i:3;}', 29, 5, 'admin/settings/filters/%', 'admin/settings/filters/%', 'Edit', 't', '', 136, '', '', '', 0, 'modules/filter/filter.admin.inc'),
('admin/build/modules/list/confirm', '', '', 'user_access', 'a:1:{i:0;s:29:"administer site configuration";}', 'drupal_get_form', 'a:1:{i:0;s:14:"system_modules";}', 31, 5, '', 'admin/build/modules/list/confirm', 'List', 't', '', 4, '', '', '', 0, 'modules/system/system.admin.inc'),
('admin/build/menu-customize/%/list', 'a:1:{i:3;s:9:"menu_load";}', '', 'user_access', 'a:1:{i:0;s:15:"administer menu";}', 'drupal_get_form', 'a:2:{i:0;s:18:"menu_overview_form";i:1;i:3;}', 29, 5, 'admin/build/menu-customize/%', 'admin/build/menu-customize/%', 'List items', 't', '', 136, '', '', '', -10, 'modules/menu/menu.admin.inc'),
('admin/build/modules/uninstall/confirm', '', '', 'user_access', 'a:1:{i:0;s:29:"administer site configuration";}', 'drupal_get_form', 'a:1:{i:0;s:24:"system_modules_uninstall";}', 31, 5, '', 'admin/build/modules/uninstall/confirm', 'Uninstall', 't', '', 4, '', '', '', 0, 'modules/system/system.admin.inc'),
('admin/build/themes/settings/bluemarine', '', '', '_system_themes_access', 'a:1:{i:0;O:8:"stdClass":12:{s:8:"filename";s:33:"themes/bluemarine/bluemarine.info";s:4:"name";s:10:"bluemarine";s:4:"type";s:5:"theme";s:5:"owner";s:45:"themes/engines/phptemplate/phptemplate.engine";s:6:"status";s:1:"0";s:8:"throttle";s:1:"0";s:9:"bootstrap";s:1:"0";s:14:"schema_version";s:2:"-1";s:6:"weight";s:1:"0";s:4:"info";a:13:{s:4:"name";s:10:"Bluemarine";s:11:"description";s:66:"Table-based multi-column theme with a marine and ash color scheme.";s:7:"version";s:4:"6.26";s:4:"core";s:3:"6.x";s:6:"engine";s:11:"phptemplate";s:7:"project";s:6:"drupal";s:9:"datestamp";s:10:"1335977158";s:7:"regions";a:5:{s:4:"left";s:12:"Left sidebar";s:5:"right";s:13:"Right sidebar";s:7:"content";s:7:"Content";s:6:"header";s:6:"Header";s:6:"footer";s:6:"Footer";}s:8:"features";a:10:{i:0;s:20:"comment_user_picture";i:1;s:7:"favicon";i:2;s:7:"mission";i:3;s:4:"logo";i:4;s:4:"name";i:5;s:17:"node_user_picture";i:6;s:6:"search";i:7;s:6:"slogan";i:8;s:13:"primary_links";i:9;s:15:"secondary_links";}s:11:"stylesheets";a:1:{s:3:"all";a:1:{s:9:"style.css";s:27:"themes/bluemarine/style.css";}}s:7:"scripts";a:1:{s:9:"script.js";s:27:"themes/bluemarine/script.js";}s:10:"screenshot";s:32:"themes/bluemarine/screenshot.png";s:3:"php";s:5:"4.3.5";}s:11:"stylesheets";a:1:{s:3:"all";a:1:{s:9:"style.css";s:27:"themes/bluemarine/style.css";}}s:6:"engine";s:11:"phptemplate";}}', 'drupal_get_form', 'a:2:{i:0;s:21:"system_theme_settings";i:1;s:10:"bluemarine";}', 31, 5, 'admin/build/themes/settings', 'admin/build/themes', 'Bluemarine', 't', '', 128, '', '', '', 0, 'modules/system/system.admin.inc'),
('admin/build/themes/settings/chameleon', '', '', '_system_themes_access', 'a:1:{i:0;O:8:"stdClass":11:{s:8:"filename";s:31:"themes/chameleon/chameleon.info";s:4:"name";s:9:"chameleon";s:4:"type";s:5:"theme";s:5:"owner";s:32:"themes/chameleon/chameleon.theme";s:6:"status";s:1:"0";s:8:"throttle";s:1:"0";s:9:"bootstrap";s:1:"0";s:14:"schema_version";s:2:"-1";s:6:"weight";s:1:"0";s:4:"info";a:12:{s:4:"name";s:9:"Chameleon";s:11:"description";s:42:"Minimalist tabled theme with light colors.";s:7:"regions";a:2:{s:4:"left";s:12:"Left sidebar";s:5:"right";s:13:"Right sidebar";}s:8:"features";a:4:{i:0;s:4:"logo";i:1;s:7:"favicon";i:2;s:4:"name";i:3;s:6:"slogan";}s:11:"stylesheets";a:1:{s:3:"all";a:2:{s:9:"style.css";s:26:"themes/chameleon/style.css";s:10:"common.css";s:27:"themes/chameleon/common.css";}}s:7:"version";s:4:"6.26";s:4:"core";s:3:"6.x";s:7:"project";s:6:"drupal";s:9:"datestamp";s:10:"1335977158";s:7:"scripts";a:1:{s:9:"script.js";s:26:"themes/chameleon/script.js";}s:10:"screenshot";s:31:"themes/chameleon/screenshot.png";s:3:"php";s:5:"4.3.5";}s:11:"stylesheets";a:1:{s:3:"all";a:2:{s:9:"style.css";s:26:"themes/chameleon/style.css";s:10:"common.css";s:27:"themes/chameleon/common.css";}}}}', 'drupal_get_form', 'a:2:{i:0;s:21:"system_theme_settings";i:1;s:9:"chameleon";}', 31, 5, 'admin/build/themes/settings', 'admin/build/themes', 'Chameleon', 't', '', 128, '', '', '', 0, 'modules/system/system.admin.inc'),
('admin/content/node-type/page/delete', '', '', 'user_access', 'a:1:{i:0;s:24:"administer content types";}', 'drupal_get_form', 'a:2:{i:0;s:24:"node_type_delete_confirm";i:1;O:8:"stdClass":14:{s:4:"type";s:4:"page";s:4:"name";s:4:"Page";s:6:"module";s:4:"node";s:11:"description";s:296:"A <em>page</em>, similar in form to a <em>story</em>, is a simple method for creating and displaying information that rarely changes, such as an "About us" section of a website. By default, a <em>page</em> entry does not allow visitor comments and is not featured on the site''s initial home page.";s:4:"help";s:0:"";s:9:"has_title";s:1:"1";s:11:"title_label";s:5:"Title";s:8:"has_body";s:1:"1";s:10:"body_label";s:4:"Body";s:14:"min_word_count";s:1:"0";s:6:"custom";s:1:"1";s:8:"modified";s:1:"1";s:6:"locked";s:1:"0";s:9:"orig_type";s:4:"page";}}', 31, 5, '', 'admin/content/node-type/page/delete', 'Delete', 't', '', 4, '', '', '', 0, 'modules/node/content_types.inc'),
('admin/content/node-type/story/delete', '', '', 'user_access', 'a:1:{i:0;s:24:"administer content types";}', 'drupal_get_form', 'a:2:{i:0;s:24:"node_type_delete_confirm";i:1;O:8:"stdClass":14:{s:4:"type";s:5:"story";s:4:"name";s:5:"Story";s:6:"module";s:4:"node";s:11:"description";s:392:"A <em>story</em>, similar in form to a <em>page</em>, is ideal for creating and displaying content that informs or engages website visitors. Press releases, site announcements, and informal blog-like entries may all be created with a <em>story</em> entry. By default, a <em>story</em> entry is automatically featured on the site''s initial home page, and provides the ability to post comments.";s:4:"help";s:0:"";s:9:"has_title";s:1:"1";s:11:"title_label";s:5:"Title";s:8:"has_body";s:1:"1";s:10:"body_label";s:4:"Body";s:14:"min_word_count";s:1:"0";s:6:"custom";s:1:"1";s:8:"modified";s:1:"1";s:6:"locked";s:1:"0";s:9:"orig_type";s:5:"story";}}', 31, 5, '', 'admin/content/node-type/story/delete', 'Delete', 't', '', 4, '', '', '', 0, 'modules/node/content_types.inc'),
('admin/content/node-type/webform/delete', '', '', 'user_access', 'a:1:{i:0;s:24:"administer content types";}', 'drupal_get_form', 'a:2:{i:0;s:24:"node_type_delete_confirm";i:1;O:8:"stdClass":14:{s:4:"type";s:7:"webform";s:4:"name";s:7:"Webform";s:6:"module";s:4:"node";s:11:"description";s:138:"Create a new form or questionnaire accessible to users. Submission results and statistics are recorded and accessible to privileged users.";s:4:"help";s:0:"";s:9:"has_title";s:1:"1";s:11:"title_label";s:5:"Title";s:8:"has_body";s:1:"1";s:10:"body_label";s:4:"Body";s:14:"min_word_count";s:1:"0";s:6:"custom";s:1:"1";s:8:"modified";s:1:"1";s:6:"locked";s:1:"0";s:9:"orig_type";s:7:"webform";}}', 31, 5, '', 'admin/content/node-type/webform/delete', 'Delete', 't', '', 4, '', '', '', 0, 'modules/node/content_types.inc'),
('admin/content/taxonomy/edit/term', '', '', 'user_access', 'a:1:{i:0;s:19:"administer taxonomy";}', 'taxonomy_admin_term_edit', 'a:0:{}', 31, 5, '', 'admin/content/taxonomy/edit/term', 'Edit term', 't', '', 4, '', '', '', 0, 'modules/taxonomy/taxonomy.admin.inc'),
('admin/build/themes/settings/garland', '', '', '_system_themes_access', 'a:1:{i:0;O:8:"stdClass":12:{s:8:"filename";s:27:"themes/garland/garland.info";s:4:"name";s:7:"garland";s:4:"type";s:5:"theme";s:5:"owner";s:45:"themes/engines/phptemplate/phptemplate.engine";s:6:"status";s:1:"1";s:8:"throttle";s:1:"0";s:9:"bootstrap";s:1:"0";s:14:"schema_version";s:2:"-1";s:6:"weight";s:1:"0";s:4:"info";a:13:{s:4:"name";s:7:"Garland";s:11:"description";s:66:"Tableless, recolorable, multi-column, fluid width theme (default).";s:7:"version";s:4:"6.26";s:4:"core";s:3:"6.x";s:6:"engine";s:11:"phptemplate";s:11:"stylesheets";a:2:{s:3:"all";a:1:{s:9:"style.css";s:24:"themes/garland/style.css";}s:5:"print";a:1:{s:9:"print.css";s:24:"themes/garland/print.css";}}s:7:"project";s:6:"drupal";s:9:"datestamp";s:10:"1335977158";s:7:"regions";a:5:{s:4:"left";s:12:"Left sidebar";s:5:"right";s:13:"Right sidebar";s:7:"content";s:7:"Content";s:6:"header";s:6:"Header";s:6:"footer";s:6:"Footer";}s:8:"features";a:10:{i:0;s:20:"comment_user_picture";i:1;s:7:"favicon";i:2;s:7:"mission";i:3;s:4:"logo";i:4;s:4:"name";i:5;s:17:"node_user_picture";i:6;s:6:"search";i:7;s:6:"slogan";i:8;s:13:"primary_links";i:9;s:15:"secondary_links";}s:7:"scripts";a:1:{s:9:"script.js";s:24:"themes/garland/script.js";}s:10:"screenshot";s:29:"themes/garland/screenshot.png";s:3:"php";s:5:"4.3.5";}s:11:"stylesheets";a:2:{s:3:"all";a:1:{s:9:"style.css";s:24:"themes/garland/style.css";}s:5:"print";a:1:{s:9:"print.css";s:24:"themes/garland/print.css";}}s:6:"engine";s:11:"phptemplate";}}', 'drupal_get_form', 'a:2:{i:0;s:21:"system_theme_settings";i:1;s:7:"garland";}', 31, 5, 'admin/build/themes/settings', 'admin/build/themes', 'Garland', 't', '', 128, '', '', '', 0, 'modules/system/system.admin.inc'),
('admin/build/block/list/js', '', '', 'user_access', 'a:1:{i:0;s:17:"administer blocks";}', 'block_admin_display_js', 'a:0:{}', 31, 5, '', 'admin/build/block/list/js', 'JavaScript List Form', 't', '', 4, '', '', '', 0, 'modules/block/block.admin.inc'),
('admin/build/themes/settings/marvin', '', '', '_system_themes_access', 'a:1:{i:0;O:8:"stdClass":12:{s:8:"filename";s:35:"themes/chameleon/marvin/marvin.info";s:4:"name";s:6:"marvin";s:4:"type";s:5:"theme";s:5:"owner";s:0:"";s:6:"status";s:1:"0";s:8:"throttle";s:1:"0";s:9:"bootstrap";s:1:"0";s:14:"schema_version";s:2:"-1";s:6:"weight";s:1:"0";s:4:"info";a:13:{s:4:"name";s:6:"Marvin";s:11:"description";s:31:"Boxy tabled theme in all grays.";s:7:"regions";a:2:{s:4:"left";s:12:"Left sidebar";s:5:"right";s:13:"Right sidebar";}s:7:"version";s:4:"6.26";s:4:"core";s:3:"6.x";s:10:"base theme";s:9:"chameleon";s:7:"project";s:6:"drupal";s:9:"datestamp";s:10:"1335977158";s:8:"features";a:10:{i:0;s:20:"comment_user_picture";i:1;s:7:"favicon";i:2;s:7:"mission";i:3;s:4:"logo";i:4;s:4:"name";i:5;s:17:"node_user_picture";i:6;s:6:"search";i:7;s:6:"slogan";i:8;s:13:"primary_links";i:9;s:15:"secondary_links";}s:11:"stylesheets";a:1:{s:3:"all";a:1:{s:9:"style.css";s:33:"themes/chameleon/marvin/style.css";}}s:7:"scripts";a:1:{s:9:"script.js";s:33:"themes/chameleon/marvin/script.js";}s:10:"screenshot";s:38:"themes/chameleon/marvin/screenshot.png";s:3:"php";s:5:"4.3.5";}s:11:"stylesheets";a:1:{s:3:"all";a:1:{s:9:"style.css";s:33:"themes/chameleon/marvin/style.css";}}s:10:"base_theme";s:9:"chameleon";}}', 'drupal_get_form', 'a:2:{i:0;s:21:"system_theme_settings";i:1;s:6:"marvin";}', 31, 5, 'admin/build/themes/settings', 'admin/build/themes', 'Marvin', 't', '', 128, '', '', '', 0, 'modules/system/system.admin.inc'),
('admin/build/themes/settings/minnelli', '', '', '_system_themes_access', 'a:1:{i:0;O:8:"stdClass":13:{s:8:"filename";s:37:"themes/garland/minnelli/minnelli.info";s:4:"name";s:8:"minnelli";s:4:"type";s:5:"theme";s:5:"owner";s:45:"themes/engines/phptemplate/phptemplate.engine";s:6:"status";s:1:"0";s:8:"throttle";s:1:"0";s:9:"bootstrap";s:1:"0";s:14:"schema_version";s:2:"-1";s:6:"weight";s:1:"0";s:4:"info";a:14:{s:4:"name";s:8:"Minnelli";s:11:"description";s:56:"Tableless, recolorable, multi-column, fixed width theme.";s:7:"version";s:4:"6.26";s:4:"core";s:3:"6.x";s:10:"base theme";s:7:"garland";s:11:"stylesheets";a:1:{s:3:"all";a:1:{s:12:"minnelli.css";s:36:"themes/garland/minnelli/minnelli.css";}}s:7:"project";s:6:"drupal";s:9:"datestamp";s:10:"1335977158";s:7:"regions";a:5:{s:4:"left";s:12:"Left sidebar";s:5:"right";s:13:"Right sidebar";s:7:"content";s:7:"Content";s:6:"header";s:6:"Header";s:6:"footer";s:6:"Footer";}s:8:"features";a:10:{i:0;s:20:"comment_user_picture";i:1;s:7:"favicon";i:2;s:7:"mission";i:3;s:4:"logo";i:4;s:4:"name";i:5;s:17:"node_user_picture";i:6;s:6:"search";i:7;s:6:"slogan";i:8;s:13:"primary_links";i:9;s:15:"secondary_links";}s:7:"scripts";a:1:{s:9:"script.js";s:33:"themes/garland/minnelli/script.js";}s:10:"screenshot";s:38:"themes/garland/minnelli/screenshot.png";s:3:"php";s:5:"4.3.5";s:6:"engine";s:11:"phptemplate";}s:11:"stylesheets";a:1:{s:3:"all";a:1:{s:12:"minnelli.css";s:36:"themes/garland/minnelli/minnelli.css";}}s:6:"engine";s:11:"phptemplate";s:10:"base_theme";s:7:"garland";}}', 'drupal_get_form', 'a:2:{i:0;s:21:"system_theme_settings";i:1;s:8:"minnelli";}', 31, 5, 'admin/build/themes/settings', 'admin/build/themes', 'Minnelli', 't', '', 128, '', '', '', 0, 'modules/system/system.admin.inc'),
('user/contact/data/%/%', 'a:2:{i:3;N;i:4;N;}', '', 'user_access', 'a:1:{i:0;s:20:"access user contacts";}', 'contacts_view_data_group_listing', 'a:0:{}', 28, 5, '', 'user/contact/data/%/%', 'My Contacts', 't', '', 6, '', 'View shared data groups of the users contact.', '', 0, ''),
('admin/build/themes/settings/pushbutton', '', '', '_system_themes_access', 'a:1:{i:0;O:8:"stdClass":12:{s:8:"filename";s:33:"themes/pushbutton/pushbutton.info";s:4:"name";s:10:"pushbutton";s:4:"type";s:5:"theme";s:5:"owner";s:45:"themes/engines/phptemplate/phptemplate.engine";s:6:"status";s:1:"0";s:8:"throttle";s:1:"0";s:9:"bootstrap";s:1:"0";s:14:"schema_version";s:2:"-1";s:6:"weight";s:1:"0";s:4:"info";a:13:{s:4:"name";s:10:"Pushbutton";s:11:"description";s:52:"Tabled, multi-column theme in blue and orange tones.";s:7:"version";s:4:"6.26";s:4:"core";s:3:"6.x";s:6:"engine";s:11:"phptemplate";s:7:"project";s:6:"drupal";s:9:"datestamp";s:10:"1335977158";s:7:"regions";a:5:{s:4:"left";s:12:"Left sidebar";s:5:"right";s:13:"Right sidebar";s:7:"content";s:7:"Content";s:6:"header";s:6:"Header";s:6:"footer";s:6:"Footer";}s:8:"features";a:10:{i:0;s:20:"comment_user_picture";i:1;s:7:"favicon";i:2;s:7:"mission";i:3;s:4:"logo";i:4;s:4:"name";i:5;s:17:"node_user_picture";i:6;s:6:"search";i:7;s:6:"slogan";i:8;s:13:"primary_links";i:9;s:15:"secondary_links";}s:11:"stylesheets";a:1:{s:3:"all";a:1:{s:9:"style.css";s:27:"themes/pushbutton/style.css";}}s:7:"scripts";a:1:{s:9:"script.js";s:27:"themes/pushbutton/script.js";}s:10:"screenshot";s:32:"themes/pushbutton/screenshot.png";s:3:"php";s:5:"4.3.5";}s:11:"stylesheets";a:1:{s:3:"all";a:1:{s:9:"style.css";s:27:"themes/pushbutton/style.css";}}s:6:"engine";s:11:"phptemplate";}}', 'drupal_get_form', 'a:2:{i:0;s:21:"system_theme_settings";i:1;s:10:"pushbutton";}', 31, 5, 'admin/build/themes/settings', 'admin/build/themes', 'Pushbutton', 't', '', 128, '', '', '', 0, 'modules/system/system.admin.inc'),
('admin/build/themes/settings/rmi', '', '', '_system_themes_access', 'a:1:{i:0;O:8:"stdClass":13:{s:8:"filename";s:29:"sites/all/themes/rmi/rmi.info";s:4:"name";s:3:"rmi";s:4:"type";s:5:"theme";s:5:"owner";s:45:"themes/engines/phptemplate/phptemplate.engine";s:6:"status";s:1:"1";s:8:"throttle";s:1:"0";s:9:"bootstrap";s:1:"0";s:14:"schema_version";s:2:"-1";s:6:"weight";s:1:"0";s:4:"info";a:13:{s:4:"name";s:16:"Register My Info";s:11:"description";s:69:"Tableless, recolorable, multi-column, fluid width theme for RMI site.";s:7:"version";s:4:"6.26";s:4:"core";s:3:"6.x";s:6:"engine";s:11:"phptemplate";s:7:"regions";a:6:{s:4:"left";s:12:"Left sidebar";s:5:"right";s:13:"Right sidebar";s:7:"content";s:7:"Content";s:6:"header";s:6:"Header";s:6:"footer";s:6:"Footer";s:10:"accountnav";s:15:"My account menu";}s:11:"stylesheets";a:1:{s:3:"all";a:1:{s:9:"style.css";s:30:"sites/all/themes/rmi/style.css";}}s:7:"scripts";a:1:{s:10:"sign-up.js";s:31:"sites/all/themes/rmi/sign-up.js";}s:7:"project";s:6:"drupal";s:9:"datestamp";s:10:"1341320410";s:8:"features";a:10:{i:0;s:20:"comment_user_picture";i:1;s:7:"favicon";i:2;s:7:"mission";i:3;s:4:"logo";i:4;s:4:"name";i:5;s:17:"node_user_picture";i:6;s:6:"search";i:7;s:6:"slogan";i:8;s:13:"primary_links";i:9;s:15:"secondary_links";}s:10:"screenshot";s:35:"sites/all/themes/rmi/screenshot.png";s:3:"php";s:5:"4.3.5";}s:11:"stylesheets";a:1:{s:3:"all";a:1:{s:9:"style.css";s:30:"sites/all/themes/rmi/style.css";}}s:7:"scripts";a:1:{s:10:"sign-up.js";s:31:"sites/all/themes/rmi/sign-up.js";}s:6:"engine";s:11:"phptemplate";}}', 'drupal_get_form', 'a:2:{i:0;s:21:"system_theme_settings";i:1;s:3:"rmi";}', 31, 5, 'admin/build/themes/settings', 'admin/build/themes', 'Register My Info', 't', '', 128, '', '', '', 0, 'modules/system/system.admin.inc'),
('admin/build/menu-customize/%/add', 'a:1:{i:3;s:9:"menu_load";}', '', 'user_access', 'a:1:{i:0;s:15:"administer menu";}', 'drupal_get_form', 'a:4:{i:0;s:14:"menu_edit_item";i:1;s:3:"add";i:2;N;i:3;i:3;}', 29, 5, 'admin/build/menu-customize/%', 'admin/build/menu-customize/%', 'Add item', 't', '', 128, '', '', '', 0, 'modules/menu/menu.admin.inc'),
('admin/build/block/list/bluemarine', '', '', '_block_themes_access', 'a:1:{i:0;O:8:"stdClass":12:{s:8:"filename";s:33:"themes/bluemarine/bluemarine.info";s:4:"name";s:10:"bluemarine";s:4:"type";s:5:"theme";s:5:"owner";s:45:"themes/engines/phptemplate/phptemplate.engine";s:6:"status";s:1:"0";s:8:"throttle";s:1:"0";s:9:"bootstrap";s:1:"0";s:14:"schema_version";s:2:"-1";s:6:"weight";s:1:"0";s:4:"info";a:13:{s:4:"name";s:10:"Bluemarine";s:11:"description";s:66:"Table-based multi-column theme with a marine and ash color scheme.";s:7:"version";s:4:"6.26";s:4:"core";s:3:"6.x";s:6:"engine";s:11:"phptemplate";s:7:"project";s:6:"drupal";s:9:"datestamp";s:10:"1335977158";s:7:"regions";a:5:{s:4:"left";s:12:"Left sidebar";s:5:"right";s:13:"Right sidebar";s:7:"content";s:7:"Content";s:6:"header";s:6:"Header";s:6:"footer";s:6:"Footer";}s:8:"features";a:10:{i:0;s:20:"comment_user_picture";i:1;s:7:"favicon";i:2;s:7:"mission";i:3;s:4:"logo";i:4;s:4:"name";i:5;s:17:"node_user_picture";i:6;s:6:"search";i:7;s:6:"slogan";i:8;s:13:"primary_links";i:9;s:15:"secondary_links";}s:11:"stylesheets";a:1:{s:3:"all";a:1:{s:9:"style.css";s:27:"themes/bluemarine/style.css";}}s:7:"scripts";a:1:{s:9:"script.js";s:27:"themes/bluemarine/script.js";}s:10:"screenshot";s:32:"themes/bluemarine/screenshot.png";s:3:"php";s:5:"4.3.5";}s:11:"stylesheets";a:1:{s:3:"all";a:1:{s:9:"style.css";s:27:"themes/bluemarine/style.css";}}s:6:"engine";s:11:"phptemplate";}}', 'block_admin_display', 'a:1:{i:0;s:10:"bluemarine";}', 31, 5, 'admin/build/block/list', 'admin/build/block', 'Bluemarine', 't', '', 128, '', '', '', 0, 'modules/block/block.admin.inc'),
('admin/build/block/list/chameleon', '', '', '_block_themes_access', 'a:1:{i:0;O:8:"stdClass":11:{s:8:"filename";s:31:"themes/chameleon/chameleon.info";s:4:"name";s:9:"chameleon";s:4:"type";s:5:"theme";s:5:"owner";s:32:"themes/chameleon/chameleon.theme";s:6:"status";s:1:"0";s:8:"throttle";s:1:"0";s:9:"bootstrap";s:1:"0";s:14:"schema_version";s:2:"-1";s:6:"weight";s:1:"0";s:4:"info";a:12:{s:4:"name";s:9:"Chameleon";s:11:"description";s:42:"Minimalist tabled theme with light colors.";s:7:"regions";a:2:{s:4:"left";s:12:"Left sidebar";s:5:"right";s:13:"Right sidebar";}s:8:"features";a:4:{i:0;s:4:"logo";i:1;s:7:"favicon";i:2;s:4:"name";i:3;s:6:"slogan";}s:11:"stylesheets";a:1:{s:3:"all";a:2:{s:9:"style.css";s:26:"themes/chameleon/style.css";s:10:"common.css";s:27:"themes/chameleon/common.css";}}s:7:"version";s:4:"6.26";s:4:"core";s:3:"6.x";s:7:"project";s:6:"drupal";s:9:"datestamp";s:10:"1335977158";s:7:"scripts";a:1:{s:9:"script.js";s:26:"themes/chameleon/script.js";}s:10:"screenshot";s:31:"themes/chameleon/screenshot.png";s:3:"php";s:5:"4.3.5";}s:11:"stylesheets";a:1:{s:3:"all";a:2:{s:9:"style.css";s:26:"themes/chameleon/style.css";s:10:"common.css";s:27:"themes/chameleon/common.css";}}}}', 'block_admin_display', 'a:1:{i:0;s:9:"chameleon";}', 31, 5, 'admin/build/block/list', 'admin/build/block', 'Chameleon', 't', '', 128, '', '', '', 0, 'modules/block/block.admin.inc'),
('admin/settings/filters/%/configure', 'a:1:{i:3;s:18:"filter_format_load";}', '', 'user_access', 'a:1:{i:0;s:18:"administer filters";}', 'filter_admin_configure_page', 'a:1:{i:0;i:3;}', 29, 5, 'admin/settings/filters/%', 'admin/settings/filters/%', 'Configure', 't', '', 128, '', '', '', 1, 'modules/filter/filter.admin.inc'),
('admin/settings/actions/delete/%', 'a:1:{i:4;s:12:"actions_load";}', '', 'user_access', 'a:1:{i:0;s:18:"administer actions";}', 'drupal_get_form', 'a:2:{i:0;s:26:"system_actions_delete_form";i:1;i:4;}', 30, 5, '', 'admin/settings/actions/delete/%', 'Delete action', 't', '', 4, '', 'Delete an action.', '', 0, ''),
('admin/build/menu-customize/%/delete', 'a:1:{i:3;s:9:"menu_load";}', '', 'user_access', 'a:1:{i:0;s:15:"administer menu";}', 'menu_delete_menu_page', 'a:1:{i:0;i:3;}', 29, 5, '', 'admin/build/menu-customize/%/delete', 'Delete menu', 't', '', 4, '', '', '', 0, 'modules/menu/menu.admin.inc'),
('admin/build/menu-customize/%/edit', 'a:1:{i:3;s:9:"menu_load";}', '', 'user_access', 'a:1:{i:0;s:15:"administer menu";}', 'drupal_get_form', 'a:3:{i:0;s:14:"menu_edit_menu";i:1;s:4:"edit";i:2;i:3;}', 29, 5, 'admin/build/menu-customize/%', 'admin/build/menu-customize/%', 'Edit menu', 't', '', 128, '', '', '', 0, 'modules/menu/menu.admin.inc'),
('admin/build/block/list/garland', '', '', '_block_themes_access', 'a:1:{i:0;O:8:"stdClass":12:{s:8:"filename";s:27:"themes/garland/garland.info";s:4:"name";s:7:"garland";s:4:"type";s:5:"theme";s:5:"owner";s:45:"themes/engines/phptemplate/phptemplate.engine";s:6:"status";s:1:"1";s:8:"throttle";s:1:"0";s:9:"bootstrap";s:1:"0";s:14:"schema_version";s:2:"-1";s:6:"weight";s:1:"0";s:4:"info";a:13:{s:4:"name";s:7:"Garland";s:11:"description";s:66:"Tableless, recolorable, multi-column, fluid width theme (default).";s:7:"version";s:4:"6.26";s:4:"core";s:3:"6.x";s:6:"engine";s:11:"phptemplate";s:11:"stylesheets";a:2:{s:3:"all";a:1:{s:9:"style.css";s:24:"themes/garland/style.css";}s:5:"print";a:1:{s:9:"print.css";s:24:"themes/garland/print.css";}}s:7:"project";s:6:"drupal";s:9:"datestamp";s:10:"1335977158";s:7:"regions";a:5:{s:4:"left";s:12:"Left sidebar";s:5:"right";s:13:"Right sidebar";s:7:"content";s:7:"Content";s:6:"header";s:6:"Header";s:6:"footer";s:6:"Footer";}s:8:"features";a:10:{i:0;s:20:"comment_user_picture";i:1;s:7:"favicon";i:2;s:7:"mission";i:3;s:4:"logo";i:4;s:4:"name";i:5;s:17:"node_user_picture";i:6;s:6:"search";i:7;s:6:"slogan";i:8;s:13:"primary_links";i:9;s:15:"secondary_links";}s:7:"scripts";a:1:{s:9:"script.js";s:24:"themes/garland/script.js";}s:10:"screenshot";s:29:"themes/garland/screenshot.png";s:3:"php";s:5:"4.3.5";}s:11:"stylesheets";a:2:{s:3:"all";a:1:{s:9:"style.css";s:24:"themes/garland/style.css";}s:5:"print";a:1:{s:9:"print.css";s:24:"themes/garland/print.css";}}s:6:"engine";s:11:"phptemplate";}}', 'block_admin_display', 'a:1:{i:0;s:7:"garland";}', 31, 5, 'admin/build/block/list', 'admin/build/block', 'Garland', 't', '', 128, '', '', '', 0, 'modules/block/block.admin.inc'),
('admin/build/block/list/marvin', '', '', '_block_themes_access', 'a:1:{i:0;O:8:"stdClass":12:{s:8:"filename";s:35:"themes/chameleon/marvin/marvin.info";s:4:"name";s:6:"marvin";s:4:"type";s:5:"theme";s:5:"owner";s:0:"";s:6:"status";s:1:"0";s:8:"throttle";s:1:"0";s:9:"bootstrap";s:1:"0";s:14:"schema_version";s:2:"-1";s:6:"weight";s:1:"0";s:4:"info";a:13:{s:4:"name";s:6:"Marvin";s:11:"description";s:31:"Boxy tabled theme in all grays.";s:7:"regions";a:2:{s:4:"left";s:12:"Left sidebar";s:5:"right";s:13:"Right sidebar";}s:7:"version";s:4:"6.26";s:4:"core";s:3:"6.x";s:10:"base theme";s:9:"chameleon";s:7:"project";s:6:"drupal";s:9:"datestamp";s:10:"1335977158";s:8:"features";a:10:{i:0;s:20:"comment_user_picture";i:1;s:7:"favicon";i:2;s:7:"mission";i:3;s:4:"logo";i:4;s:4:"name";i:5;s:17:"node_user_picture";i:6;s:6:"search";i:7;s:6:"slogan";i:8;s:13:"primary_links";i:9;s:15:"secondary_links";}s:11:"stylesheets";a:1:{s:3:"all";a:1:{s:9:"style.css";s:33:"themes/chameleon/marvin/style.css";}}s:7:"scripts";a:1:{s:9:"script.js";s:33:"themes/chameleon/marvin/script.js";}s:10:"screenshot";s:38:"themes/chameleon/marvin/screenshot.png";s:3:"php";s:5:"4.3.5";}s:11:"stylesheets";a:1:{s:3:"all";a:1:{s:9:"style.css";s:33:"themes/chameleon/marvin/style.css";}}s:10:"base_theme";s:9:"chameleon";}}', 'block_admin_display', 'a:1:{i:0;s:6:"marvin";}', 31, 5, 'admin/build/block/list', 'admin/build/block', 'Marvin', 't', '', 128, '', '', '', 0, 'modules/block/block.admin.inc'),
('admin/build/block/list/minnelli', '', '', '_block_themes_access', 'a:1:{i:0;O:8:"stdClass":13:{s:8:"filename";s:37:"themes/garland/minnelli/minnelli.info";s:4:"name";s:8:"minnelli";s:4:"type";s:5:"theme";s:5:"owner";s:45:"themes/engines/phptemplate/phptemplate.engine";s:6:"status";s:1:"0";s:8:"throttle";s:1:"0";s:9:"bootstrap";s:1:"0";s:14:"schema_version";s:2:"-1";s:6:"weight";s:1:"0";s:4:"info";a:14:{s:4:"name";s:8:"Minnelli";s:11:"description";s:56:"Tableless, recolorable, multi-column, fixed width theme.";s:7:"version";s:4:"6.26";s:4:"core";s:3:"6.x";s:10:"base theme";s:7:"garland";s:11:"stylesheets";a:1:{s:3:"all";a:1:{s:12:"minnelli.css";s:36:"themes/garland/minnelli/minnelli.css";}}s:7:"project";s:6:"drupal";s:9:"datestamp";s:10:"1335977158";s:7:"regions";a:5:{s:4:"left";s:12:"Left sidebar";s:5:"right";s:13:"Right sidebar";s:7:"content";s:7:"Content";s:6:"header";s:6:"Header";s:6:"footer";s:6:"Footer";}s:8:"features";a:10:{i:0;s:20:"comment_user_picture";i:1;s:7:"favicon";i:2;s:7:"mission";i:3;s:4:"logo";i:4;s:4:"name";i:5;s:17:"node_user_picture";i:6;s:6:"search";i:7;s:6:"slogan";i:8;s:13:"primary_links";i:9;s:15:"secondary_links";}s:7:"scripts";a:1:{s:9:"script.js";s:33:"themes/garland/minnelli/script.js";}s:10:"screenshot";s:38:"themes/garland/minnelli/screenshot.png";s:3:"php";s:5:"4.3.5";s:6:"engine";s:11:"phptemplate";}s:11:"stylesheets";a:1:{s:3:"all";a:1:{s:12:"minnelli.css";s:36:"themes/garland/minnelli/minnelli.css";}}s:6:"engine";s:11:"phptemplate";s:10:"base_theme";s:7:"garland";}}', 'block_admin_display', 'a:1:{i:0;s:8:"minnelli";}', 31, 5, 'admin/build/block/list', 'admin/build/block', 'Minnelli', 't', '', 128, '', '', '', 0, 'modules/block/block.admin.inc'),
('admin/build/block/list/pushbutton', '', '', '_block_themes_access', 'a:1:{i:0;O:8:"stdClass":12:{s:8:"filename";s:33:"themes/pushbutton/pushbutton.info";s:4:"name";s:10:"pushbutton";s:4:"type";s:5:"theme";s:5:"owner";s:45:"themes/engines/phptemplate/phptemplate.engine";s:6:"status";s:1:"0";s:8:"throttle";s:1:"0";s:9:"bootstrap";s:1:"0";s:14:"schema_version";s:2:"-1";s:6:"weight";s:1:"0";s:4:"info";a:13:{s:4:"name";s:10:"Pushbutton";s:11:"description";s:52:"Tabled, multi-column theme in blue and orange tones.";s:7:"version";s:4:"6.26";s:4:"core";s:3:"6.x";s:6:"engine";s:11:"phptemplate";s:7:"project";s:6:"drupal";s:9:"datestamp";s:10:"1335977158";s:7:"regions";a:5:{s:4:"left";s:12:"Left sidebar";s:5:"right";s:13:"Right sidebar";s:7:"content";s:7:"Content";s:6:"header";s:6:"Header";s:6:"footer";s:6:"Footer";}s:8:"features";a:10:{i:0;s:20:"comment_user_picture";i:1;s:7:"favicon";i:2;s:7:"mission";i:3;s:4:"logo";i:4;s:4:"name";i:5;s:17:"node_user_picture";i:6;s:6:"search";i:7;s:6:"slogan";i:8;s:13:"primary_links";i:9;s:15:"secondary_links";}s:11:"stylesheets";a:1:{s:3:"all";a:1:{s:9:"style.css";s:27:"themes/pushbutton/style.css";}}s:7:"scripts";a:1:{s:9:"script.js";s:27:"themes/pushbutton/script.js";}s:10:"screenshot";s:32:"themes/pushbutton/screenshot.png";s:3:"php";s:5:"4.3.5";}s:11:"stylesheets";a:1:{s:3:"all";a:1:{s:9:"style.css";s:27:"themes/pushbutton/style.css";}}s:6:"engine";s:11:"phptemplate";}}', 'block_admin_display', 'a:1:{i:0;s:10:"pushbutton";}', 31, 5, 'admin/build/block/list', 'admin/build/block', 'Pushbutton', 't', '', 128, '', '', '', 0, 'modules/block/block.admin.inc'),
('admin/settings/filters/%/order', 'a:1:{i:3;s:18:"filter_format_load";}', '', 'user_access', 'a:1:{i:0;s:18:"administer filters";}', 'filter_admin_order_page', 'a:1:{i:0;i:3;}', 29, 5, 'admin/settings/filters/%', 'admin/settings/filters/%', 'Rearrange', 't', '', 128, '', '', '', 2, 'modules/filter/filter.admin.inc'),
('admin/build/block/list/rmi', '', '', '_block_themes_access', 'a:1:{i:0;O:8:"stdClass":13:{s:8:"filename";s:29:"sites/all/themes/rmi/rmi.info";s:4:"name";s:3:"rmi";s:4:"type";s:5:"theme";s:5:"owner";s:45:"themes/engines/phptemplate/phptemplate.engine";s:6:"status";s:1:"1";s:8:"throttle";s:1:"0";s:9:"bootstrap";s:1:"0";s:14:"schema_version";s:2:"-1";s:6:"weight";s:1:"0";s:4:"info";a:13:{s:4:"name";s:16:"Register My Info";s:11:"description";s:69:"Tableless, recolorable, multi-column, fluid width theme for RMI site.";s:7:"version";s:4:"6.26";s:4:"core";s:3:"6.x";s:6:"engine";s:11:"phptemplate";s:7:"regions";a:6:{s:4:"left";s:12:"Left sidebar";s:5:"right";s:13:"Right sidebar";s:7:"content";s:7:"Content";s:6:"header";s:6:"Header";s:6:"footer";s:6:"Footer";s:10:"accountnav";s:15:"My account menu";}s:11:"stylesheets";a:1:{s:3:"all";a:1:{s:9:"style.css";s:30:"sites/all/themes/rmi/style.css";}}s:7:"scripts";a:1:{s:10:"sign-up.js";s:31:"sites/all/themes/rmi/sign-up.js";}s:7:"project";s:6:"drupal";s:9:"datestamp";s:10:"1341320410";s:8:"features";a:10:{i:0;s:20:"comment_user_picture";i:1;s:7:"favicon";i:2;s:7:"mission";i:3;s:4:"logo";i:4;s:4:"name";i:5;s:17:"node_user_picture";i:6;s:6:"search";i:7;s:6:"slogan";i:8;s:13:"primary_links";i:9;s:15:"secondary_links";}s:10:"screenshot";s:35:"sites/all/themes/rmi/screenshot.png";s:3:"php";s:5:"4.3.5";}s:11:"stylesheets";a:1:{s:3:"all";a:1:{s:9:"style.css";s:30:"sites/all/themes/rmi/style.css";}}s:7:"scripts";a:1:{s:10:"sign-up.js";s:31:"sites/all/themes/rmi/sign-up.js";}s:6:"engine";s:11:"phptemplate";}}', 'block_admin_display', 'a:1:{i:0;s:3:"rmi";}', 31, 5, 'admin/build/block/list', 'admin/build/block', 'Register My Info', 't', '', 136, '', '', '', -10, 'modules/block/block.admin.inc'),
('user/reset/%/%/%', 'a:3:{i:2;N;i:3;N;i:4;N;}', '', '1', 'a:0:{}', 'drupal_get_form', 'a:4:{i:0;s:15:"user_pass_reset";i:1;i:2;i:2;i:3;i:3;i:4;}', 24, 5, '', 'user/reset/%/%/%', 'Reset password', 't', '', 4, '', '', '', 0, 'modules/user/user.pages.inc'),
('user/validate/%/%/%', 'a:3:{i:2;s:9:"user_load";i:3;N;i:4;N;}', '', 'logintoboggan_validate_email_access', 'a:2:{i:0;i:2;i:1;i:3;}', 'logintoboggan_validate_email', 'a:3:{i:0;i:2;i:1;i:3;i:2;i:4;}', 24, 5, '', 'user/validate/%/%/%', 'Validate e-mail address', 't', '', 4, '', '', '', 0, ''),
('admin/content/taxonomy/add/vocabulary', '', '', 'user_access', 'a:1:{i:0;s:19:"administer taxonomy";}', 'drupal_get_form', 'a:1:{i:0;s:24:"taxonomy_form_vocabulary";}', 31, 5, 'admin/content/taxonomy', 'admin/content/taxonomy', 'Add vocabulary', 't', '', 128, '', '', '', 0, 'modules/taxonomy/taxonomy.admin.inc'),
('node/%/webform/emails/%', 'a:2:{i:1;a:1:{s:17:"webform_menu_load";a:1:{i:0;i:1;}}i:4;a:1:{s:23:"webform_menu_email_load";a:1:{i:0;i:1;}}}', '', 'node_access', 'a:2:{i:0;s:6:"update";i:1;i:1;}', 'drupal_get_form', 'a:3:{i:0;s:23:"webform_email_edit_form";i:1;i:1;i:2;i:4;}', 22, 5, '', 'node/%/webform/emails/%', 'Edit e-mail settings', 't', '', 4, '', '', '', 0, 'sites/all/modules/webform/includes/webform.emails.inc'),
('admin/build/services/settings/general', '', '', 'user_access', 'a:1:{i:0;s:19:"administer services";}', 'drupal_get_form', 'a:1:{i:0;s:23:"services_admin_settings";}', 31, 5, 'admin/build/services/settings', 'admin/build/services', 'General', 't', '', 136, '', 'Configure service settings.', '', -10, 'sites/all/modules/services/services_admin_browse.inc'),
('node/%/revisions/%/view', 'a:2:{i:1;a:1:{s:9:"node_load";a:1:{i:0;i:3;}}i:3;N;}', '', '_node_revision_access', 'a:1:{i:0;i:1;}', 'node_show', 'a:3:{i:0;i:1;i:1;N;i:2;b:1;}', 21, 5, '', 'node/%/revisions/%/view', 'Revisions', 't', '', 4, '', '', '', 0, ''),
('admin/build/services/browse/%', 'a:1:{i:4;s:20:"services_method_load";}', '', 'user_access', 'a:1:{i:0;s:19:"administer services";}', 'services_admin_browse_method', 'a:1:{i:0;i:4;}', 30, 5, 'admin/build/services/browse', 'admin/build/services', 'Services', 't', '', 128, '', 'Calls a Services method.', '', 0, 'sites/all/modules/services/services_admin_browse.inc'),
('admin/content/node-type/page/access', '', '', 'content_access_admin_settings_access', 'a:0:{}', 'drupal_get_form', 'a:2:{i:0;s:29:"content_access_admin_settings";i:1;s:4:"page";}', 31, 5, 'admin/content/node-type/page', 'admin/content/node-type/page', 'Access control', 't', '', 128, '', 'Configure content access control.', '', 1, 'sites/all/modules/content_access/content_access.admin.inc'),
('admin/content/node-type/story/access', '', '', 'content_access_admin_settings_access', 'a:0:{}', 'drupal_get_form', 'a:2:{i:0;s:29:"content_access_admin_settings";i:1;s:5:"story";}', 31, 5, 'admin/content/node-type/story', 'admin/content/node-type/story', 'Access control', 't', '', 128, '', 'Configure content access control.', '', 1, 'sites/all/modules/content_access/content_access.admin.inc'),
('admin/content/node-type/webform/access', '', '', 'content_access_admin_settings_access', 'a:0:{}', 'drupal_get_form', 'a:2:{i:0;s:29:"content_access_admin_settings";i:1;s:7:"webform";}', 31, 5, 'admin/content/node-type/webform', 'admin/content/node-type/webform', 'Access control', 't', '', 128, '', 'Configure content access control.', '', 1, 'sites/all/modules/content_access/content_access.admin.inc'),
('node/%/webform/components/%', 'a:2:{i:1;a:1:{s:17:"webform_menu_load";a:2:{i:0;i:1;i:1;i:5;}}i:4;a:1:{s:27:"webform_menu_component_load";a:2:{i:0;i:1;i:1;i:5;}}}', '', 'node_access', 'a:2:{i:0;s:6:"update";i:1;i:1;}', 'drupal_get_form', 'a:4:{i:0;s:27:"webform_component_edit_form";i:1;i:1;i:2;i:4;i:3;b:0;}', 22, 5, 'node/%/webform/components', 'node/%', '', 't', '', 128, '', '', '', 0, 'sites/all/modules/webform/includes/webform.components.inc'),
('node/%/webform-results/analysis/%', 'a:2:{i:1;a:1:{s:17:"webform_menu_load";a:2:{i:0;i:1;i:1;i:4;}}i:4;a:1:{s:27:"webform_menu_component_load";a:2:{i:0;i:1;i:1;i:4;}}}', '', 'webform_results_access', 'a:1:{i:0;i:1;}', 'webform_results_analysis', 'a:3:{i:0;i:1;i:1;a:0:{}i:2;i:4;}', 22, 5, '', 'node/%/webform-results/analysis/%', 'Analysis', 't', '', 4, '', '', '', 0, 'sites/all/modules/webform/includes/webform.report.inc'),
('node/%/submission/%/delete', 'a:2:{i:1;a:1:{s:17:"webform_menu_load";a:1:{i:0;i:1;}}i:3;a:1:{s:28:"webform_menu_submission_load";a:1:{i:0;i:1;}}}', '', 'webform_submission_access', 'a:3:{i:0;i:1;i:1;i:3;i:2;s:6:"delete";}', 'drupal_get_form', 'a:3:{i:0;s:30:"webform_submission_delete_form";i:1;i:1;i:2;i:3;}', 21, 5, 'node/%/submission/%', 'node/%/submission/%', 'Delete', 't', '', 128, '', '', '', 2, 'sites/all/modules/webform/includes/webform.submissions.inc'),
('node/%/revisions/%/delete', 'a:2:{i:1;a:1:{s:9:"node_load";a:1:{i:0;i:3;}}i:3;N;}', '', '_node_revision_access', 'a:2:{i:0;i:1;i:1;s:6:"delete";}', 'drupal_get_form', 'a:2:{i:0;s:28:"node_revision_delete_confirm";i:1;i:1;}', 21, 5, '', 'node/%/revisions/%/delete', 'Delete earlier revision', 't', '', 4, '', '', '', 0, 'modules/node/node.pages.inc'),
('node/%/submission/%/edit', 'a:2:{i:1;a:1:{s:17:"webform_menu_load";a:1:{i:0;i:1;}}i:3;a:1:{s:28:"webform_menu_submission_load";a:1:{i:0;i:1;}}}', '', 'webform_submission_access', 'a:3:{i:0;i:1;i:1;i:3;i:2;s:4:"edit";}', 'webform_submission_page', 'a:3:{i:0;i:1;i:1;i:3;i:2;s:4:"form";}', 21, 5, 'node/%/submission/%', 'node/%/submission/%', 'Edit', 't', '', 128, '', '', '', 1, 'sites/all/modules/webform/includes/webform.submissions.inc'),
('node/%/submission/%/resend', 'a:2:{i:1;a:1:{s:17:"webform_menu_load";a:1:{i:0;i:1;}}i:3;a:1:{s:28:"webform_menu_submission_load";a:1:{i:0;i:1;}}}', '', 'webform_results_access', 'a:1:{i:0;i:1;}', 'drupal_get_form', 'a:3:{i:0;s:25:"webform_submission_resend";i:1;i:1;i:2;i:3;}', 21, 5, '', 'node/%/submission/%/resend', 'Resend e-mails', 't', '', 4, '', '', '', 0, 'sites/all/modules/webform/includes/webform.submissions.inc'),
('node/%/revisions/%/revert', 'a:2:{i:1;a:1:{s:9:"node_load";a:1:{i:0;i:3;}}i:3;N;}', '', '_node_revision_access', 'a:2:{i:0;i:1;i:1;s:6:"update";}', 'drupal_get_form', 'a:2:{i:0;s:28:"node_revision_revert_confirm";i:1;i:1;}', 21, 5, '', 'node/%/revisions/%/revert', 'Revert to earlier revision', 't', '', 4, '', '', '', 0, 'modules/node/node.pages.inc'),
('node/%/submission/%/view', 'a:2:{i:1;a:1:{s:17:"webform_menu_load";a:1:{i:0;i:1;}}i:3;a:1:{s:28:"webform_menu_submission_load";a:1:{i:0;i:1;}}}', '', 'webform_submission_access', 'a:3:{i:0;i:1;i:1;i:3;i:2;s:4:"view";}', 'webform_submission_page', 'a:3:{i:0;i:1;i:1;i:3;i:2;s:4:"html";}', 21, 5, 'node/%/submission/%', 'node/%/submission/%', 'View', 't', '', 136, '', '', '', 0, 'sites/all/modules/webform/includes/webform.submissions.inc');
INSERT INTO `menu_router` (`path`, `load_functions`, `to_arg_functions`, `access_callback`, `access_arguments`, `page_callback`, `page_arguments`, `fit`, `number_parts`, `tab_parent`, `tab_root`, `title`, `title_callback`, `title_arguments`, `type`, `block_callback`, `description`, `position`, `weight`, `file`) VALUES
('node/%/webform/emails/%/delete', 'a:2:{i:1;a:1:{s:17:"webform_menu_load";a:1:{i:0;i:1;}}i:4;a:1:{s:23:"webform_menu_email_load";a:1:{i:0;i:1;}}}', '', 'node_access', 'a:2:{i:0;s:6:"update";i:1;i:1;}', 'drupal_get_form', 'a:3:{i:0;s:25:"webform_email_delete_form";i:1;i:1;i:2;i:4;}', 45, 6, '', 'node/%/webform/emails/%/delete', 'Delete e-mail settings', 't', '', 4, '', '', '', 0, 'sites/all/modules/webform/includes/webform.emails.inc'),
('admin/build/menu/item/%/delete', 'a:1:{i:4;s:14:"menu_link_load";}', '', 'user_access', 'a:1:{i:0;s:15:"administer menu";}', 'menu_item_delete_page', 'a:1:{i:0;i:4;}', 61, 6, '', 'admin/build/menu/item/%/delete', 'Delete menu item', 't', '', 4, '', '', '', 0, 'modules/menu/menu.admin.inc'),
('admin/build/menu/item/%/edit', 'a:1:{i:4;s:14:"menu_link_load";}', '', 'user_access', 'a:1:{i:0;s:15:"administer menu";}', 'drupal_get_form', 'a:4:{i:0;s:14:"menu_edit_item";i:1;s:4:"edit";i:2;i:4;i:3;N;}', 61, 6, '', 'admin/build/menu/item/%/edit', 'Edit menu item', 't', '', 4, '', '', '', 0, 'modules/menu/menu.admin.inc'),
('admin/content/taxonomy/edit/vocabulary/%', 'a:1:{i:5;s:24:"taxonomy_vocabulary_load";}', '', 'user_access', 'a:1:{i:0;s:19:"administer taxonomy";}', 'taxonomy_admin_vocabulary_edit', 'a:1:{i:0;i:5;}', 62, 6, '', 'admin/content/taxonomy/edit/vocabulary/%', 'Edit vocabulary', 't', '', 4, '', '', '', 0, 'modules/taxonomy/taxonomy.admin.inc'),
('admin/build/menu/item/%/reset', 'a:1:{i:4;s:14:"menu_link_load";}', '', 'user_access', 'a:1:{i:0;s:15:"administer menu";}', 'drupal_get_form', 'a:2:{i:0;s:23:"menu_reset_item_confirm";i:1;i:4;}', 61, 6, '', 'admin/build/menu/item/%/reset', 'Reset menu item', 't', '', 4, '', '', '', 0, 'modules/menu/menu.admin.inc'),
('admin/content/taxonomy/%/add/term', 'a:1:{i:3;s:24:"taxonomy_vocabulary_load";}', '', 'user_access', 'a:1:{i:0;s:19:"administer taxonomy";}', 'taxonomy_add_term_page', 'a:1:{i:0;i:3;}', 59, 6, 'admin/content/taxonomy/%', 'admin/content/taxonomy/%', 'Add term', 't', '', 128, '', '', '', 0, 'modules/taxonomy/taxonomy.admin.inc'),
('node/%/webform/validation/add/%', 'a:2:{i:1;s:17:"webform_menu_load";i:5;N;}', '', 'node_access', 'a:2:{i:0;s:6:"update";i:1;i:1;}', 'drupal_get_form', 'a:4:{i:0;s:30:"webform_validation_manage_rule";i:1;i:1;i:2;s:3:"add";i:3;i:5;}', 46, 6, '', 'node/%/webform/validation/add/%', 'Add validation', 't', '', 4, '', '', '', 0, 'sites/all/modules/webform_validation/webform_validation.admin.inc'),
('node/%/webform/validation/delete/%', 'a:2:{i:1;s:17:"webform_menu_load";i:5;s:28:"webform_validation_rule_load";}', '', 'node_access', 'a:2:{i:0;s:6:"update";i:1;i:1;}', 'drupal_get_form', 'a:2:{i:0;s:30:"webform_validation_delete_rule";i:1;i:5;}', 46, 6, '', 'node/%/webform/validation/delete/%', 'Delete rule', 't', '', 4, '', '', '', 0, 'sites/all/modules/webform_validation/webform_validation.admin.inc'),
('node/%/webform/components/%/delete', 'a:2:{i:1;a:1:{s:17:"webform_menu_load";a:2:{i:0;i:1;i:1;i:5;}}i:4;a:1:{s:27:"webform_menu_component_load";a:2:{i:0;i:1;i:1;i:5;}}}', '', 'node_access', 'a:2:{i:0;s:6:"update";i:1;i:1;}', 'drupal_get_form', 'a:3:{i:0;s:29:"webform_component_delete_form";i:1;i:1;i:2;i:4;}', 45, 6, 'node/%/webform/components/%', 'node/%', '', 't', '', 128, '', '', '', 0, 'sites/all/modules/webform/includes/webform.components.inc'),
('node/%/webform/components/%/clone', 'a:2:{i:1;a:1:{s:17:"webform_menu_load";a:2:{i:0;i:1;i:1;i:5;}}i:4;a:1:{s:27:"webform_menu_component_load";a:2:{i:0;i:1;i:1;i:5;}}}', '', 'node_access', 'a:2:{i:0;s:6:"update";i:1;i:1;}', 'drupal_get_form', 'a:4:{i:0;s:27:"webform_component_edit_form";i:1;i:1;i:2;i:4;i:3;b:1;}', 45, 6, 'node/%/webform/components/%', 'node/%', '', 't', '', 128, '', '', '', 0, 'sites/all/modules/webform/includes/webform.components.inc'),
('user/contact/datagroup/detail/%/%/%', 'a:3:{i:4;N;i:5;N;i:6;N;}', '', 'user_access', 'a:1:{i:0;s:20:"access user contacts";}', 'contacts_share_datagroup_detail', 'a:0:{}', 120, 7, '', 'user/contact/datagroup/detail/%/%/%', 'My datagroup details', 't', '', 6, '', '', '', 0, ''),
('user/contact/subdatagroup/detail/%/%/%', 'a:3:{i:4;N;i:5;N;i:6;N;}', '', 'user_access', 'a:1:{i:0;s:20:"access user contacts";}', 'contacts_share_subdatagroup_detail', 'a:0:{}', 120, 7, '', 'user/contact/subdatagroup/detail/%/%/%', 'My subdatagroups details', 't', '', 6, '', '', '', 0, ''),
('node/%/data/submission/%/delete/%', 'a:3:{i:1;N;i:4;N;i:6;N;}', '', 'user_access', 'a:1:{i:0;s:26:"access all webform results";}', 'drupal_get_form', 'a:1:{i:0;s:32:"view_data_submission_delete_form";}', 90, 7, '', 'node/%/data/submission/%/delete/%', 'Delete', 't', '', 6, '', '', '', 0, ''),
('node/%/data/submission/%/edit/%', 'a:3:{i:1;N;i:4;N;i:6;N;}', '', 'user_access', 'a:1:{i:0;s:26:"access all webform results";}', 'view_data_submission_edit_page', 'a:2:{i:0;i:1;i:1;i:4;}', 90, 7, '', 'node/%/data/submission/%/edit/%', 'Edit', 't', '', 6, '', '', '', 0, ''),
('node/%/webform/validation/edit/%/%', 'a:3:{i:1;s:17:"webform_menu_load";i:5;N;i:6;s:28:"webform_validation_rule_load";}', '', 'node_access', 'a:2:{i:0;s:6:"update";i:1;i:1;}', 'drupal_get_form', 'a:5:{i:0;s:30:"webform_validation_manage_rule";i:1;i:1;i:2;s:4:"edit";i:3;i:5;i:4;i:6;}', 92, 7, '', 'node/%/webform/validation/edit/%/%', 'Edit rule', 't', '', 4, '', '', '', 0, 'sites/all/modules/webform_validation/webform_validation.admin.inc');

-- --------------------------------------------------------

--
-- Table structure for table `menu_token`
--

CREATE TABLE IF NOT EXISTS `menu_token` (
  `mlid` int(10) unsigned NOT NULL,
  `link_path` varchar(255) NOT NULL DEFAULT '',
  PRIMARY KEY (`mlid`)
) ENGINE=MyISAM DEFAULT CHARSET=utf8;

--
-- Dumping data for table `menu_token`
--

INSERT INTO `menu_token` (`mlid`, `link_path`) VALUES
(256, 'user/[user-id]/edit/chgpwd');

-- --------------------------------------------------------

--
-- Table structure for table `node`
--

CREATE TABLE IF NOT EXISTS `node` (
  `nid` int(10) unsigned NOT NULL AUTO_INCREMENT,
  `vid` int(10) unsigned NOT NULL DEFAULT '0',
  `type` varchar(32) NOT NULL DEFAULT '',
  `language` varchar(12) NOT NULL DEFAULT '',
  `title` varchar(255) NOT NULL DEFAULT '',
  `uid` int(11) NOT NULL DEFAULT '0',
  `status` int(11) NOT NULL DEFAULT '1',
  `created` int(11) NOT NULL DEFAULT '0',
  `changed` int(11) NOT NULL DEFAULT '0',
  `comment` int(11) NOT NULL DEFAULT '0',
  `promote` int(11) NOT NULL DEFAULT '0',
  `moderate` int(11) NOT NULL DEFAULT '0',
  `sticky` int(11) NOT NULL DEFAULT '0',
  `tnid` int(10) unsigned NOT NULL DEFAULT '0',
  `translate` int(11) NOT NULL DEFAULT '0',
  PRIMARY KEY (`nid`),
  UNIQUE KEY `vid` (`vid`),
  KEY `node_changed` (`changed`),
  KEY `node_created` (`created`),
  KEY `node_moderate` (`moderate`),
  KEY `node_promote_status` (`promote`,`status`),
  KEY `node_status_type` (`status`,`type`,`nid`),
  KEY `node_title_type` (`title`,`type`(4)),
  KEY `node_type` (`type`(4)),
  KEY `uid` (`uid`),
  KEY `tnid` (`tnid`),
  KEY `translate` (`translate`)
) ENGINE=MyISAM  DEFAULT CHARSET=utf8 AUTO_INCREMENT=25 ;

--
-- Dumping data for table `node`
--

INSERT INTO `node` (`nid`, `vid`, `type`, `language`, `title`, `uid`, `status`, `created`, `changed`, `comment`, `promote`, `moderate`, `sticky`, `tnid`, `translate`) VALUES
(14, 14, 'webform', '', 'Contact Info', 1, 1, 1340106356, 1343803565, 0, 1, 0, 0, 0, 0),
(2, 2, 'webform', '', 'Personal Data', 1, 1, 1339680736, 1343798403, 0, 1, 0, 0, 0, 0),
(3, 3, 'webform', '', 'Financial', 1, 1, 1340016692, 1343798427, 0, 1, 0, 0, 0, 0),
(4, 4, 'webform', '', 'Employment Info', 1, 1, 1340031450, 1343798988, 0, 1, 0, 0, 0, 0),
(5, 5, 'webform', '', 'Medical History', 1, 1, 1340031867, 1343799203, 0, 1, 0, 0, 0, 0),
(6, 6, 'webform', '', 'Expenses', 1, 1, 1340033503, 1343799236, 0, 1, 0, 0, 0, 0),
(7, 7, 'webform', '', 'Maintenance & Recalls', 1, 1, 1340033896, 1343799337, 0, 1, 0, 0, 0, 0),
(8, 8, 'webform', '', 'Government ID', 1, 1, 1340033989, 1343799342, 0, 1, 0, 0, 0, 0),
(9, 9, 'webform', '', 'Insurance and Car Registration', 1, 1, 1340034190, 1343799409, 0, 1, 0, 0, 0, 0),
(10, 10, 'webform', '', 'Favorites', 1, 1, 1340034424, 1343799443, 0, 1, 0, 0, 0, 0),
(11, 11, 'webform', '', 'Products & Warranties', 1, 1, 1340034858, 1343799444, 0, 1, 0, 0, 0, 0),
(12, 12, 'webform', '', 'Home Registry', 1, 1, 1340035044, 1343799481, 0, 1, 0, 0, 0, 0),
(13, 13, 'webform', '', 'Web Sites', 1, 1, 1340035271, 1343799485, 0, 1, 0, 0, 0, 0),
(15, 15, 'page', '', 'Home', 1, 1, 1342074204, 1345203483, 0, 0, 0, 0, 0, 0),
(17, 17, 'page', '', 'Contact Us', 1, 1, 1343800889, 1345204502, 0, 0, 0, 0, 0, 0),
(18, 18, 'page', '', 'How It Works', 1, 1, 1343800944, 1346418956, 0, 0, 0, 0, 0, 0),
(20, 20, 'page', '', 'About Us', 1, 1, 1343801284, 1345203634, 0, 0, 0, 0, 0, 0),
(21, 21, 'page', '', 'Welcome to Register My Info', 1, 1, 1344250663, 1346739269, 0, 0, 0, 0, 0, 0),
(22, 22, 'page', '', 'Terms', 1, 1, 1345203928, 1345203928, 0, 0, 0, 0, 0, 0),
(23, 23, 'page', '', 'Privacy Policy', 1, 1, 1345204189, 1345204418, 0, 0, 0, 0, 0, 0),
(24, 24, 'page', '', 'Access denied', 1, 1, 1347883719, 1347883719, 0, 0, 0, 0, 0, 0);

-- --------------------------------------------------------

--
-- Table structure for table `node_access`
--

CREATE TABLE IF NOT EXISTS `node_access` (
  `nid` int(10) unsigned NOT NULL DEFAULT '0',
  `gid` int(10) unsigned NOT NULL DEFAULT '0',
  `realm` varchar(255) NOT NULL DEFAULT '',
  `grant_view` tinyint(3) unsigned NOT NULL DEFAULT '0',
  `grant_update` tinyint(3) unsigned NOT NULL DEFAULT '0',
  `grant_delete` tinyint(3) unsigned NOT NULL DEFAULT '0',
  PRIMARY KEY (`nid`,`gid`,`realm`)
) ENGINE=MyISAM DEFAULT CHARSET=utf8;

--
-- Dumping data for table `node_access`
--

INSERT INTO `node_access` (`nid`, `gid`, `realm`, `grant_view`, `grant_update`, `grant_delete`) VALUES
(2, 2, 'content_access_rid', 1, 0, 0),
(3, 2, 'content_access_rid', 1, 0, 0),
(4, 2, 'content_access_rid', 1, 0, 0),
(5, 2, 'content_access_rid', 1, 0, 0),
(6, 2, 'content_access_rid', 1, 0, 0),
(7, 2, 'content_access_rid', 1, 0, 0),
(8, 2, 'content_access_rid', 1, 0, 0),
(9, 2, 'content_access_rid', 1, 0, 0),
(10, 2, 'content_access_rid', 1, 0, 0),
(11, 2, 'content_access_rid', 1, 0, 0),
(12, 2, 'content_access_rid', 1, 0, 0),
(13, 2, 'content_access_rid', 1, 0, 0),
(14, 2, 'content_access_rid', 1, 0, 0),
(15, 0, 'all', 1, 0, 0),
(17, 0, 'all', 1, 0, 0),
(18, 0, 'all', 1, 0, 0),
(20, 0, 'all', 1, 0, 0),
(21, 0, 'all', 1, 0, 0),
(22, 0, 'all', 1, 0, 0),
(23, 0, 'all', 1, 0, 0),
(24, 0, 'all', 1, 0, 0);

-- --------------------------------------------------------

--
-- Table structure for table `node_comment_statistics`
--

CREATE TABLE IF NOT EXISTS `node_comment_statistics` (
  `nid` int(10) unsigned NOT NULL DEFAULT '0',
  `last_comment_timestamp` int(11) NOT NULL DEFAULT '0',
  `last_comment_name` varchar(60) DEFAULT NULL,
  `last_comment_uid` int(11) NOT NULL DEFAULT '0',
  `comment_count` int(10) unsigned NOT NULL DEFAULT '0',
  PRIMARY KEY (`nid`),
  KEY `node_comment_timestamp` (`last_comment_timestamp`),
  KEY `comment_count` (`comment_count`),
  KEY `last_comment_uid` (`last_comment_uid`)
) ENGINE=MyISAM DEFAULT CHARSET=utf8;

--
-- Dumping data for table `node_comment_statistics`
--

INSERT INTO `node_comment_statistics` (`nid`, `last_comment_timestamp`, `last_comment_name`, `last_comment_uid`, `comment_count`) VALUES
(14, 1340106356, NULL, 1, 0),
(2, 1339680736, NULL, 1, 0),
(3, 1340016692, NULL, 1, 0),
(4, 1340031450, NULL, 1, 0),
(5, 1340031867, NULL, 1, 0),
(6, 1340033503, NULL, 1, 0),
(7, 1340033896, NULL, 1, 0),
(8, 1340033989, NULL, 1, 0),
(9, 1340034190, NULL, 1, 0),
(10, 1340034424, NULL, 1, 0),
(11, 1340034858, NULL, 1, 0),
(12, 1340035044, NULL, 1, 0),
(13, 1340035271, NULL, 1, 0),
(15, 1342074204, NULL, 1, 0),
(17, 1343800889, NULL, 1, 0),
(18, 1343800944, NULL, 1, 0),
(20, 1343801284, NULL, 1, 0),
(21, 1344250663, NULL, 1, 0),
(22, 1345203928, NULL, 1, 0),
(23, 1345204189, NULL, 1, 0),
(24, 1347883719, NULL, 1, 0);

-- --------------------------------------------------------

--
-- Table structure for table `node_counter`
--

CREATE TABLE IF NOT EXISTS `node_counter` (
  `nid` int(11) NOT NULL DEFAULT '0',
  `totalcount` bigint(20) unsigned NOT NULL DEFAULT '0',
  `daycount` mediumint(8) unsigned NOT NULL DEFAULT '0',
  `timestamp` int(10) unsigned NOT NULL DEFAULT '0',
  PRIMARY KEY (`nid`)
) ENGINE=MyISAM DEFAULT CHARSET=utf8;

--
-- Dumping data for table `node_counter`
--


-- --------------------------------------------------------

--
-- Table structure for table `node_revisions`
--

CREATE TABLE IF NOT EXISTS `node_revisions` (
  `nid` int(10) unsigned NOT NULL DEFAULT '0',
  `vid` int(10) unsigned NOT NULL AUTO_INCREMENT,
  `uid` int(11) NOT NULL DEFAULT '0',
  `title` varchar(255) NOT NULL DEFAULT '',
  `body` longtext NOT NULL,
  `teaser` longtext NOT NULL,
  `log` longtext NOT NULL,
  `timestamp` int(11) NOT NULL DEFAULT '0',
  `format` int(11) NOT NULL DEFAULT '0',
  PRIMARY KEY (`vid`),
  KEY `nid` (`nid`),
  KEY `uid` (`uid`)
) ENGINE=MyISAM  DEFAULT CHARSET=utf8 AUTO_INCREMENT=25 ;

--
-- Dumping data for table `node_revisions`
--

INSERT INTO `node_revisions` (`nid`, `vid`, `uid`, `title`, `body`, `teaser`, `log`, `timestamp`, `format`) VALUES
(14, 14, 1, 'Contact Info', '', '', '', 1343803565, 1),
(2, 2, 1, 'Personal Data', '', '', '', 1343798403, 1),
(3, 3, 1, 'Financial', '', '', '', 1343798427, 1),
(4, 4, 1, 'Employment Info', '', '', '', 1343798988, 1),
(5, 5, 1, 'Medical History', '', '', '', 1343799203, 1),
(6, 6, 1, 'Expenses', '', '', '', 1343799236, 1),
(7, 7, 1, 'Maintenance & Recalls', '', '', '', 1343799337, 1),
(8, 8, 1, 'Government ID', '', '', '', 1343799342, 1),
(9, 9, 1, 'Insurance and Car Registration', '', '', '', 1343799409, 1),
(10, 10, 1, 'Favorites', '', '', '', 1343799443, 1),
(11, 11, 1, 'Products & Warranties', '', '', '', 1343799444, 1),
(12, 12, 1, 'Home Registry', '', '', '', 1343799481, 1),
(13, 13, 1, 'Web Sites', '', '', '', 1343799485, 1),
(17, 17, 1, 'Contact Us', 'Register My Info\r\n7702 East Doubletree Ranch, Suite 300\r\nScottsdale, Arizona 85258\r\nEmail Address:\r\ninfo@registermyinfo.com\r\nTelephone number:\r\n480-348-3974', 'Register My Info\r\n7702 East Doubletree Ranch, Suite 300\r\nScottsdale, Arizona 85258\r\nEmail Address:\r\ninfo@registermyinfo.com\r\nTelephone number:\r\n480-348-3974', '', 1345204502, 1),
(15, 15, 1, 'Home', '<strong>Our Mission Statement:</strong>\r\n<br/>\r\nRegister My Info is built on the idea that individuals require an easier mechanism of communication and distribution of their personal information amongst friends, family, businesses and others than what currently exists.  Register My Info makes sure that our clients have what they need to run their lives as well as possible with maximum efficiency and reliability.  Mobile device users want everything at their fingertips and there are an increasing number of users that want or need to share certain aspects of their information.  Therefore, Register My Info will allow users the ability to no longer carry a wallet or purse as they will have all their information such as demographic, personal, financial, health, insurance and government ID information right at their fingertips with all information stored within their mobile device through the Register My Info App.  The web and app services allow users to confidently share and unshare any aspect of their information. Register My Infos reliability is critical to our success and the success of our clients, so we give our users the assurance that their personal information and we will always be there when they need it.  Our slogan is One app. One website. One Person, as we truly believe that Register My Info allows every person to have everything they need.\r\n', '<strong>Our Mission Statement:</strong>\r\n<br/>\r', '', 1345203483, 1),
(18, 18, 1, 'How It Works', 'Users will be able to create and curate their own personal content and share and unshare their most relevant, most widely and most popular used information.  RMI is not a personal aggregator as it does not search the Internet for individual information to store like a computer or software program would search for data information.  Rather, RMI represents the most important content curation product, YOU, the individual.    RMI allows the individual user to use a closed system that allows the user to organize, maintain, manually update, and share what is most important in their daily lives.  Basically, RMI represents an updated way for individual content curation.\r\n\r\nSo how does RMI work?  Register my info (RMI) is a new web-based and mobile device application service that will help solve several needs in the fast-emerging market for data storage, content curation, and sharing.  The Company is developing a file-sharing platform and mobile app for the storage and dissemination of personal and business information.    As our parent companys name, Infinitude Inc., represents, RMI offers a platform that allows an infinite amount of content to be stored, curated and shared.  Users may enter all personal information concerning demographics, financial, employment, health, insurance, credit card information, personal identification information, social networking sites, purchased products/warranty information, likes/dislikes, recommendations/nonrecommendations, and whatever else our users can think of sharing.  Whew, like we said an infinite amount of information.\r\n\r\nHow about some examples?  Say you walk into a new doctor or dentists office and you check in and they ask for your information as well as a ton of forms to fill out. Well, we have all been there and we know how cumbersome that can be.  Here is how RMI works for this situation <strong>(will film video to insert here).</strong>   With RMI, you have prefilled in all of your information and now with a click of a button of scan of your mobile device you get to choose what information you want to share with the doctor or dentist.  Great thing also is that you can unshare the information at anytime in the future.  \r\n\r\nOr say you want to share your latest social networking schemes from Facebook, Twitter, Pinterest or others but you dont want to visit each website to choose what to share and with whom to share?   Too much time wasted doing it this way, right? RMI allows you to curate content from any site and then share with your selected friends, colleagues and/or businesses that you have selected through RMI instead of having to visit each single site and sharing through each site individually.  <strong>(video)</strong>\r\n\r\nOk another example for you.   Say you are looking for a car insurance company.  Sure there are a ton of ways you can search the Internet to find this information, but what better way than to tap into your shared RMI network of friends and colleagues to ask for a recommendation for a car insurance company.  You get the best recommendation based on your RMI networks recommendation.  In addition, your friend or colleague can share their insurance company information directly with you as they have all this information stored already.\r\n\r\nHow about purchasing products online or in a store?  RMI can help there as well.  Say you just bought a new laptop.  RMI will help you store the information on item bought purchase date, warranty information and also allow you to share this information with another individual or business.  By storing all your product information in one place, RMI will allow you to share any or all of your product information at anytime and for any reason.  Say that laptop was stolen?  Sure you can have tracking systems nowadays, but what if you could quickly pull up your serial number for law enforcement and share your information with them at time zeroyou bet you increase your chances of obtaining your items.  Also through RMIs app, you can share any stolen information stored right in your mobile device with not only law enforcement but with your insurance company, so they can start your claim at time zero.\r\n\r\nJust one of the other things RMI hopes to develop is a fully, digital, government approved identification card such as a drivers license.  Our goal at RMI is to create a personal curation that allows all users to have all their information directly in their hands via their mobile device.   Ultimately, we believe we will create the full capacity to allow users to no longer have the need to carry a wallet.   We believe safe and secure sharing is important and that is why RMI has invested in the best of the best in levels of security including adhering to all HIPPA and PCI DSS requirements.  We want our users to register and share safely, efficiently and appropriately.\r\n\r\nIn summary, RMI hopes to offer our users the ability to have everything in their mobile device for review and sharing.  The curation options are limitless or like we enjoy saying, a sharing platform used to the <em>actual infinitude of todays sharing world. </em>', 'Users will be able to create and curate their own personal content and share and unshare their most relevant, most widely and most popular used information.  RMI is not a personal aggregator as it does not search the Internet for individual information to store like a computer or software program would search for data information.  Rather, RMI represents the most important content curation product, YOU, the individual.    RMI allows the individual user to use a closed system that allows the user to organize, maintain, manually update, and share what is most important in their daily lives.', '', 1346418956, 1),
(21, 21, 1, 'Welcome to Register My Info', 'Welcome to Register My Info. Our company looks forward to serving you.  As our slogan states, we are One app.  One website. One Person.\r\n<br>\r\n<a href=''/rmi/user/account'' class=''get_started''>Get Started</a>', 'Welcome to Register My Info. Our company looks forward to serving you.  As our slogan states, we are One app.  One website. One Person.\r\n<br>\r\n<a href=''/rmi/user/account'' class=''get_started''>Get Started</a>', '', 1346739269, 1),
(20, 20, 1, 'About Us', 'Dr. Gil Ortega started register My Info (RMI) after years of frustration in not being able to carry and share data efficiently in both personal and business methods.  \r\nDr. Ortega engaged in many discussions with companies trying to help facilitate improved methods in communicating and sharing information in healthcare, financial and business markets.  However, after years of trial and tribulations while working with different companies, Dr. Ortega found that his message was always lost in translation by large companies.  The message was to provide the user with what they need right in their fingertips on their mobile devices.  It seemed too complicated for individual companies to realize that personal and business sharing of information was not being done effectively.   As was the case before RMI, users had to have several different websites and mobile applications to store and share personal and business information.  Furthermore, most of these methods of sharing were not compatible.   Finally, after years of searching for an answer to solve the problem with inefficiencies with personal and business data sharing, Dr. Ortega decided to build his own company to help fulfill the needs of every mobile device user with the bottom line desire to provide each user with everything they need right at their fingertips. ', 'Dr. Gil Ortega started register My Info (RMI) after years of frustration in not being able to carry and share data efficiently in both personal and business methods.  \r', '', 1345203634, 1),
(22, 22, 1, 'Terms', 'RMIs statement of rights and responsibilities governs the relationship between users and others that use RMI.  By engaging the uses of RMI, users agree to the following statements.', 'RMIs statement of rights and responsibilities governs the relationship between users and others that use RMI.  By engaging the uses of RMI, users agree to the following statements.', '', 1345203928, 1),
(23, 23, 1, 'Privacy Policy', 'Protecting your private information is our priority. This Statement of Privacy applies to the www.registermyinfo.com and Register My Info and governs data collection and usage. For the purposes of this Privacy Policy, unless otherwise noted, all references to Register My Info include www.registermyinfo.com and RMI. The RMI website is an information sharing site. By using the\r\nRMI website, you consent to the data practices described in this statement.\r\n\r\n<strong>TRUSTe Privacy Program</strong>\r\n\r\nRMI is a licensee of the TRUSTe Privacy Program. TRUSTe is an independent organization whose mission is to build users'' trust and confidence in the Internet by promoting the use of fair information practices. Because we want to demonstrate our commitment to your privacy, we have\r\nagreed to disclose our information practices and have our privacy practices reviewed for compliance by TRUSTe.\r\n\r\nIf you have questions or concerns regarding this policy, you should first contact us at info@registermyinfo.com. \r\n\r\n<strong>Collection of your Personal Information</strong>\r\n\r\nRMI may collect personally identifiable information, such as your name. If you purchase RMI''s products and services, we collect billing and credit card information. This information is used to complete the purchase transaction. RMI may also collect anonymous demographic information, which is not unique to you, such as your age, gender and household income. We may gather\r\nadditional personal or non-personal information in the future.\r\nInformation about your computer hardware and software may be automatically collected by RMI. This information can include: your IP address, browser type, domain names, access times and referring website addresses. This information is used for the operation of the service, to maintain quality of the service, and to provide general statistics regarding use of the RMI website.\r\nPlease keep in mind that if you directly disclose personally identifiable information or personally sensitive data through RMI''s public message boards, this information may be collected and used by others.\r\n\r\nRMI encourages you to review the privacy statements of websites you choose to link to from RMI so that you can understand how those websites collect, use and share your information. RMI is not responsible for the privacy statements or other content on websites outside of the RMI website.\r\n\r\n<strong>Use of your Personal Information</strong>\r\n\r\nRMI collects and uses your personal information to operate its website(s) and deliver the services you have requested.\r\n\r\nRMI may also use your personally identifiable information to inform you of other products or services available from RMI and its affiliates. RMI may also contact you via surveys to conduct research about your opinion of current services or of potential new services that may be offered. RMI does not sell, rent or lease its customer lists to third parties. RMI may, from time to time, contact you on behalf of external business partners about a particular offering that may be of interest to you. In those cases, your unique personally identifiable information (e-mail, name, address, telephone number) is not transferred to the third party. RMI may share data with trusted partners to help perform statistical analysis, send you email or postal mail, provide customer support, or arrange for deliveries. All such third parties are prohibited from using your personal information except to provide these services to RMI, and they are required to maintain the confidentiality of your information.\r\n\r\nRMI will disclose your personal information, without notice, only if required to do so by law or in the good faith belief that such action is necessary to: (a) conform to the edicts of the law or comply with legal process served on RMI or the site; (b) protect and defend the rights or property of RMI; and, (c) act under exigent circumstances to protect the personal safety of users of RMI, or\r\nthe public.\r\n\r\n<strong>Use of Cookies</strong>\r\n\r\nThe RMI website may use "cookies" to help you personalize your online experience. A cookie is a text file that is placed on your hard disk by a web page server. Cookies cannot be used to run programs or deliver viruses to your computer. Cookies are uniquely assigned to you, and can only\r\nbe read by a web server in the domain that issued the cookie to you.\r\nOne of the primary purposes of cookies is to provide a convenience feature to save you time. The purpose of a cookie is to tell the Web server that you have returned to a specific page. For example, if you personalize RMI pages, or register with RMI site or services, a cookie helps RMI to recall your specific information on subsequent visits. This simplifies the process of recording\r\nyour personal information, such as billing addresses, shipping addresses, and so on. When you return to the same RMI website, the information you previously provided can be retrieved, so you can easily use the RMI features that you customized. You have the ability to accept or decline cookies. Most Web browsers automatically accept cookies, but you can usually modify your browser setting to decline cookies if you prefer. If you choose to decline cookies, you may not be able to fully experience the interactive features of the\r\nRMI services or websites you visit.\r\n\r\n<strong>Security of your Personal Information</strong>\r\n\r\nVerisign When personal information (such as a credit card number) is transmitted to other websites, it is protected through the use of encryption, such as the Secure Sockets Layer (SSL) protocol. Verisign is an independent, third-party company engaged in the development of digital trust.\r\nVerisign provides authentication of Internet services, digital identity and intellectual property. By clicking on the Verisign logo, the Verisign website will serve up a web page that confirms that RMI is "Verisign Authenticated."\r\n\r\n<strong>Children Under Thirteen</strong>\r\n\r\nRMI does not knowingly collect personally identifiable information from children under the age of thirteen. If you are under the age of thirteen, you must ask your parent or guardian for permission to use this website.\r\n\r\n<strong>Opt-Out & Unsubscribe</strong>\r\n\r\nWe respect your privacy and give you an opportunity to opt-out of receiving announcements of certain information. Users may opt-out of receiving any or all communications from RMI by contacting us here:\r\n\r\nEmail: <a href=''mailto:info@registermyinfo.com'' >info@registermyinfo.com</a>\r\n\r\n<strong>Changes to this Statement</strong>\r\n\r\nRMI will occasionally update this Statement of Privacy to reflect company and customer feedback. RMI encourages you to periodically review this Statement to be informed of how RMI is protecting your information.\r\n\r\n<strong>Termination</strong>\r\n\r\nIf a user violates the voice of the applied Statement or otherwise increases risk of possible legal violations to RMI, RMI can stop allowing access to RMI functions and content.  A user in violation of the voice of the applied Statement will be notified via email and/or at next time of use of RMI by user.  As stated above, a user may also delete his/her account or application at anytime.\r\n\r\n<strong>Contact Information</strong>\r\n\r\nRMI welcomes your questions or comments regarding this Statement of Privacy. \r\n\r\nIf you believe that RMI has not adhered to this Statement, please contact RMI at:\r\n\r\nRegister My Info\r\n7702 East Doubletree Ranch, Suite 300\r\nScottsdale, Arizona 85258\r\nEmail Address:\r\ninfo@registermyinfo.com\r\nTelephone number:\r\n480-348-3974\r\nEffective as of July 07, 2012\r\n', 'Protecting your private information is our priority. This Statement of Privacy applies to the www.registermyinfo.com and Register My Info and governs data collection and usage. For the purposes of this Privacy Policy, unless otherwise noted, all references to Register My Info include www.registermyinfo.com and RMI. The RMI website is an information sharing site. By using the\r\nRMI website, you consent to the data practices described in this statement.\r\n\r\n<strong>TRUSTe Privacy Program</strong>\r\n\r', '', 1345204418, 1),
(24, 24, 1, 'Access denied', 'You are not authorized to access this page.', 'You are not authorized to access this page.', '', 1347883719, 1);

-- --------------------------------------------------------

--
-- Table structure for table `node_type`
--

CREATE TABLE IF NOT EXISTS `node_type` (
  `type` varchar(32) NOT NULL,
  `name` varchar(255) NOT NULL DEFAULT '',
  `module` varchar(255) NOT NULL,
  `description` mediumtext NOT NULL,
  `help` mediumtext NOT NULL,
  `has_title` tinyint(3) unsigned NOT NULL,
  `title_label` varchar(255) NOT NULL DEFAULT '',
  `has_body` tinyint(3) unsigned NOT NULL,
  `body_label` varchar(255) NOT NULL DEFAULT '',
  `min_word_count` smallint(5) unsigned NOT NULL,
  `custom` tinyint(4) NOT NULL DEFAULT '0',
  `modified` tinyint(4) NOT NULL DEFAULT '0',
  `locked` tinyint(4) NOT NULL DEFAULT '0',
  `orig_type` varchar(255) NOT NULL DEFAULT '',
  PRIMARY KEY (`type`)
) ENGINE=MyISAM DEFAULT CHARSET=utf8;

--
-- Dumping data for table `node_type`
--

INSERT INTO `node_type` (`type`, `name`, `module`, `description`, `help`, `has_title`, `title_label`, `has_body`, `body_label`, `min_word_count`, `custom`, `modified`, `locked`, `orig_type`) VALUES
('page', 'Page', 'node', 'A <em>page</em>, similar in form to a <em>story</em>, is a simple method for creating and displaying information that rarely changes, such as an "About us" section of a website. By default, a <em>page</em> entry does not allow visitor comments and is not featured on the site''s initial home page.', '', 1, 'Title', 1, 'Body', 0, 1, 1, 0, 'page'),
('story', 'Story', 'node', 'A <em>story</em>, similar in form to a <em>page</em>, is ideal for creating and displaying content that informs or engages website visitors. Press releases, site announcements, and informal blog-like entries may all be created with a <em>story</em> entry. By default, a <em>story</em> entry is automatically featured on the site''s initial home page, and provides the ability to post comments.', '', 1, 'Title', 1, 'Body', 0, 1, 1, 0, 'story'),
('webform', 'Webform', 'node', 'Create a new form or questionnaire accessible to users. Submission results and statistics are recorded and accessible to privileged users.', '', 1, 'Title', 1, 'Body', 0, 1, 1, 0, 'webform');

-- --------------------------------------------------------

--
-- Table structure for table `permission`
--

CREATE TABLE IF NOT EXISTS `permission` (
  `pid` int(11) NOT NULL AUTO_INCREMENT,
  `rid` int(10) unsigned NOT NULL DEFAULT '0',
  `perm` longtext,
  `tid` int(10) unsigned NOT NULL DEFAULT '0',
  PRIMARY KEY (`pid`),
  KEY `rid` (`rid`)
) ENGINE=MyISAM  DEFAULT CHARSET=utf8 AUTO_INCREMENT=19 ;

--
-- Dumping data for table `permission`
--

INSERT INTO `permission` (`pid`, `rid`, `perm`, `tid`) VALUES
(17, 1, 'access datagroup uploaded files, access content', 0),
(18, 2, 'access comments, post comments, post comments without approval, access user contacts, access datagroup uploaded files, access datagroup services, access content, create webform content, delete own webform content, edit own webform content, access all webform results, access own webform results, access own webform submissions, delete all webform submissions, delete own webform submissions, edit all webform submissions, edit own webform submissions', 0);

-- --------------------------------------------------------

--
-- Table structure for table `popdata`
--

CREATE TABLE IF NOT EXISTS `popdata` (
  `id` int(10) unsigned NOT NULL AUTO_INCREMENT,
  `datagroup_id` int(11) NOT NULL DEFAULT '0',
  `sid` int(11) NOT NULL DEFAULT '0',
  `uid` int(11) NOT NULL DEFAULT '0',
  `mail` varchar(255) NOT NULL DEFAULT '',
  `created` varchar(255) NOT NULL DEFAULT '',
  PRIMARY KEY (`id`)
) ENGINE=MyISAM  DEFAULT CHARSET=utf8 AUTO_INCREMENT=15 ;

--
-- Dumping data for table `popdata`
--

INSERT INTO `popdata` (`id`, `datagroup_id`, `sid`, `uid`, `mail`, `created`) VALUES
(1, 1, 87, 86, 'edwardtester99@gmail.com', '1344256905'),
(2, 2, 88, 87, 'emilybronte248@gmail.com', '1344256905'),
(3, 3, 89, 88, 'richardtester29@gmail.com', '1344256905'),
(4, 4, 90, 98, 'dsareen@tekyz.com', '1344256905'),
(5, 1, 198, 86, 'edwardtester99@gmail.com', '1347254234'),
(6, 2, 199, 87, 'emilybronte248@gmail.com', '1347254234'),
(7, 3, 200, 88, 'richardtester29@gmail.com', '1347254234'),
(8, 1, 201, 86, 'edwardtester99@gmail.com', '1347254234'),
(9, 1, 202, 86, 'edwardtester99@gmail.com', '1347254234'),
(10, 1, 203, 86, 'edwardtester99@gmail.com', '1347254234'),
(11, 1, 204, 86, 'edwardtester99@gmail.com', '1347254234'),
(12, 1, 205, 86, 'edwardtester99@gmail.com', '1347254234'),
(13, 1, 206, 86, 'edwardtester99@gmail.com', '1347254234'),
(14, 1, 207, 86, 'edwardtester99@gmail.com', '1347254234');

-- --------------------------------------------------------

--
-- Table structure for table `profile_fields`
--

CREATE TABLE IF NOT EXISTS `profile_fields` (
  `fid` int(11) NOT NULL AUTO_INCREMENT,
  `title` varchar(255) DEFAULT NULL,
  `name` varchar(128) NOT NULL DEFAULT '',
  `explanation` text,
  `category` varchar(255) DEFAULT NULL,
  `page` varchar(255) DEFAULT NULL,
  `type` varchar(128) DEFAULT NULL,
  `weight` tinyint(4) NOT NULL DEFAULT '0',
  `required` tinyint(4) NOT NULL DEFAULT '0',
  `register` tinyint(4) NOT NULL DEFAULT '0',
  `visibility` tinyint(4) NOT NULL DEFAULT '0',
  `autocomplete` tinyint(4) NOT NULL DEFAULT '0',
  `options` text,
  PRIMARY KEY (`fid`),
  UNIQUE KEY `name` (`name`),
  KEY `category` (`category`)
) ENGINE=MyISAM  DEFAULT CHARSET=utf8 AUTO_INCREMENT=3 ;

--
-- Dumping data for table `profile_fields`
--

INSERT INTO `profile_fields` (`fid`, `title`, `name`, `explanation`, `category`, `page`, `type`, `weight`, `required`, `register`, `visibility`, `autocomplete`, `options`) VALUES
(1, 'First Name', 'profile_first_name', '', 'Personal information', '', 'textfield', 0, 1, 1, 3, 0, ''),
(2, 'Last Name', 'profile_last_name', '', 'Personal information', '', 'textfield', 0, 1, 1, 3, 0, '');

-- --------------------------------------------------------

--
-- Table structure for table `profile_values`
--

CREATE TABLE IF NOT EXISTS `profile_values` (
  `fid` int(10) unsigned NOT NULL DEFAULT '0',
  `uid` int(10) unsigned NOT NULL DEFAULT '0',
  `value` text,
  PRIMARY KEY (`uid`,`fid`),
  KEY `fid` (`fid`)
) ENGINE=MyISAM DEFAULT CHARSET=utf8;

--
-- Dumping data for table `profile_values`
--

INSERT INTO `profile_values` (`fid`, `uid`, `value`) VALUES
(2, 85, 'naseer'),
(1, 85, 'zuhaib'),
(1, 1, 'admin'),
(2, 1, 'admin'),
(2, 100, '1'),
(1, 100, '2'),
(1, 101, 'a'),
(2, 101, 'b'),
(1, 102, 's'),
(2, 102, 's'),
(1, 103, 'a'),
(2, 103, 'a'),
(1, 104, 'x'),
(2, 104, 'y'),
(1, 105, 'test1'),
(2, 105, 'test2'),
(1, 106, 'y'),
(2, 106, 'h'),
(1, 107, 'muhammad'),
(2, 107, 'usman'),
(1, 108, 'Maria'),
(2, 108, 'Test'),
(1, 109, 'frederick'),
(2, 109, 'orville'),
(1, 110, 'Gil'),
(2, 110, 'Ortega'),
(1, 111, 'a'),
(2, 111, 'v'),
(1, 112, 'dfgd'),
(2, 112, 'dgfd'),
(1, 113, 'George'),
(2, 113, 'Nelson'),
(1, 114, 'rg'),
(2, 114, 'fg'),
(1, 115, 'a'),
(2, 115, 'a'),
(1, 116, 'richard'),
(2, 116, 'test'),
(1, 117, 'edward'),
(2, 117, 'test'),
(1, 118, 'emily'),
(2, 118, 'test'),
(1, 119, 'new'),
(2, 119, 'text'),
(1, 120, 'c'),
(2, 120, 'new'),
(1, 121, 'asndjajdjai239847123987498274(*&(*&#($*&@(*$&)(@#8098904:":":L"L:"L:";'''';;ll;;l''l''l6uu65&^%$^#%$@$#!@$#@!#!@#!@#%^&%*&^&(*^*(&(#!#~#!#@!$#@#%&^(*'),
(2, 121, ''''),
(1, 122, 'ad'),
(2, 122, 'asda'),
(1, 123, 'sf'),
(2, 123, 'sdf'),
(2, 125, 'test123'),
(1, 125, 'test123'),
(1, 126, 'ASD'),
(2, 126, 'ASD'),
(1, 127, 'ammarammar'),
(2, 127, 'asim'),
(1, 128, 'ali'),
(2, 128, 'akram'),
(1, 129, 'muhammad'),
(2, 129, 'adnan');

-- --------------------------------------------------------

--
-- Table structure for table `role`
--

CREATE TABLE IF NOT EXISTS `role` (
  `rid` int(10) unsigned NOT NULL AUTO_INCREMENT,
  `name` varchar(64) NOT NULL DEFAULT '',
  PRIMARY KEY (`rid`),
  UNIQUE KEY `name` (`name`)
) ENGINE=MyISAM  DEFAULT CHARSET=utf8 AUTO_INCREMENT=3 ;

--
-- Dumping data for table `role`
--

INSERT INTO `role` (`rid`, `name`) VALUES
(1, 'anonymous user'),
(2, 'authenticated user');

-- --------------------------------------------------------

--
-- Table structure for table `search_dataset`
--

CREATE TABLE IF NOT EXISTS `search_dataset` (
  `sid` int(10) unsigned NOT NULL DEFAULT '0',
  `type` varchar(16) DEFAULT NULL,
  `data` longtext NOT NULL,
  `reindex` int(10) unsigned NOT NULL DEFAULT '0',
  UNIQUE KEY `sid_type` (`sid`,`type`)
) ENGINE=MyISAM DEFAULT CHARSET=utf8;

--
-- Dumping data for table `search_dataset`
--


-- --------------------------------------------------------

--
-- Table structure for table `search_index`
--

CREATE TABLE IF NOT EXISTS `search_index` (
  `word` varchar(50) NOT NULL DEFAULT '',
  `sid` int(10) unsigned NOT NULL DEFAULT '0',
  `type` varchar(16) DEFAULT NULL,
  `score` float DEFAULT NULL,
  UNIQUE KEY `word_sid_type` (`word`,`sid`,`type`),
  KEY `sid_type` (`sid`,`type`),
  KEY `word` (`word`)
) ENGINE=MyISAM DEFAULT CHARSET=utf8;

--
-- Dumping data for table `search_index`
--


-- --------------------------------------------------------

--
-- Table structure for table `search_node_links`
--

CREATE TABLE IF NOT EXISTS `search_node_links` (
  `sid` int(10) unsigned NOT NULL DEFAULT '0',
  `type` varchar(16) NOT NULL DEFAULT '',
  `nid` int(10) unsigned NOT NULL DEFAULT '0',
  `caption` longtext,
  PRIMARY KEY (`sid`,`type`,`nid`),
  KEY `nid` (`nid`)
) ENGINE=MyISAM DEFAULT CHARSET=utf8;

--
-- Dumping data for table `search_node_links`
--


-- --------------------------------------------------------

--
-- Table structure for table `search_total`
--

CREATE TABLE IF NOT EXISTS `search_total` (
  `word` varchar(50) NOT NULL DEFAULT '',
  `count` float DEFAULT NULL,
  PRIMARY KEY (`word`)
) ENGINE=MyISAM DEFAULT CHARSET=utf8;

--
-- Dumping data for table `search_total`
--


-- --------------------------------------------------------

--
-- Table structure for table `semaphore`
--

CREATE TABLE IF NOT EXISTS `semaphore` (
  `name` varchar(255) NOT NULL DEFAULT '',
  `value` varchar(255) NOT NULL DEFAULT '',
  `expire` double NOT NULL,
  PRIMARY KEY (`name`),
  KEY `expire` (`expire`)
) ENGINE=MyISAM DEFAULT CHARSET=utf8;

--
-- Dumping data for table `semaphore`
--


-- --------------------------------------------------------

--
-- Table structure for table `sessions`
--

CREATE TABLE IF NOT EXISTS `sessions` (
  `uid` int(10) unsigned NOT NULL,
  `sid` varchar(64) NOT NULL DEFAULT '',
  `hostname` varchar(128) NOT NULL DEFAULT '',
  `timestamp` int(11) NOT NULL DEFAULT '0',
  `cache` int(11) NOT NULL DEFAULT '0',
  `session` longtext,
  PRIMARY KEY (`sid`),
  KEY `timestamp` (`timestamp`),
  KEY `uid` (`uid`)
) ENGINE=MyISAM DEFAULT CHARSET=utf8;

--
-- Dumping data for table `sessions`
--

INSERT INTO `sessions` (`uid`, `sid`, `hostname`, `timestamp`, `cache`, `session`) VALUES
(1, 'gmcg7bljvku9dmt7edq8ibded4', '115.186.146.97', 1347361072, 0, 'messages|a:1:{s:5:"error";a:10:{i:0;s:129:"warning: Parameter 3 to block_user() expected to be a reference, value given in D:\\www\\sites\\rmi\\includes\\module.inc on line 497.";i:1;s:131:"warning: Parameter 3 to comment_user() expected to be a reference, value given in D:\\www\\sites\\rmi\\includes\\module.inc on line 497.";i:2;s:129:"warning: Parameter 2 to dblog_user() expected to be a reference, value given in D:\\www\\sites\\rmi\\includes\\module.inc on line 497.";i:3;s:128:"warning: Parameter 2 to node_user() expected to be a reference, value given in D:\\www\\sites\\rmi\\includes\\module.inc on line 497.";i:4;s:131:"warning: Parameter 2 to profile_user() expected to be a reference, value given in D:\\www\\sites\\rmi\\includes\\module.inc on line 497.";i:5;s:130:"warning: Parameter 3 to system_user() expected to be a reference, value given in D:\\www\\sites\\rmi\\includes\\module.inc on line 497.";i:6;s:128:"warning: Parameter 2 to user_user() expected to be a reference, value given in D:\\www\\sites\\rmi\\includes\\module.inc on line 497.";i:7;s:137:"warning: Parameter 2 to logintoboggan_user() expected to be a reference, value given in D:\\www\\sites\\rmi\\includes\\module.inc on line 497.";i:8;s:132:"warning: Parameter 2 to pathauto_user() expected to be a reference, value given in D:\\www\\sites\\rmi\\includes\\module.inc on line 497.";i:9;s:130:"warning: Parameter 2 to chgpwd_user() expected to be a reference, value given in D:\\www\\sites\\rmi\\includes\\module.inc on line 497.";}}'),
(1, '6oui7b1la26aa9p0tcou17snh5', '198.228.212.191', 1348071418, 0, 'messages|a:1:{s:5:"error";a:10:{i:0;s:129:"warning: Parameter 3 to block_user() expected to be a reference, value given in D:\\www\\sites\\rmi\\includes\\module.inc on line 497.";i:1;s:131:"warning: Parameter 3 to comment_user() expected to be a reference, value given in D:\\www\\sites\\rmi\\includes\\module.inc on line 497.";i:2;s:129:"warning: Parameter 2 to dblog_user() expected to be a reference, value given in D:\\www\\sites\\rmi\\includes\\module.inc on line 497.";i:3;s:128:"warning: Parameter 2 to node_user() expected to be a reference, value given in D:\\www\\sites\\rmi\\includes\\module.inc on line 497.";i:4;s:131:"warning: Parameter 2 to profile_user() expected to be a reference, value given in D:\\www\\sites\\rmi\\includes\\module.inc on line 497.";i:5;s:130:"warning: Parameter 3 to system_user() expected to be a reference, value given in D:\\www\\sites\\rmi\\includes\\module.inc on line 497.";i:6;s:128:"warning: Parameter 2 to user_user() expected to be a reference, value given in D:\\www\\sites\\rmi\\includes\\module.inc on line 497.";i:7;s:137:"warning: Parameter 2 to logintoboggan_user() expected to be a reference, value given in D:\\www\\sites\\rmi\\includes\\module.inc on line 497.";i:8;s:132:"warning: Parameter 2 to pathauto_user() expected to be a reference, value given in D:\\www\\sites\\rmi\\includes\\module.inc on line 497.";i:9;s:130:"warning: Parameter 2 to chgpwd_user() expected to be a reference, value given in D:\\www\\sites\\rmi\\includes\\module.inc on line 497.";}}'),
(88, '2ggbsba623l72lo7gha08g2565', '182.180.65.113', 1348655878, 0, ''),
(102, '4rptk4utu109c34kpfnt9d31c0', '115.186.146.97', 1348665478, 0, ''),
(86, '9emhlmnnnvi5va3hj740r8p0c0', '182.180.65.113', 1348738263, 0, ''),
(0, 'hhsldegomek0r13g2s6b5u36t3', '204.236.226.210', 1348879440, 0, ''),
(86, '31o57bda5ltgi4nr1t7vd871p6', '182.180.65.113', 1348748852, 0, ''),
(88, 'qchu9oci9d39dlug9d3as22fd2', '1.22.73.32', 1348748885, 0, 'edit_subdatagroup_nid|s:1:"3";edit_subdatagroup_sid|s:3:"180";'),
(102, '1r93c6shoh80isukg0d5bas8m1', '115.186.146.97', 1348748387, 0, 'edit_subdatagroup_nid|s:2:"14";edit_subdatagroup_sid|N;'),
(0, '7dgu60qpsd8palrbsqbubmlhe0', '204.236.226.210', 1347571002, 0, ''),
(1, 'd5dbdvv4td6odkv073d8tfo7e0', '115.186.146.97', 1347621311, 0, 'edit_subdatagroup_nid|s:2:"14";edit_subdatagroup_sid|s:3:"154";'),
(0, 'noklae4v1k4q474ag0gjns32o1', '1.22.72.74', 1347890829, 0, ''),
(0, 'eu0evlls4urlmot8vmj72odti2', '98.191.105.249', 1347998666, 0, ''),
(1, 'imrq1od6413ietuj4fm3sf5or2', '115.186.146.97', 1348032895, 0, 'edit_subdatagroup_nid|s:1:"5";edit_subdatagroup_sid|N;'),
(0, 'omrrstake040k27ej4mpr51to6', '122.161.112.34', 1348033402, 0, ''),
(1, 'uanrtbffmmoj6le17b4rrifk97', '76.103.171.32', 1348032932, 0, 'edit_subdatagroup_nid|s:1:"3";edit_subdatagroup_sid|N;'),
(0, 'tf6mndld7oae0bcnvhcfjj2l56', '78.146.89.130', 1348154682, 0, ''),
(1, 'tc929dlioimnbidc9ojgo0nbu1', '24.251.235.228', 1348632779, 0, 'messages|a:1:{s:5:"error";a:10:{i:0;s:129:"warning: Parameter 3 to block_user() expected to be a reference, value given in D:\\www\\sites\\rmi\\includes\\module.inc on line 497.";i:1;s:131:"warning: Parameter 3 to comment_user() expected to be a reference, value given in D:\\www\\sites\\rmi\\includes\\module.inc on line 497.";i:2;s:129:"warning: Parameter 2 to dblog_user() expected to be a reference, value given in D:\\www\\sites\\rmi\\includes\\module.inc on line 497.";i:3;s:128:"warning: Parameter 2 to node_user() expected to be a reference, value given in D:\\www\\sites\\rmi\\includes\\module.inc on line 497.";i:4;s:131:"warning: Parameter 2 to profile_user() expected to be a reference, value given in D:\\www\\sites\\rmi\\includes\\module.inc on line 497.";i:5;s:130:"warning: Parameter 3 to system_user() expected to be a reference, value given in D:\\www\\sites\\rmi\\includes\\module.inc on line 497.";i:6;s:128:"warning: Parameter 2 to user_user() expected to be a reference, value given in D:\\www\\sites\\rmi\\includes\\module.inc on line 497.";i:7;s:137:"warning: Parameter 2 to logintoboggan_user() expected to be a reference, value given in D:\\www\\sites\\rmi\\includes\\module.inc on line 497.";i:8;s:132:"warning: Parameter 2 to pathauto_user() expected to be a reference, value given in D:\\www\\sites\\rmi\\includes\\module.inc on line 497.";i:9;s:130:"warning: Parameter 2 to chgpwd_user() expected to be a reference, value given in D:\\www\\sites\\rmi\\includes\\module.inc on line 497.";}}'),
(0, 'osm1hfnpti2ddltq46bf5v0gn5', '204.236.226.210', 1347494562, 0, ''),
(1, 'os8k5ac1b9nckt365l8hp3r0q2', '115.186.146.97', 1348480497, 0, 'messages|a:1:{s:5:"error";a:10:{i:0;s:129:"warning: Parameter 3 to block_user() expected to be a reference, value given in D:\\www\\sites\\rmi\\includes\\module.inc on line 497.";i:1;s:131:"warning: Parameter 3 to comment_user() expected to be a reference, value given in D:\\www\\sites\\rmi\\includes\\module.inc on line 497.";i:2;s:129:"warning: Parameter 2 to dblog_user() expected to be a reference, value given in D:\\www\\sites\\rmi\\includes\\module.inc on line 497.";i:3;s:128:"warning: Parameter 2 to node_user() expected to be a reference, value given in D:\\www\\sites\\rmi\\includes\\module.inc on line 497.";i:4;s:131:"warning: Parameter 2 to profile_user() expected to be a reference, value given in D:\\www\\sites\\rmi\\includes\\module.inc on line 497.";i:5;s:130:"warning: Parameter 3 to system_user() expected to be a reference, value given in D:\\www\\sites\\rmi\\includes\\module.inc on line 497.";i:6;s:128:"warning: Parameter 2 to user_user() expected to be a reference, value given in D:\\www\\sites\\rmi\\includes\\module.inc on line 497.";i:7;s:137:"warning: Parameter 2 to logintoboggan_user() expected to be a reference, value given in D:\\www\\sites\\rmi\\includes\\module.inc on line 497.";i:8;s:132:"warning: Parameter 2 to pathauto_user() expected to be a reference, value given in D:\\www\\sites\\rmi\\includes\\module.inc on line 497.";i:9;s:130:"warning: Parameter 2 to chgpwd_user() expected to be a reference, value given in D:\\www\\sites\\rmi\\includes\\module.inc on line 497.";}}'),
(1, 'rpvibbh9adulfpt15dobfpj8l4', '76.103.171.32', 1347245838, 0, 'messages|a:1:{s:5:"error";a:10:{i:0;s:129:"warning: Parameter 3 to block_user() expected to be a reference, value given in D:\\www\\sites\\rmi\\includes\\module.inc on line 497.";i:1;s:131:"warning: Parameter 3 to comment_user() expected to be a reference, value given in D:\\www\\sites\\rmi\\includes\\module.inc on line 497.";i:2;s:129:"warning: Parameter 2 to dblog_user() expected to be a reference, value given in D:\\www\\sites\\rmi\\includes\\module.inc on line 497.";i:3;s:128:"warning: Parameter 2 to node_user() expected to be a reference, value given in D:\\www\\sites\\rmi\\includes\\module.inc on line 497.";i:4;s:131:"warning: Parameter 2 to profile_user() expected to be a reference, value given in D:\\www\\sites\\rmi\\includes\\module.inc on line 497.";i:5;s:130:"warning: Parameter 3 to system_user() expected to be a reference, value given in D:\\www\\sites\\rmi\\includes\\module.inc on line 497.";i:6;s:128:"warning: Parameter 2 to user_user() expected to be a reference, value given in D:\\www\\sites\\rmi\\includes\\module.inc on line 497.";i:7;s:137:"warning: Parameter 2 to logintoboggan_user() expected to be a reference, value given in D:\\www\\sites\\rmi\\includes\\module.inc on line 497.";i:8;s:132:"warning: Parameter 2 to pathauto_user() expected to be a reference, value given in D:\\www\\sites\\rmi\\includes\\module.inc on line 497.";i:9;s:130:"warning: Parameter 2 to chgpwd_user() expected to be a reference, value given in D:\\www\\sites\\rmi\\includes\\module.inc on line 497.";}}'),
(103, 'ib1sqosb8imgt81n3dc9444cs6', '76.103.171.32', 1347248296, 0, 'edit_subdatagroup_nid|s:1:"4";edit_subdatagroup_sid|N;'),
(0, 'oqaor8rpna56vrh0cim4d49fv3', '24.251.235.228', 1349014742, 0, ''),
(1, '9tqvrjlmuutipnm235u2umt984', '115.186.146.97', 1347362737, 0, 'messages|a:1:{s:5:"error";a:10:{i:0;s:129:"warning: Parameter 3 to block_user() expected to be a reference, value given in D:\\www\\sites\\rmi\\includes\\module.inc on line 497.";i:1;s:131:"warning: Parameter 3 to comment_user() expected to be a reference, value given in D:\\www\\sites\\rmi\\includes\\module.inc on line 497.";i:2;s:129:"warning: Parameter 2 to dblog_user() expected to be a reference, value given in D:\\www\\sites\\rmi\\includes\\module.inc on line 497.";i:3;s:128:"warning: Parameter 2 to node_user() expected to be a reference, value given in D:\\www\\sites\\rmi\\includes\\module.inc on line 497.";i:4;s:131:"warning: Parameter 2 to profile_user() expected to be a reference, value given in D:\\www\\sites\\rmi\\includes\\module.inc on line 497.";i:5;s:130:"warning: Parameter 3 to system_user() expected to be a reference, value given in D:\\www\\sites\\rmi\\includes\\module.inc on line 497.";i:6;s:128:"warning: Parameter 2 to user_user() expected to be a reference, value given in D:\\www\\sites\\rmi\\includes\\module.inc on line 497.";i:7;s:137:"warning: Parameter 2 to logintoboggan_user() expected to be a reference, value given in D:\\www\\sites\\rmi\\includes\\module.inc on line 497.";i:8;s:132:"warning: Parameter 2 to pathauto_user() expected to be a reference, value given in D:\\www\\sites\\rmi\\includes\\module.inc on line 497.";i:9;s:130:"warning: Parameter 2 to chgpwd_user() expected to be a reference, value given in D:\\www\\sites\\rmi\\includes\\module.inc on line 497.";}}'),
(86, 'dbr27h22bcl38j7ndnv4j7sb04', '115.167.14.98', 1347287723, 0, ''),
(1, 'f073tpv37dcm1f0irsrqblcmo6', '115.186.146.97', 1348117548, 0, 'edit_subdatagroup_nid|s:1:"3";edit_subdatagroup_sid|s:2:"39";node_overview_filter|a:0:{}'),
(1, 'nhvi42ikg0o0po78lb044n6ii4', '115.186.146.97', 1347362743, 0, 'messages|a:2:{s:5:"error";a:12:{i:0;s:129:"warning: Parameter 3 to block_user() expected to be a reference, value given in D:\\www\\sites\\rmi\\includes\\module.inc on line 497.";i:1;s:131:"warning: Parameter 3 to comment_user() expected to be a reference, value given in D:\\www\\sites\\rmi\\includes\\module.inc on line 497.";i:2;s:129:"warning: Parameter 2 to dblog_user() expected to be a reference, value given in D:\\www\\sites\\rmi\\includes\\module.inc on line 497.";i:3;s:128:"warning: Parameter 2 to node_user() expected to be a reference, value given in D:\\www\\sites\\rmi\\includes\\module.inc on line 497.";i:4;s:131:"warning: Parameter 2 to profile_user() expected to be a reference, value given in D:\\www\\sites\\rmi\\includes\\module.inc on line 497.";i:5;s:130:"warning: Parameter 3 to system_user() expected to be a reference, value given in D:\\www\\sites\\rmi\\includes\\module.inc on line 497.";i:6;s:128:"warning: Parameter 2 to user_user() expected to be a reference, value given in D:\\www\\sites\\rmi\\includes\\module.inc on line 497.";i:7;s:137:"warning: Parameter 2 to logintoboggan_user() expected to be a reference, value given in D:\\www\\sites\\rmi\\includes\\module.inc on line 497.";i:8;s:132:"warning: Parameter 2 to pathauto_user() expected to be a reference, value given in D:\\www\\sites\\rmi\\includes\\module.inc on line 497.";i:9;s:130:"warning: Parameter 2 to chgpwd_user() expected to be a reference, value given in D:\\www\\sites\\rmi\\includes\\module.inc on line 497.";i:10;s:125:"The e-mail address <em>a@b.com</em> is already registered. <a href="/rmi/user/password">Have you forgotten your password?</a>";i:11;s:125:"The e-mail address <em>a@d.com</em> is already registered. <a href="/rmi/user/password">Have you forgotten your password?</a>";}s:6:"status";a:1:{i:0;s:104:"Created a new user account for <a href="/rmi/users/avcom"><em>a@v.com</em></a>. No e-mail has been sent.";}}');

-- --------------------------------------------------------

--
-- Table structure for table `sub_datagroup_submissions`
--

CREATE TABLE IF NOT EXISTS `sub_datagroup_submissions` (
  `ssid` int(10) unsigned NOT NULL AUTO_INCREMENT,
  `nid` int(10) unsigned NOT NULL DEFAULT '0',
  `sid` int(10) unsigned NOT NULL DEFAULT '0',
  `uid` int(10) unsigned NOT NULL DEFAULT '0',
  `submitted` int(11) NOT NULL DEFAULT '0',
  `cid` smallint(5) unsigned NOT NULL DEFAULT '0',
  `title` varchar(255) DEFAULT NULL,
  PRIMARY KEY (`ssid`),
  KEY `nid_uid_sid` (`nid`,`uid`,`sid`),
  KEY `nid_sid` (`nid`,`sid`)
) ENGINE=MyISAM  DEFAULT CHARSET=utf8 AUTO_INCREMENT=557 ;

--
-- Dumping data for table `sub_datagroup_submissions`
--

INSERT INTO `sub_datagroup_submissions` (`ssid`, `nid`, `sid`, `uid`, `submitted`, `cid`, `title`) VALUES
(193, 3, 144, 113, 1345198080, 5, 'Credit / Debit Cards'),
(198, 5, 112, 113, 1345200612, 10, 'Implants'),
(134, 14, 117, 101, 1345014618, 4, 'Telephone '),
(135, 4, 118, 101, 1345010282, 7, 'Letters of recommendation'),
(226, 3, 181, 126, 1345881994, 11, 'Credit Score'),
(225, 3, 181, 126, 1345881994, 5, 'Credit / Debit Cards'),
(224, 3, 181, 126, 1345881994, 1, 'Bank Account'),
(223, 3, 181, 126, 1345881994, 1, 'Bank Account'),
(222, 4, 178, 126, 1345808262, 7, 'Letters of recommendation'),
(286, 3, 202, 113, 1346219197, 5, 'Credit / Debit Cards'),
(276, 14, 198, 113, 1345903704, 4, 'Telephone '),
(278, 4, 200, 113, 1346059711, 7, 'Letters of recommendation'),
(280, 5, 201, 113, 1346238919, 10, 'Implants'),
(273, 14, 198, 113, 1345903704, 4, 'Telephone '),
(217, 4, 171, 116, 1345804213, 7, 'Letters of recommendation'),
(26, 4, 38, 1, 1345875219, 7, 'Letters of recommendation'),
(27, 3, 39, 1, 1345903235, 1, 'Bank Account'),
(28, 3, 39, 1, 1345903235, 5, 'Credit / Debit Cards'),
(29, 3, 39, 1, 1345903235, 11, 'Credit Score'),
(30, 3, 39, 1, 1345903235, 11, 'Credit Score'),
(31, 3, 39, 1, 1345903235, 15, 'Loans'),
(174, 5, 137, 1, 1345015777, 6, 'Surgeries'),
(172, 5, 137, 1, 1345015777, 10, 'Implants'),
(171, 5, 137, 1, 1345015777, 6, 'Surgeries'),
(298, 3, 202, 113, 1346219197, 1, 'Bank Account'),
(281, 3, 202, 113, 1346219197, 1, 'Bank Account'),
(220, 4, 176, 126, 1345805851, 7, 'Letters of recommendation'),
(194, 3, 144, 113, 1345198080, 11, 'Credit Score'),
(162, 3, 133, 1, 1345012317, 15, 'Loans'),
(161, 3, 133, 1, 1345012317, 11, 'Credit Score'),
(160, 3, 133, 1, 1345012317, 5, 'Credit / Debit Cards'),
(159, 3, 133, 1, 1345012317, 1, 'Bank Account'),
(157, 5, 130, 101, 1345010967, 10, 'Implants'),
(156, 5, 130, 101, 1345010967, 6, 'Surgeries'),
(155, 5, 130, 101, 1345010966, 6, 'Surgeries'),
(154, 3, 125, 101, 1345010533, 15, 'Loans'),
(188, 14, 141, 121, 1345196451, 4, 'Telephone '),
(201, 3, 159, 113, 1345706989, 1, 'Bank Account'),
(133, 4, 116, 112, 1344860977, 7, 'Letters of recommendation'),
(132, 4, 116, 112, 1344860976, 7, 'Letters of recommendation'),
(131, 3, 115, 112, 1344860045, 15, 'Loans'),
(130, 3, 115, 112, 1344860045, 15, 'Loans'),
(129, 3, 115, 112, 1344860045, 11, 'Credit Score'),
(128, 3, 115, 112, 1344860045, 5, 'Credit / Debit Cards'),
(127, 3, 115, 112, 1344860045, 1, 'Bank Account'),
(126, 14, 91, 103, 1344859353, 4, 'Telephone '),
(200, 3, 159, 113, 1345706989, 1, 'Bank Account'),
(205, 14, 114, 1, 1345708749, 4, 'Telephone '),
(102, 14, 91, 103, 1344859353, 4, 'Telephone '),
(103, 4, 92, 103, 1344328321, 7, 'Letters of recommendation'),
(104, 4, 94, 1, 1344334744, 7, 'Letters of recommendation'),
(197, 5, 112, 113, 1345200612, 10, 'Implants'),
(158, 4, 97, 113, 1345011910, 7, 'Letters of recommendation'),
(111, 5, 108, 113, 1344415853, 10, 'Implants'),
(112, 5, 109, 113, 1344423872, 6, 'Surgeries'),
(113, 5, 109, 113, 1344423872, 10, 'Implants'),
(115, 5, 110, 113, 1344423911, 6, 'Surgeries'),
(116, 5, 110, 113, 1344423911, 10, 'Implants'),
(117, 5, 111, 113, 1344423958, 6, 'Surgeries'),
(118, 5, 111, 113, 1344423958, 10, 'Implants'),
(196, 5, 112, 113, 1345200612, 6, 'Surgeries'),
(120, 5, 112, 113, 1345200612, 10, 'Implants'),
(227, 3, 181, 126, 1345881994, 15, 'Loans'),
(228, 3, 182, 126, 1345810383, 1, 'Bank Account'),
(229, 3, 182, 126, 1345810383, 5, 'Credit / Debit Cards'),
(230, 3, 182, 126, 1345810383, 11, 'Credit Score'),
(231, 3, 182, 126, 1345810383, 15, 'Loans'),
(232, 5, 185, 126, 1345811438, 6, 'Surgeries'),
(233, 5, 185, 126, 1345811438, 10, 'Implants'),
(279, 5, 201, 113, 1346238919, 6, 'Surgeries'),
(235, 4, 190, 1, 1345876107, 7, 'Letters of recommendation'),
(236, 3, 181, 126, 1345881994, 15, 'Loans'),
(237, 3, 181, 126, 1345881994, 5, 'Credit / Debit Cards'),
(301, 3, 202, 113, 1346219197, 1, 'Bank Account'),
(299, 3, 202, 113, 1346219197, 1, 'Bank Account'),
(300, 3, 202, 113, 1346219197, 1, 'Bank Account'),
(242, 3, 193, 126, 1345900036, 1, 'Bank Account'),
(243, 3, 193, 126, 1345900036, 5, 'Credit / Debit Cards'),
(244, 3, 193, 126, 1345900036, 11, 'Credit Score'),
(245, 3, 193, 126, 1345900036, 15, 'Loans'),
(246, 3, 193, 126, 1345900036, 11, 'Credit Score'),
(247, 3, 193, 126, 1345900036, 1, 'Bank Account'),
(296, 14, 136, 1, 1346218930, 4, 'Telephone '),
(290, 3, 202, 113, 1346219197, 11, 'Credit Score'),
(292, 3, 202, 113, 1346219197, 15, 'Loans'),
(293, 3, 202, 113, 1346219197, 15, 'Loans'),
(294, 3, 202, 113, 1346219197, 15, 'Loans'),
(295, 3, 202, 113, 1346219197, 15, 'Loans'),
(302, 3, 202, 113, 1346219197, 5, 'Credit / Debit Cards'),
(303, 3, 202, 113, 1346219197, 5, 'Credit / Debit Cards'),
(304, 3, 202, 113, 1346219197, 5, 'Credit / Debit Cards'),
(305, 3, 203, 113, 1346219576, 1, 'Bank Account'),
(306, 3, 203, 113, 1346219576, 1, 'Bank Account'),
(307, 3, 203, 113, 1346219576, 1, 'Bank Account'),
(308, 3, 203, 113, 1346219576, 1, 'Bank Account'),
(309, 3, 203, 113, 1346219576, 1, 'Bank Account'),
(310, 3, 203, 113, 1346219576, 5, 'Credit / Debit Cards'),
(311, 3, 203, 113, 1346219576, 11, 'Credit Score'),
(312, 3, 203, 113, 1346219576, 15, 'Loans'),
(313, 3, 204, 113, 1346219668, 1, 'Bank Account'),
(314, 3, 204, 113, 1346219668, 5, 'Credit / Debit Cards'),
(315, 3, 204, 113, 1346219668, 11, 'Credit Score'),
(316, 3, 204, 113, 1346219668, 15, 'Loans'),
(317, 3, 205, 113, 1346237490, 1, 'Bank Account'),
(321, 3, 205, 113, 1346237490, 5, 'Credit / Debit Cards'),
(322, 3, 205, 113, 1346237490, 5, 'Credit / Debit Cards'),
(323, 3, 205, 113, 1346237490, 5, 'Credit / Debit Cards'),
(324, 3, 205, 113, 1346237490, 5, 'Credit / Debit Cards'),
(325, 3, 205, 113, 1346237490, 11, 'Credit Score'),
(326, 3, 205, 113, 1346237490, 15, 'Loans'),
(327, 3, 205, 113, 1346237490, 15, 'Loans'),
(328, 3, 205, 113, 1346237490, 15, 'Loans'),
(329, 3, 205, 113, 1346237490, 15, 'Loans'),
(330, 3, 205, 113, 1346237490, 1, 'Bank Account'),
(331, 3, 205, 113, 1346237490, 1, 'Bank Account'),
(332, 3, 205, 113, 1346237490, 1, 'Bank Account'),
(333, 14, 206, 113, 1346227562, 4, 'Telephone '),
(334, 14, 206, 113, 1346227562, 4, 'Telephone '),
(335, 3, 207, 113, 1346227601, 1, 'Bank Account'),
(336, 3, 207, 113, 1346227601, 1, 'Bank Account'),
(337, 3, 207, 113, 1346227601, 5, 'Credit / Debit Cards'),
(338, 3, 207, 113, 1346227601, 11, 'Credit Score'),
(339, 3, 207, 113, 1346227601, 15, 'Loans'),
(340, 3, 208, 1, 1346227759, 1, 'Bank Account'),
(345, 3, 208, 1, 1346227759, 5, 'Credit / Debit Cards'),
(346, 3, 208, 1, 1346227759, 11, 'Credit Score'),
(347, 3, 208, 1, 1346227759, 15, 'Loans'),
(348, 3, 208, 1, 1346227759, 15, 'Loans'),
(349, 3, 208, 1, 1346227759, 15, 'Loans'),
(350, 3, 205, 113, 1346237490, 11, 'Credit Score'),
(351, 3, 205, 113, 1346237490, 11, 'Credit Score'),
(352, 3, 205, 113, 1346237490, 11, 'Credit Score'),
(353, 3, 205, 113, 1346237490, 11, 'Credit Score'),
(354, 5, 201, 113, 1346238919, 10, 'Implants'),
(355, 5, 209, 113, 1346239169, 6, 'Surgeries'),
(356, 5, 209, 113, 1346239169, 10, 'Implants'),
(357, 5, 209, 113, 1346239169, 10, 'Implants'),
(358, 5, 209, 113, 1346239169, 10, 'Implants'),
(359, 5, 209, 113, 1346239169, 10, 'Implants'),
(360, 3, 210, 1, 1346239528, 1, 'Bank Account'),
(361, 3, 210, 1, 1346239528, 1, 'Bank Account'),
(362, 3, 210, 1, 1346239528, 1, 'Bank Account'),
(363, 3, 210, 1, 1346239528, 1, 'Bank Account'),
(364, 3, 210, 1, 1346239528, 5, 'Credit / Debit Cards'),
(365, 3, 210, 1, 1346239528, 11, 'Credit Score'),
(366, 3, 210, 1, 1346239528, 15, 'Loans'),
(367, 3, 210, 1, 1346239528, 15, 'Loans'),
(368, 3, 211, 1, 1346240741, 1, 'Bank Account'),
(369, 3, 211, 1, 1346240741, 1, 'Bank Account'),
(370, 3, 211, 1, 1346240741, 1, 'Bank Account'),
(371, 3, 211, 1, 1346240741, 5, 'Credit / Debit Cards'),
(372, 3, 211, 1, 1346240741, 11, 'Credit Score'),
(373, 3, 211, 1, 1346240741, 15, 'Loans'),
(374, 3, 212, 113, 1346241136, 1, 'Bank Account'),
(375, 3, 212, 113, 1346241136, 1, 'Bank Account'),
(376, 3, 212, 113, 1346241136, 1, 'Bank Account'),
(377, 3, 212, 113, 1346241136, 5, 'Credit / Debit Cards'),
(378, 3, 212, 113, 1346241136, 11, 'Credit Score'),
(379, 3, 212, 113, 1346241136, 15, 'Loans'),
(380, 3, 212, 113, 1346241136, 15, 'Loans'),
(381, 3, 212, 113, 1346241136, 1, 'Bank Account'),
(382, 3, 213, 113, 1346241450, 1, 'Bank Account'),
(387, 3, 213, 113, 1346241450, 5, 'Credit / Debit Cards'),
(388, 3, 213, 113, 1346241450, 11, 'Credit Score'),
(389, 3, 213, 113, 1346241450, 15, 'Loans'),
(390, 3, 213, 113, 1346241450, 15, 'Loans'),
(391, 3, 213, 113, 1346241450, 15, 'Loans'),
(392, 3, 213, 113, 1346241450, 15, 'Loans'),
(393, 3, 214, 113, 1346241607, 1, 'Bank Account'),
(394, 3, 214, 113, 1346241607, 1, 'Bank Account'),
(395, 3, 214, 113, 1346241607, 1, 'Bank Account'),
(396, 3, 214, 113, 1346241607, 1, 'Bank Account'),
(397, 3, 214, 113, 1346241607, 1, 'Bank Account'),
(398, 3, 214, 113, 1346241607, 5, 'Credit / Debit Cards'),
(399, 3, 214, 113, 1346241607, 11, 'Credit Score'),
(400, 3, 214, 113, 1346241607, 15, 'Loans'),
(401, 3, 214, 113, 1346241607, 15, 'Loans'),
(402, 3, 214, 113, 1346241607, 15, 'Loans'),
(403, 3, 214, 113, 1346241607, 15, 'Loans'),
(414, 3, 215, 113, 1346242488, 15, 'Loans'),
(413, 3, 215, 113, 1346242488, 1, 'Bank Account'),
(406, 3, 215, 113, 1346242488, 5, 'Credit / Debit Cards'),
(407, 3, 215, 113, 1346242488, 11, 'Credit Score'),
(415, 3, 215, 113, 1346242488, 15, 'Loans'),
(421, 3, 216, 113, 1346244021, 1, 'Bank Account'),
(417, 3, 216, 113, 1346244021, 5, 'Credit / Debit Cards'),
(418, 3, 216, 113, 1346244021, 11, 'Credit Score'),
(426, 14, 218, 113, 1346244627, 4, 'Telephone '),
(422, 3, 216, 113, 1346244021, 15, 'Loans'),
(425, 14, 217, 113, 1346244261, 4, 'Telephone '),
(513, 4, 219, 1, 1348642356, 7, 'Letters of recommendation'),
(428, 14, 221, 129, 1346327380, 4, 'Telephone '),
(431, 4, 222, 129, 1346327729, 7, 'Letters of recommendation'),
(432, 5, 223, 1, 1346327740, 6, 'Surgeries'),
(433, 5, 223, 1, 1346327740, 10, 'Implants'),
(434, 5, 225, 1, 1346327789, 10, 'Implants'),
(435, 5, 230, 113, 1346389633, 6, 'Surgeries'),
(436, 5, 230, 113, 1346389633, 10, 'Implants'),
(437, 5, 230, 113, 1346389633, 10, 'Implants'),
(438, 14, 232, 1, 1346390274, 4, 'Telephone '),
(440, 14, 232, 1, 1346390274, 4, 'Telephone '),
(441, 4, 233, 113, 1346405313, 7, 'Letters of recommendation'),
(442, 14, 158, 102, 1346419171, 4, 'Telephone '),
(519, 4, 159, 102, 1348651073, 7, 'Letters of recommendation'),
(444, 3, 162, 102, 1346419423, 1, 'Bank Account'),
(445, 3, 162, 102, 1346419423, 1, 'Bank Account'),
(446, 3, 162, 102, 1346419423, 5, 'Credit / Debit Cards'),
(447, 3, 162, 102, 1346419423, 11, 'Credit Score'),
(448, 3, 162, 102, 1346419423, 15, 'Loans'),
(449, 5, 168, 102, 1346419772, 6, 'Surgeries'),
(450, 5, 168, 102, 1346419772, 10, 'Implants'),
(451, 3, 7, 86, 1346916391, 1, 'Bank Account'),
(452, 3, 7, 86, 1346916391, 5, 'Credit / Debit Cards'),
(456, 5, 21, 86, 1346917507, 6, 'Surgeries'),
(454, 3, 7, 86, 1346916391, 11, 'Credit Score'),
(455, 3, 7, 86, 1346916391, 15, 'Loans'),
(457, 5, 21, 86, 1346917507, 10, 'Implants'),
(458, 5, 21, 86, 1346917507, 10, 'Implants'),
(459, 5, 21, 86, 1346917507, 10, 'Implants'),
(460, 14, 34, 88, 1346934454, 4, 'Telephone '),
(461, 14, 174, 88, 1346934518, 4, 'Telephone '),
(462, 3, 179, 109, 1346935731, 1, 'Bank Account'),
(463, 3, 179, 109, 1346935731, 1, 'Bank Account'),
(464, 3, 179, 109, 1346935731, 5, 'Credit / Debit Cards'),
(465, 3, 179, 109, 1346935731, 5, 'Credit / Debit Cards'),
(466, 3, 179, 109, 1346935731, 11, 'Credit Score'),
(467, 3, 179, 109, 1346935731, 11, 'Credit Score'),
(468, 3, 179, 109, 1346935731, 11, 'Credit Score'),
(469, 3, 179, 109, 1346935731, 15, 'Loans'),
(470, 3, 179, 109, 1346935731, 15, 'Loans'),
(471, 3, 180, 88, 1348748884, 1, 'Bank Account'),
(472, 3, 180, 88, 1348748884, 1, 'Bank Account'),
(473, 3, 185, 88, 1346996543, 5, 'Credit / Debit Cards'),
(474, 3, 185, 88, 1346996543, 11, 'Credit Score'),
(475, 3, 185, 88, 1346996543, 15, 'Loans'),
(476, 5, 186, 88, 1347888890, 6, 'Surgeries'),
(477, 5, 186, 88, 1347888890, 6, 'Surgeries'),
(478, 5, 186, 88, 1347888890, 10, 'Implants'),
(479, 5, 187, 88, 1346997441, 6, 'Surgeries'),
(480, 5, 187, 88, 1346997441, 6, 'Surgeries'),
(481, 14, 193, 103, 1347052678, 4, 'Telephone '),
(482, 14, 105, 100, 1347136939, 4, 'Telephone '),
(483, 5, 135, 100, 1347137058, 6, 'Surgeries'),
(484, 5, 135, 100, 1347137058, 10, 'Implants'),
(485, 5, 135, 100, 1347137058, 10, 'Implants'),
(486, 4, 196, 103, 1347245522, 7, 'Letters of recommendation'),
(487, 4, 196, 103, 1347245522, 7, 'Letters of recommendation'),
(488, 5, 95, 1, 1347527998, 6, 'Surgeries'),
(489, 5, 95, 1, 1347527998, 10, 'Implants'),
(490, 5, 208, 1, 1347530853, 6, 'Surgeries'),
(491, 5, 208, 1, 1347530853, 6, 'Surgeries'),
(508, 5, 216, 1, 1348035100, 6, 'Surgeries'),
(493, 5, 208, 1, 1347530853, 10, 'Implants'),
(494, 5, 209, 86, 1347531161, 10, 'Implants'),
(495, 5, 210, 86, 1347531393, 6, 'Surgeries'),
(496, 5, 210, 86, 1347531393, 10, 'Implants'),
(497, 5, 186, 88, 1347888890, 6, 'Surgeries'),
(498, 5, 186, 88, 1347888890, 6, 'Surgeries'),
(499, 3, 180, 88, 1348748884, 1, 'Bank Account'),
(500, 3, 180, 88, 1348748884, 5, 'Credit / Debit Cards'),
(501, 3, 180, 88, 1348748884, 11, 'Credit Score'),
(502, 3, 180, 88, 1348748884, 15, 'Loans'),
(505, 5, 213, 86, 1348032005, 6, 'Surgeries'),
(507, 5, 213, 86, 1348032005, 10, 'Implants'),
(510, 5, 217, 86, 1348036452, 6, 'Surgeries'),
(512, 4, 219, 1, 1348579024, 7, 'Letters of recommendation'),
(514, 4, 220, 102, 1348645483, 7, 'Letters of recommendation'),
(515, 4, 221, 86, 1348646178, 7, 'Letters of recommendation'),
(516, 4, 220, 102, 1348649167, 7, 'Letters of recommendation'),
(517, 4, 220, 102, 1348649196, 7, 'Letters of recommendation'),
(518, 4, 220, 102, 1348649660, 7, 'Letters of recommendation'),
(520, 4, 220, 102, 1348651445, 7, 'Letters of recommendation'),
(521, 4, 221, 86, 1348651681, 7, 'Letters of recommendation'),
(539, 4, 226, 102, 1348659922, 7, 'Letters of recommendation'),
(537, 4, 227, 86, 1348659424, 7, 'Letters of recommendation'),
(535, 4, 224, 86, 1348657889, 7, 'Letters of recommendation'),
(528, 4, 87, 86, 1348652939, 7, 'Letters of recommendation'),
(553, 4, 231, 102, 1348732121, 7, 'Letters of recommendation'),
(531, 4, 225, 102, 1348656344, 7, 'Letters of recommendation'),
(532, 4, 225, 102, 1348656375, 7, 'Letters of recommendation'),
(533, 4, 225, 102, 1348656448, 7, 'Letters of recommendation'),
(540, 4, 228, 102, 1348660327, 7, 'Letters of recommendation'),
(541, 4, 229, 102, 1348660716, 7, 'Letters of recommendation'),
(545, 4, 230, 102, 1348662410, 7, 'Letters of recommendation'),
(544, 4, 230, 102, 1348661942, 7, 'Letters of recommendation'),
(547, 4, 224, 86, 1348662664, 7, 'Letters of recommendation'),
(549, 4, 35, 86, 1348664041, 7, 'Letters of recommendation'),
(554, 4, 231, 102, 1348732243, 7, 'Letters of recommendation'),
(555, 4, 37, 88, 1348748462, 7, 'Letters of recommendation'),
(556, 4, 37, 88, 1348748495, 7, 'Letters of recommendation');

-- --------------------------------------------------------

--
-- Table structure for table `sub_datagroup_submitted_data`
--

CREATE TABLE IF NOT EXISTS `sub_datagroup_submitted_data` (
  `sd_id` int(11) NOT NULL AUTO_INCREMENT,
  `ssid` int(10) unsigned NOT NULL DEFAULT '0',
  `cid` smallint(5) unsigned NOT NULL DEFAULT '0',
  `data` mediumtext NOT NULL,
  PRIMARY KEY (`sd_id`),
  KEY `ssid` (`ssid`)
) ENGINE=MyISAM  DEFAULT CHARSET=utf8 AUTO_INCREMENT=1135 ;

--
-- Dumping data for table `sub_datagroup_submitted_data`
--

INSERT INTO `sub_datagroup_submitted_data` (`sd_id`, `ssid`, `cid`, `data`) VALUES
(373, 229, 8, 'MasterCard'),
(372, 228, 4, 'werwerwer'),
(371, 228, 3, 'Checking'),
(370, 227, 19, '656'),
(369, 227, 18, '1971-02-01'),
(368, 227, 17, 'Home'),
(367, 226, 14, '65656'),
(366, 226, 13, '1970-01-01'),
(365, 225, 10, '5626'),
(364, 225, 7, '1972-02-03'),
(363, 225, 9, '655465454'),
(362, 224, 4, '565645454'),
(361, 224, 3, 'Checking'),
(360, 223, 4, '515154145564564'),
(359, 223, 3, 'Savings'),
(358, 222, 10, '78'),
(357, 222, 9, 'Person'),
(356, 222, 8, '1941-01-02'),
(353, 220, 10, '76'),
(352, 217, 10, '72'),
(515, 286, 7, '1972-01-02'),
(514, 286, 9, '123456789'),
(513, 286, 8, 'MasterCard'),
(510, 280, 14, 'this'),
(509, 280, 13, 'Joint replacement: Shoulder'),
(508, 280, 12, '1971-02-01'),
(507, 279, 9, 'hi'),
(505, 278, 10, ''),
(504, 278, 9, ''),
(503, 278, 8, ''),
(499, 273, 6, 'Cell'),
(333, 201, 4, '899598655'),
(327, 198, 0, 'Remove'),
(326, 198, 14, 'zddca'),
(298, 174, 0, 'Remove'),
(297, 174, 9, 'Incident'),
(296, 174, 8, ''),
(292, 172, 14, 'EMC'),
(291, 172, 13, 'Joint replacement: Elbow'),
(290, 172, 12, '1972-02-02'),
(60, 26, 8, '1951-01-02'),
(61, 26, 10, '27'),
(62, 27, 3, 'Checking'),
(63, 27, 4, '111114564545'),
(64, 28, 8, 'MasterCard'),
(65, 28, 9, 'RT7984872415435'),
(66, 28, 7, '2015-01-18'),
(67, 28, 10, '1234'),
(68, 29, 13, '2002-01-04'),
(69, 29, 14, '46545'),
(70, 30, 13, '1989-2-3'),
(71, 30, 14, '45645'),
(72, 31, 17, 'Boat'),
(73, 31, 18, '2025-02-19'),
(74, 31, 19, '456445'),
(289, 171, 9, 'Accident'),
(288, 171, 8, '1984-12-10'),
(539, 298, 0, 'Remove'),
(538, 298, 4, 'second'),
(537, 298, 3, 'Savings'),
(512, 281, 4, 'first'),
(511, 281, 3, 'Checking'),
(351, 217, 9, 'Frank'),
(350, 217, 8, '1956-02-03'),
(322, 197, 14, 'adsa'),
(269, 162, 19, '756'),
(268, 162, 18, '1980-02-19'),
(267, 162, 17, 'Home'),
(266, 161, 14, '78965'),
(265, 161, 13, '1976-11-19'),
(264, 160, 10, '1234'),
(263, 160, 7, '1988-02-19'),
(262, 160, 9, '12345-67890'),
(261, 160, 8, 'MasterCard'),
(260, 159, 4, 'D12345-67890'),
(259, 159, 3, 'Checking'),
(258, 158, 10, '59'),
(257, 158, 9, 'Frank'),
(255, 157, 14, 'dfgfdgfd'),
(254, 157, 13, 'Joint replacement: Shoulder'),
(253, 157, 12, '1986-02-16'),
(252, 156, 9, '9595959+'),
(251, 156, 8, ''),
(250, 155, 9, 'thr is no reason for this'),
(249, 155, 8, '1971-01-01'),
(248, 154, 18, ''),
(316, 194, 14, '456'),
(315, 194, 13, '1971-02-01'),
(314, 193, 10, '546'),
(313, 193, 7, '1971-01-01'),
(312, 193, 9, '757-49898-498'),
(311, 193, 8, 'Discover'),
(323, 197, 0, 'Remove'),
(306, 188, 6, 'Cell'),
(307, 188, 8, '(999) 999-9999'),
(325, 198, 13, 'Joint replacement: Shoulder'),
(324, 198, 12, ''),
(234, 135, 10, '55'),
(233, 135, 9, 'Gel'),
(232, 135, 8, '1943-01-03'),
(231, 134, 8, '(999) 999-9999'),
(230, 134, 6, 'Cell'),
(229, 133, 0, 'Remove'),
(228, 133, 10, ''),
(227, 133, 9, 'Ballard'),
(226, 133, 8, ''),
(225, 132, 10, '53'),
(224, 132, 9, 'Frank'),
(223, 132, 8, '2004-02-02'),
(222, 131, 19, '1500'),
(221, 131, 18, ''),
(220, 131, 17, 'Auto'),
(219, 130, 19, '456209'),
(218, 130, 18, '1987-02-18'),
(217, 130, 17, 'Home'),
(216, 129, 14, '45654'),
(215, 129, 13, '2012-01-01'),
(214, 128, 10, '1234'),
(213, 128, 7, '1970-01-01'),
(212, 128, 9, 'RT7984872415435'),
(211, 128, 8, 'MasterCard'),
(210, 127, 4, '111114564545'),
(209, 127, 3, 'Checking'),
(208, 126, 0, 'Remove'),
(207, 126, 8, '(714) 835-5730'),
(206, 126, 6, 'Home'),
(332, 201, 3, 'Checking'),
(331, 200, 4, '899598655'),
(335, 205, 8, '(856) 966-5786'),
(334, 205, 6, 'Cell'),
(330, 200, 3, 'Checking'),
(176, 102, 6, 'Cell'),
(177, 102, 8, '(999) 999-9999'),
(178, 103, 8, '1915-02-02'),
(179, 103, 9, 'Gel'),
(180, 103, 10, '40'),
(181, 104, 8, '1940-01-01'),
(182, 104, 9, 'asdfsdf'),
(321, 197, 13, 'Joint replacement: Shoulder'),
(256, 158, 8, '1957-01-17'),
(186, 111, 12, '1970-02-01'),
(187, 112, 8, '1973-03-05'),
(188, 113, 12, '1978-11-24'),
(189, 115, 8, ''),
(190, 116, 12, '1970-01-14'),
(191, 117, 8, '1970-02-17'),
(192, 118, 12, '1970-01-15'),
(320, 197, 12, ''),
(194, 120, 12, '1970-08-16'),
(374, 229, 9, 'werwer'),
(375, 229, 7, '1971-01-01'),
(376, 229, 10, '12123'),
(377, 230, 13, '1971-01-02'),
(378, 230, 14, '123213'),
(379, 231, 17, 'Auto'),
(380, 231, 18, '1972-02-02'),
(381, 231, 19, '123'),
(382, 232, 8, '1971-01-01'),
(383, 232, 9, 'aqwq'),
(384, 233, 12, '1971-01-01'),
(385, 233, 13, 'Joint replacement: Elbow'),
(386, 233, 14, 'asdssad'),
(387, 26, 9, 'FRANK'),
(506, 279, 8, '1971-01-02'),
(390, 235, 8, '1951-02-02'),
(391, 235, 9, ''),
(392, 235, 10, '84'),
(393, 236, 18, ''),
(394, 236, 19, '545'),
(395, 236, 0, 'Remove'),
(396, 237, 8, 'MasterCard'),
(397, 237, 9, '626626'),
(398, 237, 7, ''),
(399, 237, 10, '626'),
(400, 237, 0, 'Remove'),
(522, 293, 17, 'Auto'),
(520, 292, 18, '1971-01-02'),
(521, 292, 19, '123'),
(528, 295, 17, 'Other'),
(525, 294, 17, 'Boat'),
(526, 294, 18, '1972-1-2'),
(412, 242, 3, ''),
(413, 242, 4, '4511'),
(414, 243, 8, ''),
(415, 243, 9, '55215'),
(416, 243, 7, ''),
(417, 243, 10, '855'),
(418, 244, 13, ''),
(419, 244, 14, '656'),
(420, 245, 17, 'Home'),
(421, 245, 18, '1976-02-02'),
(422, 245, 19, '65256'),
(423, 246, 13, '1971-2-2'),
(424, 246, 14, '5456'),
(425, 246, 0, 'Remove'),
(426, 247, 3, 'Checking'),
(427, 247, 4, '363333'),
(428, 247, 0, 'Remove'),
(527, 294, 19, '789'),
(524, 293, 19, '456'),
(523, 293, 18, '1971-1-2'),
(519, 292, 17, 'Home'),
(518, 290, 14, '123213'),
(517, 290, 13, '1970-02-03'),
(516, 286, 10, '1234'),
(532, 296, 8, '(213) 211-2952'),
(531, 296, 6, 'Cell'),
(545, 300, 0, 'Remove'),
(544, 300, 4, 'fourth'),
(543, 300, 3, 'Other'),
(542, 299, 0, 'Remove'),
(541, 299, 4, 'third'),
(540, 299, 3, 'Retirement '),
(533, 296, 0, 'Remove'),
(530, 295, 19, '123'),
(529, 295, 18, '1972-2-3'),
(546, 301, 3, 'Checking'),
(547, 301, 4, 'first'),
(548, 301, 0, 'Remove'),
(549, 302, 8, 'VISA'),
(550, 302, 9, '12345'),
(551, 302, 7, ''),
(552, 302, 10, '1234'),
(553, 302, 0, 'Remove'),
(554, 303, 8, 'American Express'),
(555, 303, 9, '1234'),
(556, 303, 7, ''),
(557, 303, 10, '1234'),
(558, 303, 0, 'Remove'),
(559, 304, 8, 'Discover'),
(560, 304, 9, '1237'),
(561, 304, 7, ''),
(562, 304, 10, '1234'),
(563, 304, 0, 'Remove'),
(564, 305, 3, 'Checking'),
(565, 305, 4, 'szfd'),
(566, 306, 3, 'Savings'),
(567, 306, 4, 'asfasf'),
(568, 307, 3, 'Other'),
(569, 307, 4, 'sdfs'),
(570, 308, 3, 'Retirement '),
(571, 308, 4, 'sdfs'),
(572, 309, 3, 'Checking'),
(573, 309, 4, 'asfd'),
(574, 310, 8, ''),
(575, 310, 9, ''),
(576, 310, 7, ''),
(577, 310, 10, ''),
(578, 311, 13, '1972-01-02'),
(579, 311, 14, '584864'),
(580, 312, 17, 'Auto'),
(581, 312, 18, '1971-02-03'),
(582, 312, 19, '3515125'),
(583, 313, 3, ''),
(584, 313, 4, ''),
(585, 314, 8, ''),
(586, 314, 9, ''),
(587, 314, 7, ''),
(588, 314, 10, ''),
(589, 315, 13, ''),
(590, 315, 14, ''),
(591, 316, 17, ''),
(592, 316, 18, ''),
(593, 316, 19, ''),
(594, 317, 3, 'Checking'),
(595, 317, 4, '2313132'),
(596, 321, 8, 'MasterCard'),
(597, 321, 9, '1212'),
(598, 321, 7, '1976-01-01'),
(599, 321, 10, '12324'),
(600, 322, 8, 'VISA'),
(601, 322, 9, '12313123123'),
(602, 322, 7, '1971-2-1'),
(603, 322, 10, '12334'),
(604, 323, 8, 'American Express'),
(605, 323, 9, '1231342423123545'),
(606, 323, 7, '1970-1-2'),
(607, 323, 10, '121'),
(608, 324, 8, 'Discover'),
(609, 324, 9, '123123'),
(610, 324, 7, '1970-1-1'),
(611, 324, 10, '21312'),
(612, 325, 13, '1971-02-01'),
(613, 325, 14, '2131343242'),
(614, 326, 17, 'Home'),
(615, 326, 18, '1974-01-02'),
(616, 326, 19, '1231'),
(617, 327, 17, 'Auto'),
(618, 327, 18, '1972-3-3'),
(619, 327, 19, '12313123'),
(620, 327, 0, 'Remove'),
(621, 328, 17, 'Boat'),
(622, 328, 18, '1970-2-2'),
(623, 328, 19, '123'),
(624, 328, 0, 'Remove'),
(625, 329, 17, 'Other'),
(626, 329, 18, '1971-2-2'),
(627, 329, 19, '12312'),
(628, 329, 0, 'Remove'),
(629, 330, 4, 'qWEWQ'),
(630, 330, 0, 'Remove'),
(631, 331, 4, 'QWEQWE'),
(632, 331, 0, 'Remove'),
(633, 332, 4, 'QWEDQWD'),
(634, 332, 0, 'Remove'),
(635, 333, 6, 'Cell'),
(636, 333, 8, '(999) 999-9999'),
(637, 334, 6, 'Home'),
(638, 334, 8, '(999) 999-9999'),
(639, 335, 3, 'Checking'),
(640, 335, 4, 'xdf'),
(641, 336, 3, 'Savings'),
(642, 336, 4, 'sdf'),
(643, 337, 8, ''),
(644, 337, 9, ''),
(645, 337, 7, ''),
(646, 337, 10, ''),
(647, 338, 13, ''),
(648, 338, 14, ''),
(649, 339, 17, ''),
(650, 339, 18, ''),
(651, 339, 19, ''),
(652, 340, 3, 'Checking'),
(653, 340, 4, '111114564545'),
(654, 345, 8, 'MasterCard'),
(655, 345, 9, 'RT7984872415435'),
(656, 345, 7, '1971-02-02'),
(657, 345, 10, '1234'),
(658, 346, 13, '1971-01-02'),
(659, 346, 14, '789'),
(660, 347, 17, 'Boat'),
(661, 347, 18, '1972-02-03'),
(662, 347, 19, '1000'),
(663, 348, 17, 'Home'),
(664, 348, 18, '1987-1-1'),
(665, 348, 19, '5646'),
(666, 349, 17, 'Other'),
(667, 349, 18, '1982-2-3'),
(668, 349, 19, '99'),
(669, 350, 13, '--'),
(670, 350, 14, '1231225'),
(671, 350, 0, 'Remove'),
(672, 351, 13, '--'),
(673, 351, 14, '1231225'),
(674, 351, 0, 'Remove'),
(675, 352, 13, '--'),
(676, 352, 14, '123123123'),
(677, 352, 0, 'Remove'),
(678, 353, 13, '--'),
(679, 353, 0, 'Remove'),
(680, 354, 12, '--'),
(681, 354, 14, '6565'),
(682, 354, 0, 'Remove'),
(683, 355, 8, ''),
(684, 355, 9, 'ser'),
(685, 356, 12, '1970-01-01'),
(686, 356, 13, ''),
(687, 356, 14, 'sdwdfsfss'),
(688, 357, 12, '1971-1-1'),
(689, 357, 13, 'Joint replacement: Shoulder'),
(690, 357, 14, 'xdfgdf'),
(691, 357, 0, 'Remove'),
(692, 358, 12, '1970-1-1'),
(693, 358, 0, 'Remove'),
(694, 359, 12, '--'),
(695, 359, 0, 'Remove'),
(696, 360, 3, 'Checking'),
(697, 360, 4, '111114564545'),
(698, 361, 3, 'Savings'),
(699, 361, 4, 'atert4566'),
(700, 362, 3, 'Retirement '),
(701, 362, 4, '456213RT'),
(702, 363, 3, 'Savings'),
(703, 363, 4, '213fghgf'),
(704, 364, 8, 'MasterCard'),
(705, 364, 9, 'RT7984872415435'),
(706, 364, 7, '1970-1-2'),
(707, 364, 10, '1234'),
(708, 365, 13, '1971-1-17'),
(709, 365, 14, '158'),
(710, 366, 17, 'Auto'),
(711, 366, 18, '1971-2-2'),
(712, 366, 19, '123'),
(713, 367, 17, 'Home'),
(714, 367, 18, '1971-11-31'),
(715, 367, 19, '159'),
(716, 368, 3, 'Checking'),
(717, 368, 4, ''),
(718, 369, 3, 'Savings'),
(719, 369, 4, ''),
(720, 370, 3, 'Retirement '),
(721, 370, 4, ''),
(722, 371, 8, 'VISA'),
(723, 371, 9, 'RT7984872415435'),
(724, 371, 7, '1971-1-2'),
(725, 371, 10, '1234'),
(726, 372, 13, '1971-2-2'),
(727, 372, 14, '456'),
(728, 373, 17, 'Home'),
(729, 373, 18, '1971-3-29'),
(730, 373, 19, '159'),
(731, 374, 3, 'Savings'),
(732, 374, 4, 'saerwq'),
(733, 375, 3, 'Savings'),
(734, 375, 4, '12313'),
(735, 376, 3, 'Savings'),
(736, 376, 4, 'ertert'),
(737, 377, 8, 'VISA'),
(738, 377, 9, ''),
(739, 377, 7, '1971-01-02'),
(740, 377, 10, '2134'),
(741, 378, 13, '1971-01-01'),
(742, 378, 14, '23424'),
(743, 379, 17, 'Auto'),
(744, 379, 18, '1971-02-02'),
(745, 379, 19, '456456'),
(746, 380, 17, ''),
(747, 380, 18, '1970-1-1'),
(748, 380, 19, ''),
(749, 381, 3, 'Checking'),
(750, 381, 4, 'sertgert12'),
(751, 381, 0, 'Remove'),
(752, 382, 3, 'Checking'),
(753, 382, 4, '234214'),
(754, 387, 8, ''),
(755, 387, 9, '55525'),
(756, 387, 7, '--'),
(757, 387, 10, '6555'),
(758, 388, 13, '--'),
(759, 388, 14, ''),
(760, 389, 17, 'Auto'),
(761, 389, 18, '--'),
(762, 389, 19, '552'),
(763, 390, 17, 'Auto'),
(764, 390, 18, '--'),
(765, 390, 19, '688555'),
(766, 391, 17, 'Boat'),
(767, 391, 18, '--'),
(768, 391, 19, '6845645'),
(769, 392, 17, 'Other'),
(770, 392, 18, '--'),
(771, 392, 19, '255641'),
(772, 393, 3, 'Checking'),
(773, 393, 4, '123123'),
(774, 394, 3, 'Savings'),
(775, 394, 4, '12312'),
(776, 395, 3, 'Retirement '),
(777, 395, 4, '12312'),
(778, 396, 3, 'Other'),
(779, 396, 4, '12312'),
(780, 397, 3, 'Checking'),
(781, 397, 4, '123123'),
(782, 398, 8, ''),
(783, 398, 9, '123'),
(784, 398, 7, '--'),
(785, 398, 10, '123'),
(786, 399, 13, '--'),
(787, 399, 14, '123'),
(788, 400, 17, 'Home'),
(789, 400, 18, '--'),
(790, 400, 19, '123'),
(791, 401, 17, 'Auto'),
(792, 401, 18, '--'),
(793, 401, 19, '12312'),
(794, 402, 17, 'Boat'),
(795, 402, 18, '--'),
(796, 402, 19, '123123'),
(797, 403, 17, 'Other'),
(798, 403, 18, '--'),
(799, 403, 19, '123'),
(837, 426, 6, ''),
(817, 415, 18, '--'),
(804, 406, 8, 'VISA'),
(805, 406, 9, '2131'),
(806, 406, 7, '1970-01-01'),
(807, 406, 10, '123'),
(808, 407, 13, '1972-02-03'),
(809, 407, 14, '1231'),
(825, 418, 14, ''),
(824, 418, 13, '1970-01-01'),
(823, 417, 10, ''),
(822, 417, 7, '1970-01-01'),
(821, 417, 9, ''),
(820, 417, 8, ''),
(1028, 513, 9, 'Fraklin'),
(838, 426, 8, '(999)999-9999'),
(836, 425, 8, '(999)999-9999'),
(1027, 513, 8, '2000'),
(842, 428, 6, 'Home'),
(843, 428, 8, '(999) 786-0786'),
(849, 431, 9, 'Muhammad Adnan'),
(848, 431, 8, '2012-01-02'),
(850, 431, 10, '89'),
(851, 432, 8, '1970-1-2'),
(852, 432, 9, 'Accident'),
(853, 433, 12, '1971-11-13'),
(854, 433, 13, 'Joint replacement: Shoulder'),
(855, 433, 14, 'EMC'),
(856, 434, 12, '1971-3-3'),
(857, 434, 13, 'Joint replacement: Elbow'),
(858, 434, 14, 'EMC'),
(859, 435, 8, '1971-01-03'),
(860, 435, 9, 'asdasd'),
(861, 437, 12, '--'),
(862, 438, 6, 'Cell'),
(863, 438, 8, '(999)999-9999'),
(869, 440, 0, 'Remove'),
(868, 440, 8, 'werwer'),
(867, 440, 6, 'Home'),
(870, 441, 8, ''),
(871, 441, 9, ''),
(872, 441, 10, '91'),
(873, 442, 6, 'Cell'),
(874, 442, 8, '(999) 999-9999'),
(1038, 520, 10, ''),
(1037, 520, 9, '44'),
(1036, 520, 8, ''),
(878, 444, 3, 'Savings'),
(879, 444, 4, '123123'),
(880, 445, 3, 'Retirement '),
(881, 445, 4, 'second'),
(882, 446, 8, 'MasterCard'),
(883, 446, 9, '1221212312'),
(884, 446, 7, '1970-1-2'),
(885, 446, 10, '552'),
(886, 447, 13, '1971-2-2'),
(887, 447, 14, '5455'),
(888, 448, 17, 'Auto'),
(889, 448, 18, '1970-1-2'),
(890, 448, 19, '5454'),
(891, 449, 8, '1971-1-1'),
(892, 449, 9, 'qweq'),
(893, 450, 12, '1970-2-2'),
(894, 450, 13, 'Joint replacement: Shoulder'),
(895, 450, 14, 'qeqwe'),
(896, 451, 3, 'Checking'),
(897, 451, 4, '9876789876'),
(898, 452, 8, 'MasterCard'),
(899, 452, 9, '786089689708976056'),
(900, 452, 7, '1970-01-02'),
(901, 452, 10, '787683'),
(908, 456, 8, '1973-02-04'),
(903, 454, 13, '1973-01-02'),
(904, 454, 14, '10'),
(905, 455, 17, 'Auto'),
(906, 455, 18, '2003-03-04'),
(907, 455, 19, '55'),
(909, 456, 9, 'hyper'),
(910, 457, 12, '1973-03-02'),
(911, 457, 13, 'Joint replacement: Shoulder'),
(912, 457, 14, 'BMW'),
(913, 458, 12, '1973-3-2'),
(914, 458, 13, 'Joint replacement: Hip'),
(915, 458, 14, 'Audi'),
(916, 459, 12, '--'),
(917, 460, 8, '(999) 999-9999'),
(918, 461, 6, ''),
(919, 461, 8, '(999) 999-9999'),
(920, 462, 3, 'Checking'),
(921, 462, 4, '146545654'),
(922, 463, 3, 'Retirement '),
(923, 463, 4, 'asdasd56564'),
(924, 464, 8, 'VISA'),
(925, 464, 9, '45FRF4452141'),
(926, 464, 7, '1970-1-2'),
(927, 464, 10, '1213'),
(928, 465, 8, 'American Express'),
(929, 465, 9, '9RFET694452141'),
(930, 465, 7, '1983-3-3'),
(931, 465, 10, '02487'),
(932, 466, 13, '1971-1-2'),
(933, 466, 14, '789'),
(934, 467, 13, '1972-2-9'),
(935, 467, 14, '1235'),
(936, 468, 13, '1986-11-11'),
(937, 468, 14, '456'),
(938, 469, 17, 'Other'),
(939, 469, 18, '1975-3-11'),
(940, 469, 19, '100'),
(941, 470, 17, 'Home'),
(942, 470, 18, '2003-1-1'),
(943, 470, 19, '50'),
(944, 471, 3, 'Checking'),
(945, 471, 4, 'qweqeqe@$%^&*('),
(946, 472, 3, ''),
(947, 472, 4, '22222z@#$%^&*('),
(948, 473, 8, ''),
(949, 473, 9, '!@#_(!*@)(#*!@)(*#)(!@#'),
(950, 473, 7, '--'),
(951, 473, 10, '@)(#$*&*)(#@!$)(*!@*#)($*@!'),
(952, 474, 13, '--'),
(953, 474, 14, '654654654'),
(954, 475, 17, ''),
(955, 475, 18, '--'),
(956, 475, 19, '984984984'),
(957, 476, 8, '1970-01-01'),
(958, 476, 9, 'hello'),
(959, 477, 8, '1971-1-1'),
(960, 477, 9, 'hi ..this is secon instance'),
(961, 478, 12, '1970-01-01'),
(962, 478, 13, ''),
(963, 478, 14, 'ertet'),
(964, 479, 8, '--'),
(965, 479, 9, 'sfsdfsdf'),
(966, 480, 8, '--'),
(967, 480, 9, 'sdfsdfsdfsdf'),
(968, 481, 6, 'Cell'),
(969, 481, 8, '510-555-1111'),
(970, 482, 6, 'Cell'),
(971, 482, 8, '777-777-7777'),
(972, 484, 12, '1970-01-01'),
(973, 484, 13, 'Joint replacement: Hip'),
(974, 485, 12, '1970-1-1'),
(975, 486, 8, ''),
(976, 486, 9, ''),
(977, 486, 10, ''),
(978, 487, 8, '1970-1-1'),
(979, 487, 9, ''),
(980, 487, 10, '--'),
(981, 489, 13, 'Joint replacement: Shoulder'),
(982, 490, 8, '1970-1-2'),
(983, 490, 9, 'Accident'),
(984, 491, 8, '--'),
(985, 491, 9, 'Incident'),
(1015, 508, 9, 'Accident'),
(1014, 508, 8, '1975-2-3'),
(989, 493, 12, '--'),
(990, 493, 13, 'Dental Implants'),
(991, 493, 14, 'TDT'),
(992, 494, 12, '--'),
(993, 494, 13, 'Dental Implants'),
(994, 494, 14, ''),
(995, 495, 8, '1970-1-2'),
(996, 495, 9, 'Accident'),
(997, 496, 12, '--'),
(998, 496, 13, 'Dental Implants'),
(999, 496, 14, ''),
(1000, 497, 8, '1972-2-4'),
(1001, 497, 9, 'third'),
(1002, 497, 0, 'Remove'),
(1003, 498, 8, '--'),
(1004, 498, 0, 'Remove'),
(1005, 499, 3, 'Savings'),
(1006, 499, 4, 'a37y234u923u!@#$%^&*'),
(1007, 499, 0, 'Remove'),
(1025, 512, 9, 'Fraklinr'),
(1013, 507, 12, '--'),
(1020, 510, 9, 'WER'),
(1019, 510, 8, '1972-1-3'),
(1024, 512, 8, '1983-12-00'),
(1026, 512, 10, '83'),
(1029, 513, 10, '84'),
(1030, 514, 8, ''),
(1031, 514, 9, 'kuhlkj'),
(1032, 514, 10, ''),
(1033, 515, 8, '1993-11'),
(1034, 515, 9, 'Fraklin'),
(1035, 515, 10, '87'),
(1039, 521, 8, ''),
(1040, 521, 9, 'Jacob C. Race'),
(1041, 521, 10, ''),
(1105, 547, 8, '2011-12-14'),
(1069, 535, 8, '1964-02-03'),
(1106, 547, 9, 'Jacob C. Race'),
(1048, 528, 8, '1982-12-03'),
(1049, 528, 9, 'Jacob C. Race'),
(1050, 528, 10, '92'),
(1059, 531, 10, '98'),
(1058, 531, 9, 'dxfg'),
(1057, 531, 8, ''),
(1060, 532, 8, ''),
(1061, 532, 9, 'tu'),
(1062, 532, 10, '99'),
(1063, 533, 8, ''),
(1064, 533, 9, '6646'),
(1065, 533, 10, '101'),
(1070, 535, 9, 'Jacob C. Race'),
(1071, 535, 10, '103'),
(1125, 553, 10, '134'),
(1075, 537, 8, '2012-12-31'),
(1076, 537, 9, 'Jacob C. Race'),
(1077, 537, 10, '129'),
(1124, 553, 9, '!@*#&(*!@&#*&!@($*!@#(*!@"""'''''''),
(1081, 539, 8, ''),
(1082, 539, 9, 'dfhdf'),
(1083, 539, 10, '109'),
(1084, 540, 8, ''),
(1085, 540, 9, 'cghd'),
(1086, 540, 10, '111'),
(1087, 541, 8, ''),
(1088, 541, 9, '414'),
(1089, 541, 10, '113'),
(1101, 545, 10, '120'),
(1100, 545, 9, 'ret'),
(1099, 545, 8, ''),
(1096, 544, 8, ''),
(1097, 544, 9, 'abc'),
(1098, 544, 10, '119'),
(1107, 547, 10, '123'),
(1112, 549, 9, 'Jacob C. Race'),
(1111, 549, 8, '1964-02-02'),
(1113, 549, 10, '125'),
(1123, 553, 8, '1962-01-03'),
(1126, 554, 8, ''),
(1127, 554, 9, '22'),
(1128, 554, 10, '133'),
(1129, 555, 8, ''),
(1130, 555, 9, 'ashish'),
(1131, 555, 10, '137'),
(1132, 556, 8, ''),
(1133, 556, 9, 'test'),
(1134, 556, 10, '138');

-- --------------------------------------------------------

--
-- Table structure for table `system`
--

CREATE TABLE IF NOT EXISTS `system` (
  `filename` varchar(255) NOT NULL DEFAULT '',
  `name` varchar(255) NOT NULL DEFAULT '',
  `type` varchar(255) NOT NULL DEFAULT '',
  `owner` varchar(255) NOT NULL DEFAULT '',
  `status` int(11) NOT NULL DEFAULT '0',
  `throttle` tinyint(4) NOT NULL DEFAULT '0',
  `bootstrap` int(11) NOT NULL DEFAULT '0',
  `schema_version` smallint(6) NOT NULL DEFAULT '-1',
  `weight` int(11) NOT NULL DEFAULT '0',
  `info` text,
  PRIMARY KEY (`filename`),
  KEY `modules` (`type`(12),`status`,`weight`,`filename`),
  KEY `bootstrap` (`type`(12),`status`,`bootstrap`,`weight`,`filename`),
  KEY `type_name` (`type`(12),`name`)
) ENGINE=MyISAM DEFAULT CHARSET=utf8;

--
-- Dumping data for table `system`
--

INSERT INTO `system` (`filename`, `name`, `type`, `owner`, `status`, `throttle`, `bootstrap`, `schema_version`, `weight`, `info`) VALUES
('themes/pushbutton/pushbutton.info', 'pushbutton', 'theme', 'themes/engines/phptemplate/phptemplate.engine', 0, 0, 0, -1, 0, 'a:13:{s:4:"name";s:10:"Pushbutton";s:11:"description";s:52:"Tabled, multi-column theme in blue and orange tones.";s:7:"version";s:4:"6.26";s:4:"core";s:3:"6.x";s:6:"engine";s:11:"phptemplate";s:7:"project";s:6:"drupal";s:9:"datestamp";s:10:"1335977158";s:7:"regions";a:5:{s:4:"left";s:12:"Left sidebar";s:5:"right";s:13:"Right sidebar";s:7:"content";s:7:"Content";s:6:"header";s:6:"Header";s:6:"footer";s:6:"Footer";}s:8:"features";a:10:{i:0;s:20:"comment_user_picture";i:1;s:7:"favicon";i:2;s:7:"mission";i:3;s:4:"logo";i:4;s:4:"name";i:5;s:17:"node_user_picture";i:6;s:6:"search";i:7;s:6:"slogan";i:8;s:13:"primary_links";i:9;s:15:"secondary_links";}s:11:"stylesheets";a:1:{s:3:"all";a:1:{s:9:"style.css";s:27:"themes/pushbutton/style.css";}}s:7:"scripts";a:1:{s:9:"script.js";s:27:"themes/pushbutton/script.js";}s:10:"screenshot";s:32:"themes/pushbutton/screenshot.png";s:3:"php";s:5:"4.3.5";}'),
('themes/garland/minnelli/minnelli.info', 'minnelli', 'theme', 'themes/engines/phptemplate/phptemplate.engine', 0, 0, 0, -1, 0, 'a:14:{s:4:"name";s:8:"Minnelli";s:11:"description";s:56:"Tableless, recolorable, multi-column, fixed width theme.";s:7:"version";s:4:"6.26";s:4:"core";s:3:"6.x";s:10:"base theme";s:7:"garland";s:11:"stylesheets";a:1:{s:3:"all";a:1:{s:12:"minnelli.css";s:36:"themes/garland/minnelli/minnelli.css";}}s:7:"project";s:6:"drupal";s:9:"datestamp";s:10:"1335977158";s:7:"regions";a:5:{s:4:"left";s:12:"Left sidebar";s:5:"right";s:13:"Right sidebar";s:7:"content";s:7:"Content";s:6:"header";s:6:"Header";s:6:"footer";s:6:"Footer";}s:8:"features";a:10:{i:0;s:20:"comment_user_picture";i:1;s:7:"favicon";i:2;s:7:"mission";i:3;s:4:"logo";i:4;s:4:"name";i:5;s:17:"node_user_picture";i:6;s:6:"search";i:7;s:6:"slogan";i:8;s:13:"primary_links";i:9;s:15:"secondary_links";}s:7:"scripts";a:1:{s:9:"script.js";s:33:"themes/garland/minnelli/script.js";}s:10:"screenshot";s:38:"themes/garland/minnelli/screenshot.png";s:3:"php";s:5:"4.3.5";s:6:"engine";s:11:"phptemplate";}'),
('themes/garland/garland.info', 'garland', 'theme', 'themes/engines/phptemplate/phptemplate.engine', 1, 0, 0, -1, 0, 'a:13:{s:4:"name";s:7:"Garland";s:11:"description";s:66:"Tableless, recolorable, multi-column, fluid width theme (default).";s:7:"version";s:4:"6.26";s:4:"core";s:3:"6.x";s:6:"engine";s:11:"phptemplate";s:11:"stylesheets";a:2:{s:3:"all";a:1:{s:9:"style.css";s:24:"themes/garland/style.css";}s:5:"print";a:1:{s:9:"print.css";s:24:"themes/garland/print.css";}}s:7:"project";s:6:"drupal";s:9:"datestamp";s:10:"1335977158";s:7:"regions";a:5:{s:4:"left";s:12:"Left sidebar";s:5:"right";s:13:"Right sidebar";s:7:"content";s:7:"Content";s:6:"header";s:6:"Header";s:6:"footer";s:6:"Footer";}s:8:"features";a:10:{i:0;s:20:"comment_user_picture";i:1;s:7:"favicon";i:2;s:7:"mission";i:3;s:4:"logo";i:4;s:4:"name";i:5;s:17:"node_user_picture";i:6;s:6:"search";i:7;s:6:"slogan";i:8;s:13:"primary_links";i:9;s:15:"secondary_links";}s:7:"scripts";a:1:{s:9:"script.js";s:24:"themes/garland/script.js";}s:10:"screenshot";s:29:"themes/garland/screenshot.png";s:3:"php";s:5:"4.3.5";}'),
('themes/chameleon/marvin/marvin.info', 'marvin', 'theme', '', 0, 0, 0, -1, 0, 'a:13:{s:4:"name";s:6:"Marvin";s:11:"description";s:31:"Boxy tabled theme in all grays.";s:7:"regions";a:2:{s:4:"left";s:12:"Left sidebar";s:5:"right";s:13:"Right sidebar";}s:7:"version";s:4:"6.26";s:4:"core";s:3:"6.x";s:10:"base theme";s:9:"chameleon";s:7:"project";s:6:"drupal";s:9:"datestamp";s:10:"1335977158";s:8:"features";a:10:{i:0;s:20:"comment_user_picture";i:1;s:7:"favicon";i:2;s:7:"mission";i:3;s:4:"logo";i:4;s:4:"name";i:5;s:17:"node_user_picture";i:6;s:6:"search";i:7;s:6:"slogan";i:8;s:13:"primary_links";i:9;s:15:"secondary_links";}s:11:"stylesheets";a:1:{s:3:"all";a:1:{s:9:"style.css";s:33:"themes/chameleon/marvin/style.css";}}s:7:"scripts";a:1:{s:9:"script.js";s:33:"themes/chameleon/marvin/script.js";}s:10:"screenshot";s:38:"themes/chameleon/marvin/screenshot.png";s:3:"php";s:5:"4.3.5";}'),
('themes/chameleon/chameleon.info', 'chameleon', 'theme', 'themes/chameleon/chameleon.theme', 0, 0, 0, -1, 0, 'a:12:{s:4:"name";s:9:"Chameleon";s:11:"description";s:42:"Minimalist tabled theme with light colors.";s:7:"regions";a:2:{s:4:"left";s:12:"Left sidebar";s:5:"right";s:13:"Right sidebar";}s:8:"features";a:4:{i:0;s:4:"logo";i:1;s:7:"favicon";i:2;s:4:"name";i:3;s:6:"slogan";}s:11:"stylesheets";a:1:{s:3:"all";a:2:{s:9:"style.css";s:26:"themes/chameleon/style.css";s:10:"common.css";s:27:"themes/chameleon/common.css";}}s:7:"version";s:4:"6.26";s:4:"core";s:3:"6.x";s:7:"project";s:6:"drupal";s:9:"datestamp";s:10:"1335977158";s:7:"scripts";a:1:{s:9:"script.js";s:26:"themes/chameleon/script.js";}s:10:"screenshot";s:31:"themes/chameleon/screenshot.png";s:3:"php";s:5:"4.3.5";}'),
('themes/bluemarine/bluemarine.info', 'bluemarine', 'theme', 'themes/engines/phptemplate/phptemplate.engine', 0, 0, 0, -1, 0, 'a:13:{s:4:"name";s:10:"Bluemarine";s:11:"description";s:66:"Table-based multi-column theme with a marine and ash color scheme.";s:7:"version";s:4:"6.26";s:4:"core";s:3:"6.x";s:6:"engine";s:11:"phptemplate";s:7:"project";s:6:"drupal";s:9:"datestamp";s:10:"1335977158";s:7:"regions";a:5:{s:4:"left";s:12:"Left sidebar";s:5:"right";s:13:"Right sidebar";s:7:"content";s:7:"Content";s:6:"header";s:6:"Header";s:6:"footer";s:6:"Footer";}s:8:"features";a:10:{i:0;s:20:"comment_user_picture";i:1;s:7:"favicon";i:2;s:7:"mission";i:3;s:4:"logo";i:4;s:4:"name";i:5;s:17:"node_user_picture";i:6;s:6:"search";i:7;s:6:"slogan";i:8;s:13:"primary_links";i:9;s:15:"secondary_links";}s:11:"stylesheets";a:1:{s:3:"all";a:1:{s:9:"style.css";s:27:"themes/bluemarine/style.css";}}s:7:"scripts";a:1:{s:9:"script.js";s:27:"themes/bluemarine/script.js";}s:10:"screenshot";s:32:"themes/bluemarine/screenshot.png";s:3:"php";s:5:"4.3.5";}'),
('modules/system/system.module', 'system', 'module', '', 1, 0, 0, 6055, 0, 'a:10:{s:4:"name";s:6:"System";s:11:"description";s:54:"Handles general site configuration for administrators.";s:7:"package";s:15:"Core - required";s:7:"version";s:4:"6.26";s:4:"core";s:3:"6.x";s:7:"project";s:6:"drupal";s:9:"datestamp";s:10:"1335977158";s:12:"dependencies";a:0:{}s:10:"dependents";a:0:{}s:3:"php";s:5:"4.3.5";}'),
('modules/aggregator/aggregator.module', 'aggregator', 'module', '', 0, 0, 0, -1, 0, 'a:10:{s:4:"name";s:10:"Aggregator";s:11:"description";s:57:"Aggregates syndicated content (RSS, RDF, and Atom feeds).";s:7:"package";s:15:"Core - optional";s:7:"version";s:4:"6.26";s:4:"core";s:3:"6.x";s:7:"project";s:6:"drupal";s:9:"datestamp";s:10:"1335977158";s:12:"dependencies";a:0:{}s:10:"dependents";a:0:{}s:3:"php";s:5:"4.3.5";}'),
('modules/block/block.module', 'block', 'module', '', 1, 0, 0, 0, 0, 'a:10:{s:4:"name";s:5:"Block";s:11:"description";s:62:"Controls the boxes that are displayed around the main content.";s:7:"package";s:15:"Core - required";s:7:"version";s:4:"6.26";s:4:"core";s:3:"6.x";s:7:"project";s:6:"drupal";s:9:"datestamp";s:10:"1335977158";s:12:"dependencies";a:0:{}s:10:"dependents";a:0:{}s:3:"php";s:5:"4.3.5";}'),
('modules/blog/blog.module', 'blog', 'module', '', 0, 0, 0, -1, 0, 'a:10:{s:4:"name";s:4:"Blog";s:11:"description";s:69:"Enables keeping easily and regularly updated user web pages or blogs.";s:7:"package";s:15:"Core - optional";s:7:"version";s:4:"6.26";s:4:"core";s:3:"6.x";s:7:"project";s:6:"drupal";s:9:"datestamp";s:10:"1335977158";s:12:"dependencies";a:0:{}s:10:"dependents";a:0:{}s:3:"php";s:5:"4.3.5";}'),
('modules/blogapi/blogapi.module', 'blogapi', 'module', '', 0, 0, 0, -1, 0, 'a:10:{s:4:"name";s:8:"Blog API";s:11:"description";s:79:"Allows users to post content using applications that support XML-RPC blog APIs.";s:7:"package";s:15:"Core - optional";s:7:"version";s:4:"6.26";s:4:"core";s:3:"6.x";s:7:"project";s:6:"drupal";s:9:"datestamp";s:10:"1335977158";s:12:"dependencies";a:0:{}s:10:"dependents";a:0:{}s:3:"php";s:5:"4.3.5";}'),
('modules/book/book.module', 'book', 'module', '', 0, 0, 0, -1, 0, 'a:10:{s:4:"name";s:4:"Book";s:11:"description";s:63:"Allows users to structure site pages in a hierarchy or outline.";s:7:"package";s:15:"Core - optional";s:7:"version";s:4:"6.26";s:4:"core";s:3:"6.x";s:7:"project";s:6:"drupal";s:9:"datestamp";s:10:"1335977158";s:12:"dependencies";a:0:{}s:10:"dependents";a:0:{}s:3:"php";s:5:"4.3.5";}'),
('modules/color/color.module', 'color', 'module', '', 1, 0, 0, 6001, 0, 'a:10:{s:4:"name";s:5:"Color";s:11:"description";s:61:"Allows the user to change the color scheme of certain themes.";s:7:"package";s:15:"Core - optional";s:7:"version";s:4:"6.26";s:4:"core";s:3:"6.x";s:7:"project";s:6:"drupal";s:9:"datestamp";s:10:"1335977158";s:12:"dependencies";a:0:{}s:10:"dependents";a:0:{}s:3:"php";s:5:"4.3.5";}'),
('modules/comment/comment.module', 'comment', 'module', '', 1, 0, 0, 6005, 0, 'a:10:{s:4:"name";s:7:"Comment";s:11:"description";s:57:"Allows users to comment on and discuss published content.";s:7:"package";s:15:"Core - optional";s:7:"version";s:4:"6.26";s:4:"core";s:3:"6.x";s:7:"project";s:6:"drupal";s:9:"datestamp";s:10:"1335977158";s:12:"dependencies";a:0:{}s:10:"dependents";a:0:{}s:3:"php";s:5:"4.3.5";}'),
('modules/contact/contact.module', 'contact', 'module', '', 0, 0, 0, -1, 0, 'a:10:{s:4:"name";s:7:"Contact";s:11:"description";s:61:"Enables the use of both personal and site-wide contact forms.";s:7:"package";s:15:"Core - optional";s:7:"version";s:4:"6.26";s:4:"core";s:3:"6.x";s:7:"project";s:6:"drupal";s:9:"datestamp";s:10:"1335977158";s:12:"dependencies";a:0:{}s:10:"dependents";a:0:{}s:3:"php";s:5:"4.3.5";}'),
('modules/dblog/dblog.module', 'dblog', 'module', '', 1, 0, 0, 6000, 0, 'a:10:{s:4:"name";s:16:"Database logging";s:11:"description";s:47:"Logs and records system events to the database.";s:7:"package";s:15:"Core - optional";s:7:"version";s:4:"6.26";s:4:"core";s:3:"6.x";s:7:"project";s:6:"drupal";s:9:"datestamp";s:10:"1335977158";s:12:"dependencies";a:0:{}s:10:"dependents";a:0:{}s:3:"php";s:5:"4.3.5";}'),
('modules/filter/filter.module', 'filter', 'module', '', 1, 0, 0, 0, 0, 'a:10:{s:4:"name";s:6:"Filter";s:11:"description";s:60:"Handles the filtering of content in preparation for display.";s:7:"package";s:15:"Core - required";s:7:"version";s:4:"6.26";s:4:"core";s:3:"6.x";s:7:"project";s:6:"drupal";s:9:"datestamp";s:10:"1335977158";s:12:"dependencies";a:0:{}s:10:"dependents";a:0:{}s:3:"php";s:5:"4.3.5";}'),
('modules/forum/forum.module', 'forum', 'module', '', 0, 0, 0, -1, 0, 'a:10:{s:4:"name";s:5:"Forum";s:11:"description";s:50:"Enables threaded discussions about general topics.";s:12:"dependencies";a:2:{i:0;s:8:"taxonomy";i:1;s:7:"comment";}s:7:"package";s:15:"Core - optional";s:7:"version";s:4:"6.26";s:4:"core";s:3:"6.x";s:7:"project";s:6:"drupal";s:9:"datestamp";s:10:"1335977158";s:10:"dependents";a:0:{}s:3:"php";s:5:"4.3.5";}'),
('modules/help/help.module', 'help', 'module', '', 1, 0, 0, 0, 0, 'a:10:{s:4:"name";s:4:"Help";s:11:"description";s:35:"Manages the display of online help.";s:7:"package";s:15:"Core - optional";s:7:"version";s:4:"6.26";s:4:"core";s:3:"6.x";s:7:"project";s:6:"drupal";s:9:"datestamp";s:10:"1335977158";s:12:"dependencies";a:0:{}s:10:"dependents";a:0:{}s:3:"php";s:5:"4.3.5";}'),
('modules/locale/locale.module', 'locale', 'module', '', 0, 0, 0, -1, 0, 'a:10:{s:4:"name";s:6:"Locale";s:11:"description";s:119:"Adds language handling functionality and enables the translation of the user interface to languages other than English.";s:7:"package";s:15:"Core - optional";s:7:"version";s:4:"6.26";s:4:"core";s:3:"6.x";s:7:"project";s:6:"drupal";s:9:"datestamp";s:10:"1335977158";s:12:"dependencies";a:0:{}s:10:"dependents";a:0:{}s:3:"php";s:5:"4.3.5";}'),
('modules/menu/menu.module', 'menu', 'module', '', 1, 0, 0, 0, 0, 'a:10:{s:4:"name";s:4:"Menu";s:11:"description";s:60:"Allows administrators to customize the site navigation menu.";s:7:"package";s:15:"Core - optional";s:7:"version";s:4:"6.26";s:4:"core";s:3:"6.x";s:7:"project";s:6:"drupal";s:9:"datestamp";s:10:"1335977158";s:12:"dependencies";a:0:{}s:10:"dependents";a:0:{}s:3:"php";s:5:"4.3.5";}'),
('modules/node/node.module', 'node', 'module', '', 1, 0, 0, 0, 0, 'a:10:{s:4:"name";s:4:"Node";s:11:"description";s:66:"Allows content to be submitted to the site and displayed on pages.";s:7:"package";s:15:"Core - required";s:7:"version";s:4:"6.26";s:4:"core";s:3:"6.x";s:7:"project";s:6:"drupal";s:9:"datestamp";s:10:"1335977158";s:12:"dependencies";a:0:{}s:10:"dependents";a:0:{}s:3:"php";s:5:"4.3.5";}'),
('modules/openid/openid.module', 'openid', 'module', '', 0, 0, 0, -1, 0, 'a:10:{s:4:"name";s:6:"OpenID";s:11:"description";s:48:"Allows users to log into your site using OpenID.";s:7:"version";s:4:"6.26";s:7:"package";s:15:"Core - optional";s:4:"core";s:3:"6.x";s:7:"project";s:6:"drupal";s:9:"datestamp";s:10:"1335977158";s:12:"dependencies";a:0:{}s:10:"dependents";a:0:{}s:3:"php";s:5:"4.3.5";}'),
('modules/path/path.module', 'path', 'module', '', 1, 0, 0, 0, 0, 'a:10:{s:4:"name";s:4:"Path";s:11:"description";s:28:"Allows users to rename URLs.";s:7:"package";s:15:"Core - optional";s:7:"version";s:4:"6.26";s:4:"core";s:3:"6.x";s:7:"project";s:6:"drupal";s:9:"datestamp";s:10:"1335977158";s:12:"dependencies";a:0:{}s:10:"dependents";a:0:{}s:3:"php";s:5:"4.3.5";}'),
('modules/php/php.module', 'php', 'module', '', 0, 0, 0, -1, 0, 'a:10:{s:4:"name";s:10:"PHP filter";s:11:"description";s:50:"Allows embedded PHP code/snippets to be evaluated.";s:7:"package";s:15:"Core - optional";s:7:"version";s:4:"6.26";s:4:"core";s:3:"6.x";s:7:"project";s:6:"drupal";s:9:"datestamp";s:10:"1335977158";s:12:"dependencies";a:0:{}s:10:"dependents";a:0:{}s:3:"php";s:5:"4.3.5";}'),
('modules/ping/ping.module', 'ping', 'module', '', 0, 0, 0, -1, 0, 'a:10:{s:4:"name";s:4:"Ping";s:11:"description";s:51:"Alerts other sites when your site has been updated.";s:7:"package";s:15:"Core - optional";s:7:"version";s:4:"6.26";s:4:"core";s:3:"6.x";s:7:"project";s:6:"drupal";s:9:"datestamp";s:10:"1335977158";s:12:"dependencies";a:0:{}s:10:"dependents";a:0:{}s:3:"php";s:5:"4.3.5";}'),
('modules/poll/poll.module', 'poll', 'module', '', 0, 0, 0, -1, 0, 'a:10:{s:4:"name";s:4:"Poll";s:11:"description";s:95:"Allows your site to capture votes on different topics in the form of multiple choice questions.";s:7:"package";s:15:"Core - optional";s:7:"version";s:4:"6.26";s:4:"core";s:3:"6.x";s:7:"project";s:6:"drupal";s:9:"datestamp";s:10:"1335977158";s:12:"dependencies";a:0:{}s:10:"dependents";a:0:{}s:3:"php";s:5:"4.3.5";}'),
('modules/profile/profile.module', 'profile', 'module', '', 1, 0, 0, 0, 0, 'a:10:{s:4:"name";s:7:"Profile";s:11:"description";s:36:"Supports configurable user profiles.";s:7:"package";s:15:"Core - optional";s:7:"version";s:4:"6.26";s:4:"core";s:3:"6.x";s:7:"project";s:6:"drupal";s:9:"datestamp";s:10:"1335977158";s:12:"dependencies";a:0:{}s:10:"dependents";a:0:{}s:3:"php";s:5:"4.3.5";}'),
('modules/search/search.module', 'search', 'module', '', 1, 0, 0, 0, 0, 'a:10:{s:4:"name";s:6:"Search";s:11:"description";s:36:"Enables site-wide keyword searching.";s:7:"package";s:15:"Core - optional";s:7:"version";s:4:"6.26";s:4:"core";s:3:"6.x";s:7:"project";s:6:"drupal";s:9:"datestamp";s:10:"1335977158";s:12:"dependencies";a:0:{}s:10:"dependents";a:0:{}s:3:"php";s:5:"4.3.5";}'),
('modules/statistics/statistics.module', 'statistics', 'module', '', 0, 0, 0, -1, 0, 'a:10:{s:4:"name";s:10:"Statistics";s:11:"description";s:37:"Logs access statistics for your site.";s:7:"package";s:15:"Core - optional";s:7:"version";s:4:"6.26";s:4:"core";s:3:"6.x";s:7:"project";s:6:"drupal";s:9:"datestamp";s:10:"1335977158";s:12:"dependencies";a:0:{}s:10:"dependents";a:0:{}s:3:"php";s:5:"4.3.5";}'),
('modules/syslog/syslog.module', 'syslog', 'module', '', 0, 0, 0, -1, 0, 'a:10:{s:4:"name";s:6:"Syslog";s:11:"description";s:41:"Logs and records system events to syslog.";s:7:"package";s:15:"Core - optional";s:7:"version";s:4:"6.26";s:4:"core";s:3:"6.x";s:7:"project";s:6:"drupal";s:9:"datestamp";s:10:"1335977158";s:12:"dependencies";a:0:{}s:10:"dependents";a:0:{}s:3:"php";s:5:"4.3.5";}'),
('modules/taxonomy/taxonomy.module', 'taxonomy', 'module', '', 1, 0, 0, 0, 0, 'a:10:{s:4:"name";s:8:"Taxonomy";s:11:"description";s:38:"Enables the categorization of content.";s:7:"package";s:15:"Core - optional";s:7:"version";s:4:"6.26";s:4:"core";s:3:"6.x";s:7:"project";s:6:"drupal";s:9:"datestamp";s:10:"1335977158";s:12:"dependencies";a:0:{}s:10:"dependents";a:0:{}s:3:"php";s:5:"4.3.5";}'),
('modules/throttle/throttle.module', 'throttle', 'module', '', 0, 0, 0, -1, 0, 'a:10:{s:4:"name";s:8:"Throttle";s:11:"description";s:66:"Handles the auto-throttling mechanism, to control site congestion.";s:7:"package";s:15:"Core - optional";s:7:"version";s:4:"6.26";s:4:"core";s:3:"6.x";s:7:"project";s:6:"drupal";s:9:"datestamp";s:10:"1335977158";s:12:"dependencies";a:0:{}s:10:"dependents";a:0:{}s:3:"php";s:5:"4.3.5";}'),
('modules/tracker/tracker.module', 'tracker', 'module', '', 0, 0, 0, -1, 0, 'a:10:{s:4:"name";s:7:"Tracker";s:11:"description";s:43:"Enables tracking of recent posts for users.";s:12:"dependencies";a:1:{i:0;s:7:"comment";}s:7:"package";s:15:"Core - optional";s:7:"version";s:4:"6.26";s:4:"core";s:3:"6.x";s:7:"project";s:6:"drupal";s:9:"datestamp";s:10:"1335977158";s:10:"dependents";a:0:{}s:3:"php";s:5:"4.3.5";}'),
('modules/translation/translation.module', 'translation', 'module', '', 0, 0, 0, -1, 0, 'a:10:{s:4:"name";s:19:"Content translation";s:11:"description";s:57:"Allows content to be translated into different languages.";s:12:"dependencies";a:1:{i:0;s:6:"locale";}s:7:"package";s:15:"Core - optional";s:7:"version";s:4:"6.26";s:4:"core";s:3:"6.x";s:7:"project";s:6:"drupal";s:9:"datestamp";s:10:"1335977158";s:10:"dependents";a:0:{}s:3:"php";s:5:"4.3.5";}'),
('modules/trigger/trigger.module', 'trigger', 'module', '', 0, 0, 0, -1, 0, 'a:10:{s:4:"name";s:7:"Trigger";s:11:"description";s:90:"Enables actions to be fired on certain system events, such as when new content is created.";s:7:"package";s:15:"Core - optional";s:7:"version";s:4:"6.26";s:4:"core";s:3:"6.x";s:7:"project";s:6:"drupal";s:9:"datestamp";s:10:"1335977158";s:12:"dependencies";a:0:{}s:10:"dependents";a:0:{}s:3:"php";s:5:"4.3.5";}'),
('modules/update/update.module', 'update', 'module', '', 1, 0, 0, 6000, 0, 'a:10:{s:4:"name";s:13:"Update status";s:11:"description";s:88:"Checks the status of available updates for Drupal and your installed modules and themes.";s:7:"version";s:4:"6.26";s:7:"package";s:15:"Core - optional";s:4:"core";s:3:"6.x";s:7:"project";s:6:"drupal";s:9:"datestamp";s:10:"1335977158";s:12:"dependencies";a:0:{}s:10:"dependents";a:0:{}s:3:"php";s:5:"4.3.5";}'),
('modules/upload/upload.module', 'upload', 'module', '', 0, 0, 0, -1, 0, 'a:10:{s:4:"name";s:6:"Upload";s:11:"description";s:51:"Allows users to upload and attach files to content.";s:7:"package";s:15:"Core - optional";s:7:"version";s:4:"6.26";s:4:"core";s:3:"6.x";s:7:"project";s:6:"drupal";s:9:"datestamp";s:10:"1335977158";s:12:"dependencies";a:0:{}s:10:"dependents";a:0:{}s:3:"php";s:5:"4.3.5";}'),
('modules/user/user.module', 'user', 'module', '', 1, 0, 0, 0, 0, 'a:10:{s:4:"name";s:4:"User";s:11:"description";s:47:"Manages the user registration and login system.";s:7:"package";s:15:"Core - required";s:7:"version";s:4:"6.26";s:4:"core";s:3:"6.x";s:7:"project";s:6:"drupal";s:9:"datestamp";s:10:"1335977158";s:12:"dependencies";a:0:{}s:10:"dependents";a:0:{}s:3:"php";s:5:"4.3.5";}'),
('sites/all/modules/form_builder/form_builder.module', 'form_builder', 'module', '', 0, 0, 0, -1, 0, 'a:9:{s:4:"name";s:12:"Form builder";s:11:"description";s:24:"Form building framework.";s:12:"dependencies";a:2:{i:0;s:9:"jquery_ui";i:1;s:15:"options_element";}s:4:"core";s:3:"6.x";s:7:"version";s:7:"6.x-1.0";s:7:"project";s:12:"form_builder";s:9:"datestamp";s:10:"1331181347";s:10:"dependents";a:0:{}s:3:"php";s:5:"4.3.5";}'),
('sites/all/modules/form_builder/examples/form_builder_examples.module', 'form_builder_examples', 'module', '', 0, 0, 0, 0, 0, 'a:9:{s:4:"name";s:21:"Form builder examples";s:11:"description";s:59:"Form builder support for CCK, Webform, and Profile modules.";s:4:"core";s:3:"6.x";s:12:"dependencies";a:1:{i:0;s:12:"form_builder";}s:7:"version";s:7:"6.x-1.0";s:7:"project";s:12:"form_builder";s:9:"datestamp";s:10:"1331181347";s:10:"dependents";a:0:{}s:3:"php";s:5:"4.3.5";}'),
('sites/all/modules/form_builder/modules/webform/form_builder_webform.module', 'form_builder_webform', 'module', '', 0, 0, 0, -1, 0, 'a:9:{s:4:"name";s:23:"Form builder Webform UI";s:11:"description";s:48:"Form builder integration for the Webform module.";s:4:"core";s:3:"6.x";s:12:"dependencies";a:2:{i:0;s:12:"form_builder";i:1;s:7:"webform";}s:7:"version";s:7:"6.x-1.0";s:7:"project";s:12:"form_builder";s:9:"datestamp";s:10:"1331181347";s:10:"dependents";a:0:{}s:3:"php";s:5:"4.3.5";}'),
('sites/all/modules/jquery_ui/jquery_ui.module', 'jquery_ui', 'module', '', 1, 0, 0, 0, 0, 'a:10:{s:4:"name";s:9:"jQuery UI";s:11:"description";s:55:"Provides the jQuery UI plug-in to other Drupal modules.";s:7:"package";s:14:"User interface";s:4:"core";s:3:"6.x";s:7:"version";s:7:"6.x-1.5";s:7:"project";s:9:"jquery_ui";s:9:"datestamp";s:10:"1308323216";s:12:"dependencies";a:0:{}s:10:"dependents";a:0:{}s:3:"php";s:5:"4.3.5";}'),
('sites/all/modules/options_element/options_element.module', 'options_element', 'module', '', 0, 0, 0, 0, 0, 'a:9:{s:4:"name";s:15:"Options element";s:11:"description";s:86:"A custom form element for entering the options in select lists, radios, or checkboxes.";s:4:"core";s:3:"6.x";s:3:"php";s:3:"5.0";s:7:"version";s:7:"6.x-1.7";s:7:"project";s:15:"options_element";s:9:"datestamp";s:10:"1332018947";s:12:"dependencies";a:0:{}s:10:"dependents";a:0:{}}'),
('sites/all/modules/webform/webform.module', 'webform', 'module', '', 1, 0, 0, 6331, -1, 'a:10:{s:4:"name";s:7:"Webform";s:11:"description";s:49:"Enables the creation of forms and questionnaires.";s:4:"core";s:3:"6.x";s:7:"package";s:7:"Webform";s:3:"php";s:3:"5.1";s:7:"version";s:8:"6.x-3.18";s:7:"project";s:7:"webform";s:9:"datestamp";s:10:"1336890407";s:12:"dependencies";a:0:{}s:10:"dependents";a:0:{}}'),
('sites/all/modules/uc_cano-1.3/uc_cano.module', 'uc_cano', 'module', '', 0, 0, 0, -1, 0, 'a:7:{s:4:"name";s:4:"CANO";s:7:"version";s:3:"1.3";s:11:"description";s:30:"Chained Attributes and Options";s:12:"dependencies";a:2:{i:0;s:10:"uc_product";i:1;s:12:"uc_attribute";}s:4:"core";s:3:"6.x";s:10:"dependents";a:0:{}s:3:"php";s:5:"4.3.5";}'),
('sites/all/modules/webform_addmore/webform_addmore.module', 'webform_addmore', 'module', '', 1, 0, 0, 0, 0, 'a:8:{s:4:"name";s:16:"Webform Add More";s:11:"description";s:45:"Provides add more option for webforms module.";s:7:"package";s:7:"Webform";s:4:"core";s:3:"6.x";s:12:"dependencies";a:1:{i:0;s:11:"ahah_helper";}s:10:"dependents";a:0:{}s:7:"version";N;s:3:"php";s:5:"4.3.5";}'),
('sites/all/modules/custom_modules/custom/custom.module', 'custom', 'module', '', 1, 0, 0, 0, 0, 'a:10:{s:4:"name";s:6:"Custom";s:11:"description";s:48:"Customization in web-forms and their submission.";s:4:"core";s:3:"6.x";s:7:"package";s:6:"Custom";s:3:"php";s:3:"5.1";s:7:"version";s:8:"6.x-3.18";s:7:"project";s:6:"Custom";s:9:"datestamp";s:10:"1336890407";s:12:"dependencies";a:0:{}s:10:"dependents";a:0:{}}'),
('sites/all/modules/ahah_helper/ahah_helper.module', 'ahah_helper', 'module', '', 1, 0, 0, 0, 0, 'a:9:{s:4:"name";s:11:"AHAH helper";s:11:"description";s:84:"The AHAH helper module, making gracefully degradable AHAH-driven forms a no-brainer.";s:4:"core";s:3:"6.x";s:7:"version";s:7:"6.x-2.2";s:7:"project";s:11:"ahah_helper";s:9:"datestamp";s:10:"1310369523";s:12:"dependencies";a:0:{}s:10:"dependents";a:0:{}s:3:"php";s:5:"4.3.5";}'),
('sites/all/modules/ahah_helper/ahah_helper_demo.module', 'ahah_helper_demo', 'module', '', 1, 0, 0, 0, 0, 'a:9:{s:4:"name";s:16:"AHAH helper demo";s:11:"description";s:35:"A demo form the AHAH helper module.";s:4:"core";s:3:"6.x";s:7:"version";s:7:"6.x-2.2";s:7:"project";s:11:"ahah_helper";s:9:"datestamp";s:10:"1310369523";s:12:"dependencies";a:0:{}s:10:"dependents";a:0:{}s:3:"php";s:5:"4.3.5";}'),
('sites/all/modules/services/servers/rest_server/rest_server.module', 'rest_server', 'module', '', 0, 0, 0, -1, 0, 'a:10:{s:4:"name";s:11:"REST Server";s:11:"description";s:24:"Provides an REST server.";s:7:"package";s:18:"Services - servers";s:12:"dependencies";a:2:{i:0;s:8:"services";i:1;s:8:"autoload";}s:4:"core";s:3:"6.x";s:7:"version";s:7:"6.x-3.1";s:7:"project";s:8:"services";s:9:"datestamp";s:10:"1321482643";s:10:"dependents";a:0:{}s:3:"php";s:5:"4.3.5";}'),
('sites/all/modules/services/services.module', 'services', 'module', '', 1, 0, 0, 6004, 0, 'a:10:{s:4:"name";s:8:"Services";s:11:"description";s:41:"Provide an API for creating web services.";s:7:"package";s:8:"Services";s:4:"core";s:3:"6.x";s:3:"php";s:3:"5.x";s:7:"version";s:7:"6.x-2.2";s:7:"project";s:8:"services";s:9:"datestamp";s:10:"1274122506";s:12:"dependencies";a:0:{}s:10:"dependents";a:0:{}}'),
('sites/all/modules/services/auth/services_oauth/services_oauth.module', 'services_oauth', 'module', '', 0, 0, 0, -1, 0, 'a:10:{s:4:"name";s:20:"OAuth Authentication";s:11:"description";s:53:"Provides OAuth authentication for the services module";s:7:"package";s:25:"Services - authentication";s:12:"dependencies";a:2:{i:0;s:8:"services";i:1;s:12:"oauth_common";}s:4:"core";s:3:"6.x";s:3:"php";s:3:"5.2";s:7:"version";s:7:"6.x-3.1";s:7:"project";s:8:"services";s:9:"datestamp";s:10:"1321482643";s:10:"dependents";a:0:{}}'),
('sites/all/modules/services/servers/rest_server/formats/xcal_format.module', 'xcal_format', 'module', '', 0, 0, 0, -1, 0, 'a:10:{s:4:"name";s:21:"xCal and iCal formats";s:11:"description";s:54:"Provides xCal and iCal formatters for the REST server.";s:7:"package";s:8:"Services";s:4:"core";s:3:"6.x";s:3:"php";s:3:"5.x";s:7:"version";s:7:"6.x-3.1";s:7:"project";s:8:"services";s:9:"datestamp";s:10:"1321482643";s:12:"dependencies";a:0:{}s:10:"dependents";a:0:{}}'),
('sites/all/modules/services/servers/xmlrpc_server/xmlrpc_server.module', 'xmlrpc_server', 'module', '', 1, 0, 0, 0, 0, 'a:10:{s:4:"name";s:13:"XMLRPC Server";s:11:"description";s:26:"Provides an XMLRPC server.";s:7:"package";s:18:"Services - servers";s:12:"dependencies";a:1:{i:0;s:8:"services";}s:4:"core";s:3:"6.x";s:7:"version";s:7:"6.x-2.2";s:7:"project";s:8:"services";s:9:"datestamp";s:10:"1274122506";s:10:"dependents";a:0:{}s:3:"php";s:5:"4.3.5";}'),
('sites/all/modules/ctools/bulk_export/bulk_export.module', 'bulk_export', 'module', '', 0, 0, 0, -1, 0, 'a:10:{s:4:"name";s:11:"Bulk Export";s:11:"description";s:67:"Performs bulk exporting of data objects known about by Chaos tools.";s:4:"core";s:3:"6.x";s:12:"dependencies";a:1:{i:0;s:6:"ctools";}s:7:"package";s:16:"Chaos tool suite";s:7:"version";s:7:"6.x-1.8";s:7:"project";s:6:"ctools";s:9:"datestamp";s:10:"1288393844";s:10:"dependents";a:0:{}s:3:"php";s:5:"4.3.5";}'),
('sites/all/modules/ctools/ctools.module', 'ctools', 'module', '', 0, 0, 0, -1, 0, 'a:10:{s:4:"name";s:11:"Chaos tools";s:11:"description";s:46:"A library of helpful tools by Merlin of Chaos.";s:4:"core";s:3:"6.x";s:7:"package";s:16:"Chaos tool suite";s:7:"version";s:7:"6.x-1.8";s:7:"project";s:6:"ctools";s:9:"datestamp";s:10:"1288393844";s:12:"dependencies";a:0:{}s:10:"dependents";a:0:{}s:3:"php";s:5:"4.3.5";}'),
('sites/all/modules/ctools/ctools_access_ruleset/ctools_access_ruleset.module', 'ctools_access_ruleset', 'module', '', 0, 0, 0, -1, 0, 'a:10:{s:4:"name";s:15:"Custom rulesets";s:11:"description";s:81:"Create custom, exportable, reusable access rulesets for applications like Panels.";s:4:"core";s:3:"6.x";s:7:"package";s:16:"Chaos tool suite";s:12:"dependencies";a:1:{i:0;s:6:"ctools";}s:7:"version";s:7:"6.x-1.8";s:7:"project";s:6:"ctools";s:9:"datestamp";s:10:"1288393844";s:10:"dependents";a:0:{}s:3:"php";s:5:"4.3.5";}'),
('sites/all/modules/ctools/ctools_ajax_sample/ctools_ajax_sample.module', 'ctools_ajax_sample', 'module', '', 0, 0, 0, -1, 0, 'a:10:{s:4:"name";s:33:"Chaos Tools (CTools) AJAX Example";s:11:"description";s:41:"Shows how to use the power of Chaos AJAX.";s:7:"package";s:16:"Chaos tool suite";s:12:"dependencies";a:1:{i:0;s:6:"ctools";}s:7:"version";s:7:"6.x-1.8";s:4:"core";s:3:"6.x";s:7:"project";s:6:"ctools";s:9:"datestamp";s:10:"1288393844";s:10:"dependents";a:0:{}s:3:"php";s:5:"4.3.5";}'),
('sites/all/modules/ctools/ctools_custom_content/ctools_custom_content.module', 'ctools_custom_content', 'module', '', 0, 0, 0, -1, 0, 'a:10:{s:4:"name";s:20:"Custom content panes";s:11:"description";s:79:"Create custom, exportable, reusable content panes for applications like Panels.";s:4:"core";s:3:"6.x";s:7:"package";s:16:"Chaos tool suite";s:12:"dependencies";a:1:{i:0;s:6:"ctools";}s:7:"version";s:7:"6.x-1.8";s:7:"project";s:6:"ctools";s:9:"datestamp";s:10:"1288393844";s:10:"dependents";a:0:{}s:3:"php";s:5:"4.3.5";}'),
('sites/all/modules/ctools/ctools_plugin_example/ctools_plugin_example.module', 'ctools_plugin_example', 'module', '', 0, 0, 0, -1, 0, 'a:10:{s:4:"name";s:35:"Chaos Tools (CTools) Plugin Example";s:11:"description";s:75:"Shows how an external module can provide ctools plugins (for Panels, etc.).";s:7:"package";s:16:"Chaos tool suite";s:12:"dependencies";a:4:{i:0;s:6:"ctools";i:1;s:6:"panels";i:2;s:12:"page_manager";i:3;s:13:"advanced_help";}s:4:"core";s:3:"6.x";s:7:"version";s:7:"6.x-1.8";s:7:"project";s:6:"ctools";s:9:"datestamp";s:10:"1288393844";s:10:"dependents";a:0:{}s:3:"php";s:5:"4.3.5";}'),
('sites/all/modules/ctools/page_manager/page_manager.module', 'page_manager', 'module', '', 0, 0, 0, -1, 0, 'a:10:{s:4:"name";s:12:"Page manager";s:11:"description";s:54:"Provides a UI and API to manage pages within the site.";s:4:"core";s:3:"6.x";s:12:"dependencies";a:1:{i:0;s:6:"ctools";}s:7:"package";s:16:"Chaos tool suite";s:7:"version";s:7:"6.x-1.8";s:7:"project";s:6:"ctools";s:9:"datestamp";s:10:"1288393844";s:10:"dependents";a:0:{}s:3:"php";s:5:"4.3.5";}'),
('sites/all/modules/ctools/stylizer/stylizer.module', 'stylizer', 'module', '', 0, 0, 0, -1, 0, 'a:10:{s:4:"name";s:8:"Stylizer";s:11:"description";s:53:"Create custom styles for applications such as Panels.";s:4:"core";s:3:"6.x";s:7:"package";s:16:"Chaos tool suite";s:12:"dependencies";a:1:{i:0;s:6:"ctools";}s:7:"version";s:7:"6.x-1.8";s:7:"project";s:6:"ctools";s:9:"datestamp";s:10:"1288393844";s:10:"dependents";a:0:{}s:3:"php";s:5:"4.3.5";}'),
('sites/all/modules/ctools/views_content/views_content.module', 'views_content', 'module', '', 0, 0, 0, -1, 0, 'a:10:{s:4:"name";s:19:"Views content panes";s:11:"description";s:104:"Allows Views content to be used in Panels, Dashboard and other modules which use the CTools Content API.";s:7:"package";s:16:"Chaos tool suite";s:12:"dependencies";a:2:{i:0;s:6:"ctools";i:1;s:5:"views";}s:4:"core";s:3:"6.x";s:7:"version";s:7:"6.x-1.8";s:7:"project";s:6:"ctools";s:9:"datestamp";s:10:"1288393844";s:10:"dependents";a:0:{}s:3:"php";s:5:"4.3.5";}'),
('sites/all/modules/services/services/comment_service/comment_service.module', 'comment_service', 'module', '', 0, 0, 0, 0, 0, 'a:10:{s:4:"name";s:15:"Comment Service";s:11:"description";s:27:"Provides a comment service.";s:7:"package";s:19:"Services - services";s:12:"dependencies";a:2:{i:0;s:8:"services";i:1;s:7:"comment";}s:4:"core";s:3:"6.x";s:7:"version";s:7:"6.x-2.2";s:7:"project";s:8:"services";s:9:"datestamp";s:10:"1274122506";s:10:"dependents";a:0:{}s:3:"php";s:5:"4.3.5";}'),
('sites/all/modules/services/services/file_service/file_service.module', 'file_service', 'module', '', 0, 0, 0, 0, 0, 'a:10:{s:4:"core";s:3:"6.x";s:12:"dependencies";a:1:{i:0;s:8:"services";}s:11:"description";s:24:"Provides a file service.";s:4:"name";s:12:"File Service";s:7:"package";s:19:"Services - services";s:7:"version";s:7:"6.x-2.2";s:7:"project";s:8:"services";s:9:"datestamp";s:10:"1274122506";s:10:"dependents";a:0:{}s:3:"php";s:5:"4.3.5";}'),
('sites/all/modules/services/services/menu_service/menu_service.module', 'menu_service', 'module', '', 0, 0, 0, 0, 0, 'a:10:{s:4:"core";s:3:"6.x";s:12:"dependencies";a:1:{i:0;s:8:"services";}s:11:"description";s:24:"Provides a menu service.";s:4:"name";s:12:"Menu Service";s:7:"package";s:19:"Services - services";s:7:"version";s:7:"6.x-2.2";s:7:"project";s:8:"services";s:9:"datestamp";s:10:"1274122506";s:10:"dependents";a:0:{}s:3:"php";s:5:"4.3.5";}'),
('sites/all/modules/services/services/node_service/node_resource.module', 'node_resource', 'module', '', 0, 0, 0, 0, 0, 'a:10:{s:4:"name";s:13:"Node Resource";s:11:"description";s:56:"Provides a resource oriented service interface to nodes.";s:7:"package";s:19:"Services - services";s:4:"core";s:3:"6.x";s:3:"php";s:3:"5.x";s:7:"version";s:7:"6.x-2.2";s:7:"project";s:8:"services";s:9:"datestamp";s:10:"1274122506";s:12:"dependencies";a:0:{}s:10:"dependents";a:0:{}}'),
('sites/all/modules/services/services/node_service/node_service.module', 'node_service', 'module', '', 1, 0, 0, 0, 0, 'a:10:{s:4:"name";s:12:"Node Service";s:11:"description";s:24:"Provides a node service.";s:7:"package";s:19:"Services - services";s:12:"dependencies";a:2:{i:0;s:8:"services";i:1;s:4:"node";}s:4:"core";s:3:"6.x";s:7:"version";s:7:"6.x-2.2";s:7:"project";s:8:"services";s:9:"datestamp";s:10:"1274122506";s:10:"dependents";a:0:{}s:3:"php";s:5:"4.3.5";}'),
('sites/all/modules/services/services/search_service/search_service.module', 'search_service', 'module', '', 0, 0, 0, 0, 0, 'a:10:{s:4:"name";s:14:"Search Service";s:11:"description";s:26:"Provides a search service.";s:7:"package";s:19:"Services - services";s:12:"dependencies";a:2:{i:0;s:8:"services";i:1;s:6:"search";}s:4:"core";s:3:"6.x";s:7:"version";s:7:"6.x-2.2";s:7:"project";s:8:"services";s:9:"datestamp";s:10:"1274122506";s:10:"dependents";a:0:{}s:3:"php";s:5:"4.3.5";}'),
('sites/all/modules/services/auth/services_keyauth/services_keyauth.module', 'services_keyauth', 'module', '', 0, 0, 0, -1, 0, 'a:10:{s:4:"name";s:18:"Key Authentication";s:11:"description";s:51:"Provides key authentication for the services module";s:7:"package";s:25:"Services - authentication";s:12:"dependencies";a:1:{i:0;s:8:"services";}s:4:"core";s:3:"6.x";s:7:"version";s:7:"6.x-2.2";s:7:"project";s:8:"services";s:9:"datestamp";s:10:"1274122506";s:10:"dependents";a:0:{}s:3:"php";s:5:"4.3.5";}'),
('sites/all/modules/services/services/system_service/system_service.module', 'system_service', 'module', '', 0, 0, 0, 0, 0, 'a:10:{s:4:"name";s:14:"System Service";s:11:"description";s:25:"Provides system services.";s:7:"package";s:19:"Services - services";s:12:"dependencies";a:1:{i:0;s:8:"services";}s:4:"core";s:3:"6.x";s:7:"version";s:7:"6.x-2.2";s:7:"project";s:8:"services";s:9:"datestamp";s:10:"1274122506";s:10:"dependents";a:0:{}s:3:"php";s:5:"4.3.5";}'),
('sites/all/modules/services/services/taxonomy_service/taxonomy_service.module', 'taxonomy_service', 'module', '', 0, 0, 0, 0, 0, 'a:10:{s:4:"name";s:16:"Taxonomy Service";s:11:"description";s:28:"Provides a taxonomy service.";s:7:"package";s:19:"Services - services";s:12:"dependencies";a:2:{i:0;s:8:"services";i:1;s:8:"taxonomy";}s:4:"core";s:3:"6.x";s:7:"version";s:7:"6.x-2.2";s:7:"project";s:8:"services";s:9:"datestamp";s:10:"1274122506";s:10:"dependents";a:0:{}s:3:"php";s:5:"4.3.5";}'),
('sites/all/modules/services/services/user_service/user_service.module', 'user_service', 'module', '', 1, 0, 0, 0, 0, 'a:10:{s:4:"name";s:12:"User Service";s:11:"description";s:24:"Provides a user service.";s:7:"package";s:19:"Services - services";s:12:"dependencies";a:2:{i:0;s:8:"services";i:1;s:4:"user";}s:4:"core";s:3:"6.x";s:7:"version";s:7:"6.x-2.2";s:7:"project";s:8:"services";s:9:"datestamp";s:10:"1274122506";s:10:"dependents";a:0:{}s:3:"php";s:5:"4.3.5";}'),
('sites/all/modules/services/services/views_service/views_service.module', 'views_service', 'module', '', 0, 0, 0, -1, 0, 'a:10:{s:4:"name";s:13:"Views Service";s:11:"description";s:25:"Provides a views service.";s:7:"package";s:19:"Services - services";s:12:"dependencies";a:2:{i:0;s:8:"services";i:1;s:5:"views";}s:4:"core";s:3:"6.x";s:7:"version";s:7:"6.x-2.2";s:7:"project";s:8:"services";s:9:"datestamp";s:10:"1274122506";s:10:"dependents";a:0:{}s:3:"php";s:5:"4.3.5";}'),
('sites/all/modules/datagroup_services/datagroup_services.module', 'datagroup_services', 'module', '', 1, 0, 0, 0, 0, 'a:8:{s:4:"name";s:19:"Data Group Services";s:11:"description";s:29:"Provides Data Group services.";s:4:"core";s:3:"6.x";s:12:"dependencies";a:1:{i:0;s:8:"services";}s:7:"package";s:8:"Services";s:10:"dependents";a:0:{}s:7:"version";N;s:3:"php";s:5:"4.3.5";}'),
('sites/all/modules/webform_ssn/webform_ssn/webform_ssn.module', 'webform_ssn', 'module', '', 1, 0, 0, 0, 0, 'a:10:{s:4:"name";s:11:"Webform SSN";s:11:"description";s:54:"Provides a component for U.S. Social Security Numbers.";s:4:"core";s:3:"6.x";s:7:"package";s:7:"Webform";s:12:"dependencies";a:1:{i:0;s:7:"webform";}s:7:"version";s:7:"6.x-1.0";s:7:"project";s:11:"webform_ssn";s:9:"datestamp";s:10:"1328893244";s:10:"dependents";a:0:{}s:3:"php";s:5:"4.3.5";}'),
('sites/all/modules/webform_password/webform_password.module', 'webform_password', 'module', '', 1, 0, 0, 0, 0, 'a:10:{s:4:"name";s:22:"Webform Password Field";s:11:"description";s:74:"Provides a new field password for Webforms useful in registration process.";s:7:"package";s:7:"Webform";s:4:"core";s:3:"6.x";s:7:"version";s:7:"6.x-1.0";s:7:"project";s:16:"webform_password";s:9:"datestamp";s:10:"1300744569";s:12:"dependencies";a:0:{}s:10:"dependents";a:0:{}s:3:"php";s:5:"4.3.5";}'),
('sites/all/modules/json_server/json_server.module', 'json_server', 'module', '', 1, 0, 0, 0, 0, 'a:10:{s:4:"name";s:11:"JSON server";s:11:"description";s:49:"Provides a Services API Server that returns JSON.";s:7:"package";s:18:"Services - servers";s:12:"dependencies";a:1:{i:0;s:8:"services";}s:4:"core";s:3:"6.x";s:7:"version";s:14:"6.x-2.0-alpha3";s:7:"project";s:11:"json_server";s:9:"datestamp";s:10:"1316442403";s:10:"dependents";a:0:{}s:3:"php";s:5:"4.3.5";}'),
('sites/all/modules/logintoboggan/logintoboggan.module', 'logintoboggan', 'module', '', 1, 0, 0, 6001, 0, 'a:9:{s:4:"name";s:13:"LoginToboggan";s:11:"description";s:31:"Improves Drupal''s login system.";s:4:"core";s:3:"6.x";s:7:"version";s:8:"6.x-1.10";s:7:"project";s:13:"logintoboggan";s:9:"datestamp";s:10:"1320873035";s:12:"dependencies";a:0:{}s:10:"dependents";a:0:{}s:3:"php";s:5:"4.3.5";}'),
('sites/all/modules/logintoboggan/contrib/logintoboggan_content_access_integration/logintoboggan_content_access_integration.module', 'logintoboggan_content_access_integration', 'module', '', 0, 0, 0, -1, 0, 'a:9:{s:4:"name";s:40:"LoginToboggan Content Access Integration";s:11:"description";s:102:"Integrates LoginToboggan with Content Access module, so that Non-validated users are handled correctly";s:4:"core";s:3:"6.x";s:12:"dependencies";a:2:{i:0;s:13:"logintoboggan";i:1;s:14:"content_access";}s:7:"version";s:8:"6.x-1.10";s:7:"project";s:13:"logintoboggan";s:9:"datestamp";s:10:"1320873035";s:10:"dependents";a:0:{}s:3:"php";s:5:"4.3.5";}'),
('sites/all/modules/logintoboggan/contrib/logintoboggan_rules/logintoboggan_rules.module', 'logintoboggan_rules', 'module', '', 0, 0, 0, -1, 0, 'a:9:{s:4:"name";s:31:"LoginToboggan Rules Integration";s:11:"description";s:42:"Integrates LoginToboggan with Rules module";s:4:"core";s:3:"6.x";s:12:"dependencies";a:2:{i:0;s:13:"logintoboggan";i:1;s:5:"rules";}s:7:"version";s:8:"6.x-1.10";s:7:"project";s:13:"logintoboggan";s:9:"datestamp";s:10:"1320873035";s:10:"dependents";a:0:{}s:3:"php";s:5:"4.3.5";}'),
('sites/all/modules/webform_validation/webform_validation.module', 'webform_validation', 'module', '', 1, 0, 0, 1, 0, 'a:10:{s:4:"name";s:18:"Webform Validation";s:11:"description";s:32:"Add validation rules to webforms";s:4:"core";s:3:"6.x";s:12:"dependencies";a:1:{i:0;s:7:"webform";}s:7:"package";s:7:"Webform";s:7:"version";s:7:"6.x-1.5";s:7:"project";s:18:"webform_validation";s:9:"datestamp";s:10:"1322683251";s:10:"dependents";a:0:{}s:3:"php";s:5:"4.3.5";}'),
('sites/all/modules/popdata/popdata.module', 'popdata', 'module', '', 1, 0, 0, 0, 0, 'a:8:{s:4:"name";s:26:"RMI Data Population Module";s:11:"description";s:42:"Specifically used to populate data for RMI";s:7:"package";s:6:"Custom";s:4:"core";s:3:"6.x";s:12:"dependencies";a:0:{}s:10:"dependents";a:0:{}s:7:"version";N;s:3:"php";s:5:"4.3.5";}'),
('sites/all/modules/custom_modules/view_data/view_data.module', 'view_data', 'module', '', 1, 0, 0, 0, 0, 'a:10:{s:4:"name";s:16:"View data groups";s:11:"description";s:33:"View data group their submission.";s:4:"core";s:3:"6.x";s:7:"package";s:6:"Custom";s:3:"php";s:3:"5.1";s:7:"version";s:8:"6.x-3.18";s:7:"project";s:6:"Custom";s:9:"datestamp";s:10:"1336890407";s:12:"dependencies";a:0:{}s:10:"dependents";a:0:{}}'),
('sites/all/themes/rmi/rmi.info', 'rmi', 'theme', 'themes/engines/phptemplate/phptemplate.engine', 1, 0, 0, -1, 0, 'a:13:{s:4:"name";s:16:"Register My Info";s:11:"description";s:69:"Tableless, recolorable, multi-column, fluid width theme for RMI site.";s:7:"version";s:4:"6.26";s:4:"core";s:3:"6.x";s:6:"engine";s:11:"phptemplate";s:7:"regions";a:6:{s:4:"left";s:12:"Left sidebar";s:5:"right";s:13:"Right sidebar";s:7:"content";s:7:"Content";s:6:"header";s:6:"Header";s:6:"footer";s:6:"Footer";s:10:"accountnav";s:15:"My account menu";}s:11:"stylesheets";a:1:{s:3:"all";a:1:{s:9:"style.css";s:30:"sites/all/themes/rmi/style.css";}}s:7:"scripts";a:1:{s:10:"sign-up.js";s:31:"sites/all/themes/rmi/sign-up.js";}s:7:"project";s:6:"drupal";s:9:"datestamp";s:10:"1341320410";s:8:"features";a:10:{i:0;s:20:"comment_user_picture";i:1;s:7:"favicon";i:2;s:7:"mission";i:3;s:4:"logo";i:4;s:4:"name";i:5;s:17:"node_user_picture";i:6;s:6:"search";i:7;s:6:"slogan";i:8;s:13:"primary_links";i:9;s:15:"secondary_links";}s:10:"screenshot";s:35:"sites/all/themes/rmi/screenshot.png";s:3:"php";s:5:"4.3.5";}'),
('sites/all/modules/menu_token/menu_token.module', 'menu_token', 'module', '', 1, 0, 0, 6000, 0, 'a:9:{s:4:"name";s:10:"Menu Token";s:11:"description";s:37:"Provides tokens in menu items(links).";s:12:"dependencies";a:1:{i:0;s:5:"token";}s:4:"core";s:3:"6.x";s:7:"version";s:14:"6.x-1.0-alpha2";s:7:"project";s:10:"menu_token";s:9:"datestamp";s:10:"1307952721";s:10:"dependents";a:0:{}s:3:"php";s:5:"4.3.5";}'),
('sites/all/modules/pathauto/pathauto.module', 'pathauto', 'module', '', 1, 0, 0, 7, 1, 'a:10:{s:4:"name";s:8:"Pathauto";s:11:"description";s:95:"Provides a mechanism for modules to automatically generate aliases for the content they manage.";s:12:"dependencies";a:2:{i:0;s:4:"path";i:1;s:5:"token";}s:4:"core";s:3:"6.x";s:10:"recommends";a:1:{i:0;s:13:"path_redirect";}s:7:"version";s:7:"6.x-1.6";s:7:"project";s:8:"pathauto";s:9:"datestamp";s:10:"1320076535";s:10:"dependents";a:0:{}s:3:"php";s:5:"4.3.5";}'),
('sites/all/modules/token/token.module', 'token', 'module', '', 1, 0, 0, 1, 10, 'a:9:{s:4:"name";s:5:"Token";s:11:"description";s:79:"Provides a shared API for replacement of textual placeholders with actual data.";s:4:"core";s:3:"6.x";s:7:"version";s:8:"6.x-1.18";s:7:"project";s:5:"token";s:9:"datestamp";s:10:"1320336935";s:12:"dependencies";a:0:{}s:10:"dependents";a:0:{}s:3:"php";s:5:"4.3.5";}'),
('sites/all/modules/token/tokenSTARTER.module', 'tokenSTARTER', 'module', '', 0, 0, 0, -1, 0, 'a:9:{s:4:"name";s:12:"TokenSTARTER";s:11:"description";s:72:"Provides additional tokens and a base on which to build your own tokens.";s:12:"dependencies";a:1:{i:0;s:5:"token";}s:4:"core";s:3:"6.x";s:7:"version";s:8:"6.x-1.18";s:7:"project";s:5:"token";s:9:"datestamp";s:10:"1320336935";s:10:"dependents";a:0:{}s:3:"php";s:5:"4.3.5";}'),
('sites/all/modules/token/token_actions.module', 'token_actions', 'module', '', 0, 0, 0, -1, 0, 'a:9:{s:4:"name";s:13:"Token actions";s:11:"description";s:73:"Provides enhanced versions of core Drupal actions using the Token module.";s:12:"dependencies";a:1:{i:0;s:5:"token";}s:4:"core";s:3:"6.x";s:7:"version";s:8:"6.x-1.18";s:7:"project";s:5:"token";s:9:"datestamp";s:10:"1320336935";s:10:"dependents";a:0:{}s:3:"php";s:5:"4.3.5";}'),
('sites/all/modules/token/tests/token_test.module', 'token_test', 'module', '', 0, 0, 0, -1, 0, 'a:12:{s:4:"name";s:10:"Token Test";s:11:"description";s:39:"Testing module for token functionality.";s:7:"package";s:7:"Testing";s:4:"core";s:3:"6.x";s:5:"files";a:1:{i:0;s:17:"token_test.module";}s:6:"hidden";b:1;s:7:"version";s:8:"6.x-1.18";s:7:"project";s:5:"token";s:9:"datestamp";s:10:"1320336935";s:12:"dependencies";a:0:{}s:10:"dependents";a:0:{}s:3:"php";s:5:"4.3.5";}'),
('sites/all/modules/chgpwd/chgpwd.module', 'chgpwd', 'module', '', 1, 0, 0, 6200, 100, 'a:9:{s:4:"name";s:15:"Change password";s:11:"description";s:40:"provides separate change password screen";s:4:"core";s:3:"6.x";s:7:"version";s:11:"6.x-2.x-dev";s:7:"project";s:6:"chgpwd";s:9:"datestamp";s:10:"1328141533";s:12:"dependencies";a:0:{}s:10:"dependents";a:0:{}s:3:"php";s:5:"4.3.5";}'),
('sites/all/modules/custom_modules/contacts/contacts.module', 'contacts', 'module', '', 1, 0, 0, 0, 0, 'a:10:{s:4:"name";s:8:"Contacts";s:11:"description";s:56:"Customization in contacts of the user and their sharing.";s:4:"core";s:3:"6.x";s:7:"package";s:6:"Custom";s:3:"php";s:3:"5.1";s:7:"version";s:8:"6.x-3.18";s:7:"project";s:6:"Custom";s:9:"datestamp";s:10:"1344500002";s:12:"dependencies";a:0:{}s:10:"dependents";a:0:{}}'),
('sites/all/modules/content_access/content_access.module', 'content_access', 'module', '', 1, 0, 0, 6001, 0, 'a:10:{s:4:"name";s:14:"Content Access";s:11:"description";s:40:"Provides flexible content access control";s:7:"package";s:14:"Access control";s:4:"core";s:3:"6.x";s:7:"version";s:7:"6.x-1.2";s:7:"project";s:14:"content_access";s:9:"datestamp";s:10:"1249035332";s:12:"dependencies";a:0:{}s:10:"dependents";a:0:{}s:3:"php";s:5:"4.3.5";}'),
('sites/all/modules/colorbox/colorbox.module', 'colorbox', 'module', '', 1, 0, 0, 6001, 0, 'a:9:{s:4:"name";s:8:"Colorbox";s:11:"description";s:72:"A light-weight, customizable lightbox plugin for jQuery 1.3 through 1.6.";s:4:"core";s:3:"6.x";s:12:"dependencies";a:1:{i:0;s:13:"jquery_update";}s:7:"version";s:7:"6.x-1.2";s:7:"project";s:8:"colorbox";s:9:"datestamp";s:10:"1334081746";s:10:"dependents";a:0:{}s:3:"php";s:5:"4.3.5";}'),
('sites/all/modules/jquery_update/jquery_update.module', 'jquery_update', 'module', '', 1, 0, 0, 6200, 99, 'a:10:{s:4:"name";s:13:"jQuery Update";s:11:"description";s:51:"Updates Drupal to use the latest version of jQuery.";s:7:"package";s:14:"User interface";s:4:"core";s:3:"6.x";s:7:"version";s:14:"6.x-2.0-alpha1";s:7:"project";s:13:"jquery_update";s:9:"datestamp";s:10:"1272041110";s:12:"dependencies";a:0:{}s:10:"dependents";a:0:{}s:3:"php";s:5:"4.3.5";}');

-- --------------------------------------------------------

--
-- Table structure for table `term_data`
--

CREATE TABLE IF NOT EXISTS `term_data` (
  `tid` int(10) unsigned NOT NULL AUTO_INCREMENT,
  `vid` int(10) unsigned NOT NULL DEFAULT '0',
  `name` varchar(255) NOT NULL DEFAULT '',
  `description` longtext,
  `weight` tinyint(4) NOT NULL DEFAULT '0',
  PRIMARY KEY (`tid`),
  KEY `taxonomy_tree` (`vid`,`weight`,`name`),
  KEY `vid_name` (`vid`,`name`)
) ENGINE=MyISAM DEFAULT CHARSET=utf8 AUTO_INCREMENT=1 ;

--
-- Dumping data for table `term_data`
--


-- --------------------------------------------------------

--
-- Table structure for table `term_hierarchy`
--

CREATE TABLE IF NOT EXISTS `term_hierarchy` (
  `tid` int(10) unsigned NOT NULL DEFAULT '0',
  `parent` int(10) unsigned NOT NULL DEFAULT '0',
  PRIMARY KEY (`tid`,`parent`),
  KEY `parent` (`parent`)
) ENGINE=MyISAM DEFAULT CHARSET=utf8;

--
-- Dumping data for table `term_hierarchy`
--


-- --------------------------------------------------------

--
-- Table structure for table `term_node`
--

CREATE TABLE IF NOT EXISTS `term_node` (
  `nid` int(10) unsigned NOT NULL DEFAULT '0',
  `vid` int(10) unsigned NOT NULL DEFAULT '0',
  `tid` int(10) unsigned NOT NULL DEFAULT '0',
  PRIMARY KEY (`tid`,`vid`),
  KEY `vid` (`vid`),
  KEY `nid` (`nid`)
) ENGINE=MyISAM DEFAULT CHARSET=utf8;

--
-- Dumping data for table `term_node`
--


-- --------------------------------------------------------

--
-- Table structure for table `term_relation`
--

CREATE TABLE IF NOT EXISTS `term_relation` (
  `trid` int(11) NOT NULL AUTO_INCREMENT,
  `tid1` int(10) unsigned NOT NULL DEFAULT '0',
  `tid2` int(10) unsigned NOT NULL DEFAULT '0',
  PRIMARY KEY (`trid`),
  UNIQUE KEY `tid1_tid2` (`tid1`,`tid2`),
  KEY `tid2` (`tid2`)
) ENGINE=MyISAM DEFAULT CHARSET=utf8 AUTO_INCREMENT=1 ;

--
-- Dumping data for table `term_relation`
--


-- --------------------------------------------------------

--
-- Table structure for table `term_synonym`
--

CREATE TABLE IF NOT EXISTS `term_synonym` (
  `tsid` int(11) NOT NULL AUTO_INCREMENT,
  `tid` int(10) unsigned NOT NULL DEFAULT '0',
  `name` varchar(255) NOT NULL DEFAULT '',
  PRIMARY KEY (`tsid`),
  KEY `tid` (`tid`),
  KEY `name_tid` (`name`,`tid`)
) ENGINE=MyISAM DEFAULT CHARSET=utf8 AUTO_INCREMENT=1 ;

--
-- Dumping data for table `term_synonym`
--


-- --------------------------------------------------------

--
-- Table structure for table `url_alias`
--

CREATE TABLE IF NOT EXISTS `url_alias` (
  `pid` int(10) unsigned NOT NULL AUTO_INCREMENT,
  `src` varchar(128) NOT NULL DEFAULT '',
  `dst` varchar(128) NOT NULL DEFAULT '',
  `language` varchar(12) NOT NULL DEFAULT '',
  PRIMARY KEY (`pid`),
  UNIQUE KEY `dst_language_pid` (`dst`,`language`,`pid`),
  KEY `src_language_pid` (`src`,`language`,`pid`)
) ENGINE=MyISAM  DEFAULT CHARSET=utf8 AUTO_INCREMENT=59 ;

--
-- Dumping data for table `url_alias`
--

INSERT INTO `url_alias` (`pid`, `src`, `dst`, `language`) VALUES
(1, 'node/17', 'content/contact-us', ''),
(2, 'node/18', 'content/how-it-works', ''),
(3, 'node/15', 'content/home', ''),
(5, 'node/20', 'content/about-us', ''),
(6, 'node/14', 'content/contact-info', ''),
(19, 'user/100', 'users/muhammadusmabvizteckcom', ''),
(20, 'user/101', 'users/abcom', ''),
(21, 'user/102', 'users/accom', ''),
(22, 'user/103', 'users/muhammadusmanvizteckcom', ''),
(15, 'node/21', 'content/welcome-register-my-info', ''),
(23, 'user/104', 'users/xycom', ''),
(24, 'user/105', 'users/frederickorvillegmailcom', ''),
(25, 'user/106', 'users/atcom', ''),
(26, 'user/107', 'users/ascom', ''),
(27, 'user/108', 'users/zvcom', ''),
(28, 'user/109', 'users/fvcom', ''),
(29, 'user/110', 'users/hvcom', ''),
(30, 'user/111', 'users/tbcom', ''),
(31, 'user/112', 'users/frederickorvillegmailcom-0', ''),
(32, 'user/113', 'users/hellobcom', ''),
(33, 'user/114', 'users/dfccom', ''),
(34, 'user/1', 'users/admin', ''),
(35, 'user/115', 'users/uucom', ''),
(36, 'user/116', 'users/richardtester29gmailcom', ''),
(37, 'user/117', 'users/edwardtester99gmailcom', ''),
(38, 'user/118', 'users/emilybronte248gmailcom', ''),
(39, 'user/119', 'users/aacom', ''),
(40, 'user/120', 'users/cdcom', ''),
(41, 'user/121', 'users/testergmailcom', ''),
(42, 'user/122', 'users/hwehjhsjfcom', ''),
(43, 'user/123', 'users/asdadzfdcom', ''),
(44, 'node/22', 'content/terms', ''),
(45, 'node/23', 'content/privacy-policy', ''),
(47, 'user/125', 'users/test123rtttcom', ''),
(48, 'user/126', 'users/asddsgciom', ''),
(49, 'user/127', 'users/asimammargmailcom', ''),
(50, 'user/128', 'users/aliakram14kyahoocom', ''),
(51, 'user/129', 'users/adnannustseecsgmailcom', ''),
(52, 'user/107', 'users/kousaraslamvizteckcom', ''),
(53, 'user/108', 'users/tennismtravyahoocom', ''),
(54, 'user/109', 'users/frederickorvillegmailcom-1', ''),
(55, 'user/110', 'users/gilinfinitudeinccom', ''),
(56, 'user/111', 'users/avcom', ''),
(57, 'node/24', 'content/access-denied', ''),
(58, 'user/112', 'users/sdgcom', '');

-- --------------------------------------------------------

--
-- Table structure for table `users`
--

CREATE TABLE IF NOT EXISTS `users` (
  `uid` int(10) unsigned NOT NULL AUTO_INCREMENT,
  `name` varchar(60) NOT NULL DEFAULT '',
  `pass` varchar(32) NOT NULL DEFAULT '',
  `mail` varchar(64) DEFAULT '',
  `mode` tinyint(4) NOT NULL DEFAULT '0',
  `sort` tinyint(4) DEFAULT '0',
  `threshold` tinyint(4) DEFAULT '0',
  `theme` varchar(255) NOT NULL DEFAULT '',
  `signature` varchar(255) NOT NULL DEFAULT '',
  `signature_format` smallint(6) NOT NULL DEFAULT '0',
  `created` int(11) NOT NULL DEFAULT '0',
  `access` int(11) NOT NULL DEFAULT '0',
  `login` int(11) NOT NULL DEFAULT '0',
  `status` tinyint(4) NOT NULL DEFAULT '0',
  `timezone` varchar(8) DEFAULT NULL,
  `language` varchar(12) NOT NULL DEFAULT '',
  `picture` varchar(255) NOT NULL DEFAULT '',
  `init` varchar(64) DEFAULT '',
  `data` longtext,
  PRIMARY KEY (`uid`),
  UNIQUE KEY `name` (`name`),
  KEY `access` (`access`),
  KEY `created` (`created`),
  KEY `mail` (`mail`)
) ENGINE=MyISAM  DEFAULT CHARSET=utf8 AUTO_INCREMENT=113 ;

--
-- Dumping data for table `users`
--

INSERT INTO `users` (`uid`, `name`, `pass`, `mail`, `mode`, `sort`, `threshold`, `theme`, `signature`, `signature_format`, `created`, `access`, `login`, `status`, `timezone`, `language`, `picture`, `init`, `data`) VALUES
(0, '', '', '', 0, 0, 0, '', '', 0, 0, 0, 0, 0, NULL, '', '', '', NULL),
(1, 'admin', 'b59c67bf196a4758191e42f76670ceba', 'admin@rmi.com', 0, 0, 0, '', '', 0, 1338534886, 1348663495, 1348663495, 1, '18000', '', '', 'qamar.munir@vizteck.com', 'a:1:{s:13:"form_build_id";s:37:"form-71594644b3e14de0517007910b744a62";}'),
(89, 'New Test', '4b30918a92a0357c73a63de35bc3eec4', 'sdjlkl@fghgh', 0, 0, 0, '', '', 0, 1343819082, 0, 0, 1, '18000', '', '', 'sdjlkl@fghgh', 'a:0:{}'),
(90, 'sat', 'd34ba807e60faca55d734ab9e9e1c5fe', 'asdfdsaf@dfghdhdf', 0, 0, 0, '', '', 0, 1343819172, 0, 0, 1, '18000', '', '', 'asdfdsaf@dfghdhdf', 'a:0:{}'),
(86, 'edward tester', '4124bc0a9335c27f086f24ba207a4912', 'edwardtester99@gmail.com', 0, 0, 0, '', '', 0, 1342610810, 1348748803, 1348745695, 1, '18000', '', '', 'edwardtester99@gmail.com', 'a:1:{s:13:"form_build_id";s:37:"form-c82f4a357e810662f7309a6c71e988bb";}'),
(87, 'emily bronte', '4124bc0a9335c27f086f24ba207a4912', 'emilybronte248@gmail.com', 0, 0, 0, '', '', 0, 1342610869, 1346652179, 1346652179, 1, '18000', '', '', 'emilybronte248@gmail.com', 'a:1:{s:13:"form_build_id";s:37:"form-38edcc9a6f8dafb4a641ab36640a01f2";}'),
(88, 'richard tester', '4124bc0a9335c27f086f24ba207a4912', 'richardtester29@gmail.com', 0, 0, 0, '', '', 0, 1342610914, 1348748884, 1348747817, 1, '18000', '', '', 'richardtester29@gmail.com', 'a:1:{s:13:"form_build_id";s:37:"form-af2be797384422eaeaa1d985de46c816";}'),
(91, 'NewTest', 'f1ebc0fdb059bf147a7e3d8a460bff63', 'muhammad.usman@vizteck.com', 0, 0, 0, '', '', 0, 1343819307, 1343990533, 1343819642, 1, '18000', '', '', 'muhammad.usman@vizteck.com', 'a:0:{}'),
(92, 'zuhaib45', 'c20ad4d76fe97759aa27a0c99bff6710', 'zuhaib.naseer@vizteck.com', 0, 0, 0, '', '', 0, 1343986154, 1344231677, 1343990186, 1, '18000', '', '', 'zuhaib.naseer@vizteck.com', 'a:0:{}'),
(94, 'kamran.khan99', '523af537946b79c4f8369ed39ba78605', 'A@b.com', 0, 0, 0, '', '', 0, 1344234564, 1344249178, 1344247892, 1, '18000', '', '', 'A@b.com', 'a:1:{s:13:"form_build_id";s:37:"form-794f271cf471a7117633b0cab0dcf40f";}'),
(95, 'kami', '0cc175b9c0f1b6a831c399e269772661', 'ab@b.com', 0, 0, 0, '', '', 0, 1344236160, 1344236881, 1344236160, 1, '18000', '', '', 'ab@b.com', 'a:0:{}'),
(96, 'abc', '0cc175b9c0f1b6a831c399e269772661', 'usm_usman@hotmail.com', 0, 0, 0, '', '', 0, 1344249224, 1345031170, 1344249224, 1, '18000', '', '', 'usm_usman@hotmail.com', 'a:0:{}'),
(97, 'tester132', '0e7322608a506703b41275f24b39a7ea', 'tester132@RT.COM', 0, 0, 0, '', '', 0, 1344251189, 1344251189, 1344251189, 1, '18000', '', '', 'tester132@RT.COM', 'a:0:{}'),
(98, 'dsareen@tekyz.com', '81dc9bdb52d04dc20036dbd8313ed055', 'dsareen@tekyz.com', 0, 0, 0, '', '', 0, 1344254120, 1344254120, 0, 1, '18000', '', '', 'dsareen@tekyz.com', 'a:0:{}'),
(101, 'a@a.com', '0cc175b9c0f1b6a831c399e269772661', 'a@a.com', 0, 0, 0, '', '', 0, 1345006444, 1345006444, 0, 1, '18000', '', '', 'a@a.com', 'a:0:{}'),
(100, 'gil_ortega@msn.com', '5466858c9e4010c3e8add21d56ef50a9', 'gil_ortega@msn.com', 0, 0, 0, '', '', 0, 1344449071, 1347137188, 1347137188, 1, '18000', '', '', 'gil_ortega@msn.com', 'a:0:{}'),
(102, 'test@gmail.com', '0cc175b9c0f1b6a831c399e269772661', 'test@gmail.com', 0, 0, 0, '', '', 0, 1345186421, 1348748257, 1348662372, 1, '18000', '', '', 'test@gmail.com', 'a:0:{}'),
(103, 'maria@tekyz.com', '1dfb6b98aef3416e03d50fd2fb525600', 'maria@tekyz.com', 0, 0, 0, '', '', 0, 1345472777, 1347248296, 1347052603, 1, '18000', '', '', 'maria@tekyz.com', 'a:0:{}'),
(104, 'a@d.com', '0cc175b9c0f1b6a831c399e269772661', 'a@d.com', 0, 0, 0, '', '', 0, 1346393799, 1346393799, 0, 1, '18000', '', '', 'a@d.com', 'a:0:{}'),
(105, 't@test.com', 'c4ca4238a0b923820dcc509a6f75849b', 't@test.com', 0, 0, 0, '', '', 0, 1346399348, 1346399348, 0, 1, '18000', '', '', 't@test.com', 'a:0:{}'),
(106, 'a@test.com', '0cc175b9c0f1b6a831c399e269772661', 'a@test.com', 0, 0, 0, '', '', 0, 1346409781, 1346409781, 0, 1, '18000', '', '', 'a@test.com', 'a:0:{}'),
(107, 'kousar.aslam@vizteck.com', '0cc175b9c0f1b6a831c399e269772661', 'kousar.aslam@vizteck.com', 0, 0, 0, '', '', 0, 1346676671, 1346820668, 1346676671, 1, '18000', '', '', 'kousar.aslam@vizteck.com', 'a:0:{}'),
(108, 'Tennismtrav@yahoo.com', '1dfb6b98aef3416e03d50fd2fb525600', 'Tennismtrav@yahoo.com', 0, 0, 0, '', '', 0, 1346704540, 1346704540, 1346704540, 1, '-25200', '', '', 'Tennismtrav@yahoo.com', 'a:0:{}'),
(109, 'frederickorville@gmail.com', 'b59c67bf196a4758191e42f76670ceba', 'frederickorville@gmail.com', 0, 0, 0, '', '', 0, 1346738059, 1347348779, 1347348779, 1, '18000', '', '', 'frederickorville@gmail.com', 'a:0:{}'),
(110, 'gil@infinitudeinc.com', '5466858c9e4010c3e8add21d56ef50a9', 'gil@infinitudeinc.com', 0, 0, 0, '', '', 0, 1347135924, 1347136867, 1347135924, 1, '-25200', '', '', 'gil@infinitudeinc.com', 'a:0:{}'),
(111, 'a@v.com', '0cc175b9c0f1b6a831c399e269772661', 'a@v.com', 0, 0, 0, '', '', 0, 1347362210, 1347362210, 0, 1, '18000', '', '', 'a@v.com', 'a:0:{}'),
(112, 's@dg.com', '4124bc0a9335c27f086f24ba207a4912', 's@dg.com', 0, 0, 0, '', '', 0, 1348117263, 1348126289, 1348117263, 1, '18000', '', '', 's@dg.com', 'a:2:{s:8:"old_pass";s:1:"a";s:13:"form_build_id";s:37:"form-417799a0fc35d8e64efd55024fe7d2c3";}');

-- --------------------------------------------------------

--
-- Table structure for table `users_roles`
--

CREATE TABLE IF NOT EXISTS `users_roles` (
  `uid` int(10) unsigned NOT NULL DEFAULT '0',
  `rid` int(10) unsigned NOT NULL DEFAULT '0',
  PRIMARY KEY (`uid`,`rid`),
  KEY `rid` (`rid`)
) ENGINE=MyISAM DEFAULT CHARSET=utf8;

--
-- Dumping data for table `users_roles`
--


-- --------------------------------------------------------

--
-- Table structure for table `variable`
--

CREATE TABLE IF NOT EXISTS `variable` (
  `name` varchar(128) NOT NULL DEFAULT '',
  `value` longtext NOT NULL,
  PRIMARY KEY (`name`)
) ENGINE=MyISAM DEFAULT CHARSET=utf8;

--
-- Dumping data for table `variable`
--

INSERT INTO `variable` (`name`, `value`) VALUES
('theme_default', 's:3:"rmi";'),
('filter_html_1', 'i:1;'),
('node_options_forum', 'a:1:{i:0;s:6:"status";}'),
('drupal_private_key', 's:64:"5d4c2b2f16f256d866d6186c5985e30cd86d601826ad50bf1a914a3058b688a5";'),
('menu_masks', 'a:26:{i:0;i:120;i:1;i:92;i:2;i:90;i:3;i:62;i:4;i:61;i:5;i:59;i:6;i:46;i:7;i:45;i:8;i:31;i:9;i:30;i:10;i:29;i:11;i:28;i:12;i:24;i:13;i:22;i:14;i:21;i:15;i:15;i:16;i:14;i:17;i:12;i:18;i:11;i:19;i:10;i:20;i:7;i:21;i:6;i:22;i:5;i:23;i:3;i:24;i:2;i:25;i:1;}'),
('install_task', 's:4:"done";'),
('menu_expanded', 'a:0:{}'),
('site_name', 's:16:"Register My Info";'),
('site_mail', 's:12:"info@rmi.com";'),
('date_default_timezone', 's:5:"18000";'),
('user_email_verification', 'i:0;'),
('clean_url', 's:1:"1";'),
('install_time', 'i:1338534937;'),
('node_options_page', 'a:1:{i:0;s:6:"status";}'),
('comment_page', 'i:0;'),
('theme_settings', 'a:1:{s:21:"toggle_node_info_page";b:0;}'),
('drupal_http_request_fails', 'b:0;'),
('css_js_query_string', 's:20:"EJ5vaeIUfiMOFxLADTz3";'),
('install_profile', 's:7:"default";'),
('update_last_check', 'i:1348578849;'),
('file_directory_temp', 's:11:"E:/wamp/tmp";'),
('javascript_parsed', 'a:0:{}'),
('cron_last', 'i:1339510898;'),
('webform_addmore_1', 'a:6:{s:5:"label";s:8:"Add More";s:0:"";i:0;i:5;i:1;i:4;N;i:7;i:1;i:16;N;}'),
('services_use_content_permissions', 'i:1;'),
('imagefield_thumb_size', 's:5:"66x47";'),
('site_slogan', 's:0:"";'),
('site_mission', 's:0:"";'),
('site_footer', 's:134:"<ul>\r\n<li class="first"><a href="/rmi/content/privacy-policy">Privacy</a></li>\r\n<li><a href="/rmi/content/terms">Terms</a></li>\r\n</ul>";'),
('anonymous', 's:9:"Anonymous";'),
('site_frontpage', 's:7:"node/15";'),
('update_check_frequency', 's:1:"7";'),
('update_notification_threshold', 's:3:"all";'),
('logintoboggan_login_with_email', 's:1:"1";'),
('logintoboggan_confirm_email_at_registration', 's:1:"0";'),
('logintoboggan_pre_auth_role', 's:1:"2";'),
('logintoboggan_purge_unvalidated_user_interval', 's:1:"0";'),
('logintoboggan_immediate_login_on_register', 'i:1;'),
('logintoboggan_redirect_on_register', 's:0:"";'),
('logintoboggan_redirect_on_confirm', 's:0:"";'),
('logintoboggan_override_destination_parameter', 'i:1;'),
('site_403', 's:0:"";'),
('logintoboggan_login_successful_message', 's:1:"0";'),
('logintoboggan_minimum_password_length', 's:1:"0";'),
('pathauto_modulelist', 'a:3:{i:0;s:4:"node";i:1;s:4:"user";i:2;s:8:"taxonomy";}'),
('pathauto_taxonomy_supportsfeeds', 's:6:"0/feed";'),
('pathauto_taxonomy_pattern', 's:34:"category/[vocab-raw]/[catpath-raw]";'),
('pathauto_taxonomy_bulkupdate', 'b:0;'),
('pathauto_taxonomy_applytofeeds', 'b:0;'),
('pathauto_taxonomy_2_pattern', 's:0:"";'),
('pathauto_taxonomy_1_pattern', 's:0:"";'),
('pathauto_ignore_words', 's:108:"a,an,as,at,before,but,by,for,from,is,in,into,like,of,off,on,onto,per,since,than,the,this,that,to,up,via,with";'),
('pathauto_indexaliases', 'b:0;'),
('pathauto_indexaliases_bulkupdate', 'b:0;'),
('pathauto_max_component_length', 's:3:"100";'),
('pathauto_max_length', 's:3:"100";'),
('pathauto_node_bulkupdate', 'b:0;'),
('pathauto_node_forum_pattern', 's:0:"";'),
('pathauto_node_image_pattern', 's:0:"";'),
('pathauto_node_page_pattern', 's:0:"";'),
('pathauto_node_pattern', 's:19:"content/[title-raw]";'),
('pathauto_node_story_pattern', 's:0:"";'),
('pathauto_punctuation_quotes', 'i:0;'),
('pathauto_separator', 's:1:"-";'),
('pathauto_update_action', 's:1:"2";'),
('pathauto_user_bulkupdate', 'b:0;'),
('pathauto_user_pattern', 's:16:"users/[user-raw]";'),
('pathauto_user_supportsfeeds', 'N;'),
('pathauto_verbose', 'b:0;'),
('pathauto_node_applytofeeds', 's:0:"";'),
('pathauto_punctuation_hyphen', 'i:1;'),
('admin_theme', 's:7:"garland";'),
('node_admin_theme', 'i:1;'),
('change_password_tab_url', 's:6:"chgpwd";'),
('user_register', 's:1:"1";'),
('user_registration_help', 's:0:"";'),
('user_mail_register_admin_created_subject', 's:52:"An administrator created an account for you at !site";'),
('user_mail_register_admin_created_body', 's:468:"!username,\r\n\r\nA site administrator at !site has created an account for you. You may now log in to !login_uri using the following username and password:\r\n\r\nusername: !username\r\npassword: !password\r\n\r\nYou may also log in by clicking on this link or copying and pasting it in your browser:\r\n\r\n!login_url\r\n\r\nThis is a one-time login, so it can be used only once.\r\n\r\nAfter logging in, you will be redirected to !edit_uri so you can change your password.\r\n\r\n\r\n--  !site team";'),
('user_mail_register_no_approval_required_subject', 's:16:"Welcome to !site";'),
('user_mail_register_no_approval_required_body', 's:102:"Dear !profile_first_name !profile_last_name,\r\n\r\nThank you for registering at !site. \r\n\r\n--  !site team";'),
('configurable_timezones', 's:1:"1";'),
('date_first_day', 's:1:"0";'),
('date_format_short', 's:5:"m-d-Y";'),
('date_format_short_custom', 's:5:"m-d-Y";'),
('user_mail_register_pending_approval_subject', 's:63:"Account details for !username at !site (pending admin approval)";'),
('user_mail_register_pending_approval_body', 's:273:"!username,\r\n\r\nThank you for registering at !site. Your application for an account is currently pending approval. Once it has been approved, you will receive another e-mail containing information about how to log in, set your password, and other details.\r\n\r\n\r\n--  !site team";'),
('user_mail_password_reset_subject', 's:52:"Replacement login information for !username at !site";'),
('user_mail_password_reset_body', 's:419:"!username,\r\n\r\nA request to reset the password for your account has been made at !site.\r\n\r\nYou may now log in to !uri_brief by clicking on this link or copying and pasting it in your browser:\r\n\r\n!login_url\r\n\r\nThis is a one-time login, so it can be used only once. It expires after one day and nothing will happen if it''s not used.\r\n\r\nAfter logging in, you will be redirected to !edit_uri so you can change your password.";'),
('user_mail_status_activated_notify', 'i:1;'),
('user_mail_status_activated_subject', 's:49:"Account details for !username at !site (approved)";'),
('user_mail_status_activated_body', 's:434:"!username,\r\n\r\nYour account at !site has been activated.\r\n\r\nYou may now log in by clicking on this link or copying and pasting it in your browser:\r\n\r\n!login_url\r\n\r\nThis is a one-time login, so it can be used only once.\r\n\r\nAfter logging in, you will be redirected to !edit_uri so you can change your password.\r\n\r\nOnce you have set your own password, you will be able to log in to !login_uri in the future using:\r\n\r\nusername: !username\r\n";'),
('user_mail_status_blocked_notify', 'i:0;'),
('user_mail_status_blocked_subject', 's:48:"Account details for !username at !site (blocked)";'),
('user_mail_status_blocked_body', 's:53:"!username,\r\n\r\nYour account on !site has been blocked.";'),
('user_mail_status_deleted_notify', 'i:0;'),
('user_mail_status_deleted_subject', 's:48:"Account details for !username at !site (deleted)";'),
('user_mail_status_deleted_body', 's:53:"!username,\r\n\r\nYour account on !site has been deleted.";'),
('user_signatures', 's:1:"0";'),
('user_pictures', 's:1:"0";'),
('user_picture_path', 's:8:"pictures";'),
('user_picture_default', 's:0:"";'),
('user_picture_dimensions', 's:5:"85x85";'),
('user_picture_file_size', 's:2:"30";'),
('user_picture_guidelines', 's:0:"";'),
('date_format_medium', 's:14:"D, m/d/Y - H:i";'),
('date_format_medium_custom', 's:14:"D, m/d/Y - H:i";'),
('date_format_long', 's:15:"l, F j, Y - H:i";'),
('date_format_long_custom', 's:15:"l, F j, Y - H:i";'),
('content_access_settings', 'a:4:{s:4:"view";a:1:{s:7:"webform";a:1:{i:0;i:2;}}s:8:"view_own";a:1:{s:7:"webform";a:2:{i:0;i:1;i:1;i:2;}}s:8:"per_node";a:1:{s:7:"webform";i:0;}s:8:"priority";a:1:{s:7:"webform";s:1:"0";}}'),
('colorbox_path', 's:28:"sites/all/libraries/colorbox";'),
('colorbox_compression_type', 's:3:"min";'),
('colorbox_login', 'i:0;'),
('colorbox_login_links', 's:1:"0";'),
('colorbox_load', 'i:1;'),
('colorbox_inline', 'i:0;'),
('colorbox_style', 's:7:"default";'),
('colorbox_custom_settings_activate', 's:1:"0";'),
('colorbox_transition_type', 's:7:"elastic";'),
('colorbox_transition_speed', 's:3:"350";'),
('colorbox_opacity', 's:4:"0.90";'),
('colorbox_text_current', 's:20:"{current} of {total}";'),
('colorbox_text_previous', 's:7:" Prev";'),
('colorbox_text_next', 's:7:"Next ";'),
('colorbox_text_close', 's:5:"Close";'),
('colorbox_overlayclose', 'i:1;'),
('colorbox_maxwidth', 's:4:"100%";'),
('colorbox_maxheight', 's:4:"100%";'),
('colorbox_slideshow', 's:1:"0";'),
('colorbox_slideshowauto', 'i:1;'),
('colorbox_slideshowspeed', 's:4:"2500";'),
('colorbox_text_start', 's:15:"start slideshow";'),
('colorbox_text_stop', 's:14:"stop slideshow";'),
('colorbox_title_trim', 's:1:"0";'),
('colorbox_title_trim_length', 's:2:"75";'),
('colorbox_pages', 's:51:"admin*\r\nimg_assist*\r\nimce*\r\nnode/add/*\r\nnode/*/edit";'),
('jquery_update_replace', 'b:1;');

-- --------------------------------------------------------

--
-- Table structure for table `vocabulary`
--

CREATE TABLE IF NOT EXISTS `vocabulary` (
  `vid` int(10) unsigned NOT NULL AUTO_INCREMENT,
  `name` varchar(255) NOT NULL DEFAULT '',
  `description` longtext,
  `help` varchar(255) NOT NULL DEFAULT '',
  `relations` tinyint(3) unsigned NOT NULL DEFAULT '0',
  `hierarchy` tinyint(3) unsigned NOT NULL DEFAULT '0',
  `multiple` tinyint(3) unsigned NOT NULL DEFAULT '0',
  `required` tinyint(3) unsigned NOT NULL DEFAULT '0',
  `tags` tinyint(3) unsigned NOT NULL DEFAULT '0',
  `module` varchar(255) NOT NULL DEFAULT '',
  `weight` tinyint(4) NOT NULL DEFAULT '0',
  PRIMARY KEY (`vid`),
  KEY `list` (`weight`,`name`)
) ENGINE=MyISAM DEFAULT CHARSET=utf8 AUTO_INCREMENT=1 ;

--
-- Dumping data for table `vocabulary`
--


-- --------------------------------------------------------

--
-- Table structure for table `vocabulary_node_types`
--

CREATE TABLE IF NOT EXISTS `vocabulary_node_types` (
  `vid` int(10) unsigned NOT NULL DEFAULT '0',
  `type` varchar(32) NOT NULL DEFAULT '',
  PRIMARY KEY (`type`,`vid`),
  KEY `vid` (`vid`)
) ENGINE=MyISAM DEFAULT CHARSET=utf8;

--
-- Dumping data for table `vocabulary_node_types`
--


-- --------------------------------------------------------

--
-- Table structure for table `watchdog`
--

CREATE TABLE IF NOT EXISTS `watchdog` (
  `wid` int(11) NOT NULL AUTO_INCREMENT,
  `uid` int(11) NOT NULL DEFAULT '0',
  `type` varchar(16) NOT NULL DEFAULT '',
  `message` longtext NOT NULL,
  `variables` longtext NOT NULL,
  `severity` tinyint(3) unsigned NOT NULL DEFAULT '0',
  `link` varchar(255) NOT NULL DEFAULT '',
  `location` text NOT NULL,
  `referer` text,
  `hostname` varchar(128) NOT NULL DEFAULT '',
  `timestamp` int(11) NOT NULL DEFAULT '0',
  PRIMARY KEY (`wid`),
  KEY `type` (`type`)
) ENGINE=MyISAM DEFAULT CHARSET=utf8 AUTO_INCREMENT=1 ;

--
-- Dumping data for table `watchdog`
--


-- --------------------------------------------------------

--
-- Table structure for table `webform`
--

CREATE TABLE IF NOT EXISTS `webform` (
  `nid` int(10) unsigned NOT NULL,
  `confirmation` text NOT NULL,
  `confirmation_format` tinyint(4) NOT NULL DEFAULT '0',
  `redirect_url` varchar(255) DEFAULT '<confirmation>',
  `status` tinyint(4) NOT NULL DEFAULT '1',
  `block` tinyint(4) NOT NULL DEFAULT '0',
  `teaser` tinyint(4) NOT NULL DEFAULT '0',
  `allow_draft` tinyint(4) NOT NULL DEFAULT '0',
  `auto_save` tinyint(4) NOT NULL DEFAULT '0',
  `submit_notice` tinyint(4) NOT NULL DEFAULT '1',
  `submit_text` varchar(255) DEFAULT NULL,
  `submit_limit` tinyint(4) NOT NULL DEFAULT '-1',
  `submit_interval` int(11) NOT NULL DEFAULT '-1',
  `total_submit_limit` int(11) NOT NULL DEFAULT '-1',
  `total_submit_interval` int(11) NOT NULL DEFAULT '-1',
  PRIMARY KEY (`nid`)
) ENGINE=MyISAM DEFAULT CHARSET=utf8;

--
-- Dumping data for table `webform`
--

INSERT INTO `webform` (`nid`, `confirmation`, `confirmation_format`, `redirect_url`, `status`, `block`, `teaser`, `allow_draft`, `auto_save`, `submit_notice`, `submit_text`, `submit_limit`, `submit_interval`, `total_submit_limit`, `total_submit_interval`) VALUES
(14, '', 1, '<confirmation>', 1, 0, 0, 0, 0, 1, '', -1, -1, -1, -1),
(2, '', 1, '<confirmation>', 1, 0, 0, 0, 0, 1, '', -1, -1, -1, -1),
(3, '', 1, '<confirmation>', 1, 0, 0, 0, 0, 1, '', -1, -1, -1, -1),
(4, '', 1, '<confirmation>', 1, 0, 0, 0, 0, 1, '', -1, -1, -1, -1),
(5, '', 1, '<confirmation>', 1, 0, 0, 0, 0, 1, '', -1, -1, -1, -1),
(6, '', 1, '<confirmation>', 1, 0, 0, 0, 0, 1, '', -1, -1, -1, -1),
(7, '', 1, '<confirmation>', 1, 0, 0, 0, 0, 1, '', -1, -1, -1, -1),
(8, '', 1, '<confirmation>', 1, 0, 0, 0, 0, 1, '', -1, -1, -1, -1),
(9, '', 1, '<confirmation>', 1, 0, 0, 0, 0, 1, '', -1, -1, -1, -1),
(10, '', 1, '<confirmation>', 1, 0, 0, 0, 0, 1, '', -1, -1, -1, -1),
(11, '', 1, '<confirmation>', 1, 0, 0, 0, 0, 1, '', -1, -1, -1, -1),
(12, '', 1, '<confirmation>', 1, 0, 0, 0, 0, 1, '', -1, -1, -1, -1),
(13, '', 1, '<confirmation>', 1, 0, 0, 0, 0, 1, '', -1, -1, -1, -1);

-- --------------------------------------------------------

--
-- Table structure for table `webform_addmore`
--

CREATE TABLE IF NOT EXISTS `webform_addmore` (
  `id` int(10) unsigned NOT NULL AUTO_INCREMENT,
  `nid` int(11) NOT NULL DEFAULT '0',
  `fieldset_cid` int(11) NOT NULL DEFAULT '0',
  `fieldset_form_key` varchar(255) NOT NULL DEFAULT '',
  `fieldset_name` varchar(255) NOT NULL DEFAULT '',
  `sub_fieldset_cid` int(11) NOT NULL DEFAULT '0',
  `sub_fieldset_form_key` varchar(255) NOT NULL DEFAULT '',
  PRIMARY KEY (`id`)
) ENGINE=MyISAM  DEFAULT CHARSET=utf8 AUTO_INCREMENT=50 ;

--
-- Dumping data for table `webform_addmore`
--

INSERT INTO `webform_addmore` (`id`, `nid`, `fieldset_cid`, `fieldset_form_key`, `fieldset_name`, `sub_fieldset_cid`, `sub_fieldset_form_key`) VALUES
(12, 1, 1, 'information', 'Telephone', 2, 'info'),
(3, 1, 13, 'mail_address', 'Mail Address', 14, 'info'),
(28, 3, 1, 'bank_account', 'Bank Account', 2, 'info'),
(14, 3, 5, 'credit___debit_cards', 'Credit / Debit Cards', 6, 'info'),
(15, 3, 11, 'credit_score', 'Credit Score', 12, 'info'),
(16, 3, 15, 'loans', 'Loans', 16, 'info'),
(17, 4, 7, 'letters_of_recommendation', 'Letters of recommendation', 11, 'info'),
(18, 5, 10, 'implants', 'Implants', 11, 'info'),
(19, 5, 6, 'surgeries', 'Surgeries', 7, 'info'),
(20, 14, 4, 'telephone', 'Telephone ', 5, 'info');

-- --------------------------------------------------------

--
-- Table structure for table `webform_component`
--

CREATE TABLE IF NOT EXISTS `webform_component` (
  `nid` int(10) unsigned NOT NULL DEFAULT '0',
  `cid` smallint(5) unsigned NOT NULL DEFAULT '0',
  `pid` smallint(5) unsigned NOT NULL DEFAULT '0',
  `form_key` varchar(128) DEFAULT NULL,
  `name` varchar(255) DEFAULT NULL,
  `type` varchar(16) DEFAULT NULL,
  `value` text NOT NULL,
  `extra` text NOT NULL,
  `mandatory` tinyint(4) NOT NULL DEFAULT '0',
  `weight` smallint(6) NOT NULL DEFAULT '0',
  PRIMARY KEY (`nid`,`cid`)
) ENGINE=MyISAM DEFAULT CHARSET=utf8;

--
-- Dumping data for table `webform_component`
--

INSERT INTO `webform_component` (`nid`, `cid`, `pid`, `form_key`, `name`, `type`, `value`, `extra`, `mandatory`, `weight`) VALUES
(14, 5, 4, 'info', 'Info', 'fieldset', '', 'a:5:{s:13:"title_display";i:0;s:7:"private";i:0;s:11:"collapsible";i:0;s:9:"collapsed";i:0;s:20:"conditional_operator";s:1:"=";}', 0, 4),
(14, 6, 5, 'type', 'Type', 'select', '', 'a:7:{s:5:"items";s:35:"Cell|Cell\r\nHome|Home\r\nOffice|Office";s:8:"multiple";i:0;s:13:"title_display";s:6:"before";s:7:"private";i:0;s:6:"aslist";i:1;s:7:"optrand";i:0;s:20:"conditional_operator";s:1:"=";}', 0, 5),
(14, 3, 0, 'email_address', 'Email address', 'email', '', 'a:5:{s:13:"title_display";s:6:"before";s:7:"private";i:0;s:8:"disabled";i:0;s:6:"unique";i:0;s:20:"conditional_operator";s:1:"=";}', 0, 2),
(14, 4, 0, 'telephone', 'Telephone ', 'fieldset', '', 'a:5:{s:13:"title_display";i:0;s:7:"private";i:0;s:11:"collapsible";i:0;s:9:"collapsed";i:0;s:20:"conditional_operator";s:1:"=";}', 0, 3),
(14, 1, 0, 'name', 'Name', 'textfield', '', 'a:5:{s:13:"title_display";s:6:"before";s:7:"private";i:0;s:8:"disabled";i:0;s:6:"unique";i:0;s:20:"conditional_operator";s:1:"=";}', 0, 0),
(14, 2, 0, 'address', 'Address', 'textarea', '', 'a:5:{s:13:"title_display";i:0;s:7:"private";i:0;s:9:"resizable";i:1;s:8:"disabled";i:0;s:20:"conditional_operator";s:1:"=";}', 0, 1),
(2, 1, 0, 'dob', 'DOB', 'date', '', 'a:8:{s:8:"timezone";s:4:"user";s:13:"title_display";s:6:"before";s:7:"private";i:0;s:10:"datepicker";i:1;s:14:"year_textfield";i:0;s:10:"start_date";s:10:"Jan 1 1970";s:8:"end_date";s:11:"Dec 31 2011";s:20:"conditional_operator";s:1:"=";}', 0, 0),
(2, 2, 0, 'ssn', 'SSN', 'ssn', '', 'a:6:{s:4:"mask";i:0;s:13:"title_display";s:4:"none";s:7:"private";i:0;s:8:"disabled";i:0;s:6:"unique";i:0;s:20:"conditional_operator";s:1:"=";}', 0, 1),
(3, 1, 0, 'bank_account', 'Bank Account', 'fieldset', '', 'a:5:{s:13:"title_display";i:0;s:7:"private";i:0;s:11:"collapsible";i:0;s:9:"collapsed";i:0;s:20:"conditional_operator";s:1:"=";}', 0, 0),
(3, 2, 1, 'info', 'Info', 'fieldset', '', 'a:5:{s:13:"title_display";i:0;s:7:"private";i:0;s:11:"collapsible";i:0;s:9:"collapsed";i:0;s:20:"conditional_operator";s:1:"=";}', 0, 1),
(3, 3, 2, 'account_type_bank', 'Account Type', 'select', '', 'a:7:{s:5:"items";s:73:"Checking|Checking \r\nSavings|Savings\r\nRetirement |Retirement \r\nOther|Other";s:8:"multiple";i:0;s:13:"title_display";s:6:"before";s:7:"private";i:0;s:6:"aslist";i:1;s:7:"optrand";i:0;s:20:"conditional_operator";s:1:"=";}', 0, 2),
(3, 4, 2, 'account_number_bank', 'Account #', 'textfield', '', 'a:5:{s:13:"title_display";s:6:"before";s:7:"private";i:0;s:8:"disabled";i:0;s:6:"unique";i:0;s:20:"conditional_operator";s:1:"=";}', 0, 3),
(3, 5, 0, 'credit___debit_cards', 'Credit / Debit Cards', 'fieldset', '', 'a:5:{s:13:"title_display";i:0;s:7:"private";i:0;s:11:"collapsible";i:0;s:9:"collapsed";i:0;s:20:"conditional_operator";s:1:"=";}', 0, 4),
(3, 8, 6, 'account_type', 'Account Type', 'select', '', 'a:7:{s:5:"items";s:86:"MasterCard|MasterCard\r\nVISA|VISA\r\nAmerican Express|American Express\r\nDiscover|Discover";s:8:"multiple";i:0;s:13:"title_display";s:6:"before";s:7:"private";i:0;s:6:"aslist";i:1;s:7:"optrand";i:0;s:20:"conditional_operator";s:1:"=";}', 0, 7),
(3, 6, 5, 'info', 'Info', 'fieldset', '', 'a:5:{s:13:"title_display";i:0;s:7:"private";i:0;s:11:"collapsible";i:0;s:9:"collapsed";i:0;s:20:"conditional_operator";s:1:"=";}', 0, 5),
(3, 7, 6, 'expiration_code', 'Expiration Code', 'date', '', 'a:11:{s:8:"timezone";s:4:"user";s:13:"title_display";s:6:"before";s:7:"private";i:0;s:10:"datepicker";i:1;s:14:"year_textfield";i:0;s:10:"start_date";s:10:"Jan 1 1970";s:8:"end_date";s:11:"Dec 31 2030";s:20:"conditional_operator";s:1:"=";s:11:"description";s:0:"";s:21:"conditional_component";s:0:"";s:18:"conditional_values";s:0:"";}', 0, 9),
(3, 9, 6, 'account_', 'Account #', 'textfield', '', 'a:13:{s:13:"title_display";s:6:"before";s:7:"private";i:0;s:8:"disabled";i:0;s:6:"unique";i:0;s:20:"conditional_operator";s:1:"=";s:5:"width";s:0:"";s:9:"maxlength";s:0:"";s:12:"field_prefix";s:0:"";s:12:"field_suffix";s:0:"";s:11:"description";s:0:"";s:10:"attributes";a:0:{}s:21:"conditional_component";s:0:"";s:18:"conditional_values";s:0:"";}', 0, 8),
(3, 10, 6, 'pin_number', 'PIN Number', 'textfield', '', 'a:5:{s:13:"title_display";s:6:"before";s:7:"private";i:0;s:8:"disabled";i:0;s:6:"unique";i:0;s:20:"conditional_operator";s:1:"=";}', 0, 10),
(3, 11, 0, 'credit_score', 'Credit Score', 'fieldset', '', 'a:5:{s:13:"title_display";i:0;s:7:"private";i:0;s:11:"collapsible";i:0;s:9:"collapsed";i:0;s:20:"conditional_operator";s:1:"=";}', 0, 11),
(3, 12, 11, 'info', 'Info', 'fieldset', '', 'a:5:{s:13:"title_display";i:0;s:7:"private";i:0;s:11:"collapsible";i:0;s:9:"collapsed";i:0;s:20:"conditional_operator";s:1:"=";}', 0, 12),
(3, 13, 12, 'date_credit', 'Date', 'date', '', 'a:11:{s:8:"timezone";s:4:"user";s:13:"title_display";s:6:"before";s:7:"private";i:0;s:10:"datepicker";i:1;s:14:"year_textfield";i:0;s:10:"start_date";s:10:"Jan 1 1970";s:8:"end_date";s:11:"Dec 31 2030";s:20:"conditional_operator";s:1:"=";s:11:"description";s:0:"";s:21:"conditional_component";s:0:"";s:18:"conditional_values";s:0:"";}', 0, 13),
(3, 14, 12, 'value', 'Value', 'number', '', 'a:19:{s:13:"title_display";s:6:"before";s:7:"private";i:0;s:4:"type";s:9:"textfield";s:8:"decimals";s:0:"";s:9:"separator";s:1:",";s:5:"point";s:1:".";s:6:"unique";i:0;s:7:"integer";i:1;s:20:"conditional_operator";s:1:"=";s:11:"excludezero";i:0;s:12:"field_prefix";s:0:"";s:12:"field_suffix";s:0:"";s:11:"description";s:0:"";s:10:"attributes";a:0:{}s:3:"min";s:0:"";s:3:"max";s:0:"";s:4:"step";s:0:"";s:21:"conditional_component";s:0:"";s:18:"conditional_values";s:0:"";}', 0, 14),
(3, 15, 0, 'loans', 'Loans', 'fieldset', '', 'a:5:{s:13:"title_display";i:0;s:7:"private";i:0;s:11:"collapsible";i:0;s:9:"collapsed";i:0;s:20:"conditional_operator";s:1:"=";}', 0, 15),
(4, 1, 0, 'employer', 'Employer', 'textfield', '', 'a:5:{s:13:"title_display";s:6:"before";s:7:"private";i:0;s:8:"disabled";i:0;s:6:"unique";i:0;s:20:"conditional_operator";s:1:"=";}', 0, 0),
(3, 16, 15, 'info', 'Info', 'fieldset', '', 'a:5:{s:13:"title_display";i:0;s:7:"private";i:0;s:11:"collapsible";i:0;s:9:"collapsed";i:0;s:20:"conditional_operator";s:1:"=";}', 0, 16),
(3, 17, 16, 'loan_type', 'Loan Type', 'select', '', 'a:7:{s:5:"items";s:44:"Home|Home\r\nAuto|Auto\r\nBoat|Boat\r\nOther|Other";s:8:"multiple";i:0;s:13:"title_display";s:6:"before";s:7:"private";i:0;s:6:"aslist";i:1;s:7:"optrand";i:0;s:20:"conditional_operator";s:1:"=";}', 0, 17),
(3, 18, 16, 'date_loan', 'Date', 'date', '', 'a:11:{s:8:"timezone";s:4:"user";s:13:"title_display";s:6:"before";s:7:"private";i:0;s:10:"datepicker";i:1;s:14:"year_textfield";i:0;s:10:"start_date";s:10:"Jan 1 1970";s:8:"end_date";s:11:"Dec 31 2030";s:20:"conditional_operator";s:1:"=";s:11:"description";s:0:"";s:21:"conditional_component";s:0:"";s:18:"conditional_values";s:0:"";}', 0, 18),
(3, 19, 16, 'loan_amount', 'Loan Amount', 'number', '', 'a:11:{s:13:"title_display";s:6:"before";s:7:"private";i:0;s:4:"type";s:9:"textfield";s:12:"field_prefix";s:3:"($)";s:8:"decimals";s:0:"";s:9:"separator";s:1:",";s:5:"point";s:1:".";s:6:"unique";i:0;s:7:"integer";i:0;s:20:"conditional_operator";s:1:"=";s:11:"excludezero";i:0;}', 0, 19),
(4, 14, 0, 'cv', 'CV', 'file', '', 'a:6:{s:11:"description";s:63:"Allowed file formats are: .doc , .docx, .pdf (Max. size is 2MB)";s:12:"savelocation";s:2:"cv";s:13:"title_display";s:6:"before";s:7:"private";i:0;s:9:"filtering";a:3:{s:4:"size";s:4:"2048";s:5:"types";a:3:{i:0;s:3:"pdf";i:1;s:3:"doc";i:2;s:4:"docx";}s:13:"addextensions";s:0:"";}s:20:"conditional_operator";s:1:"=";}', 0, 5),
(4, 2, 0, 'start_date', 'Start Date', 'date', '', 'a:8:{s:8:"timezone";s:4:"user";s:13:"title_display";s:6:"before";s:7:"private";i:0;s:10:"datepicker";i:1;s:14:"year_textfield";i:0;s:10:"start_date";s:10:"Jan 1 1940";s:8:"end_date";s:11:"Dec 31 2012";s:20:"conditional_operator";s:1:"=";}', 0, 1),
(4, 3, 0, 'end_date', 'End Date', 'date', '', 'a:8:{s:8:"timezone";s:4:"user";s:13:"title_display";s:6:"before";s:7:"private";i:0;s:10:"datepicker";i:1;s:14:"year_textfield";i:0;s:10:"start_date";s:10:"Jan 1 1940";s:8:"end_date";s:11:"Dec 31 2012";s:20:"conditional_operator";s:1:"=";}', 0, 2),
(4, 12, 0, 'employer_contact_information', 'Employer Contact information', 'textfield', '', 'a:13:{s:13:"title_display";s:6:"before";s:7:"private";i:0;s:8:"disabled";i:0;s:6:"unique";i:0;s:20:"conditional_operator";s:1:"=";s:5:"width";s:0:"";s:9:"maxlength";s:0:"";s:12:"field_prefix";s:0:"";s:12:"field_suffix";s:0:"";s:11:"description";s:0:"";s:10:"attributes";a:0:{}s:21:"conditional_component";s:0:"";s:18:"conditional_values";s:0:"";}', 0, 3),
(4, 13, 0, 'annual_salary_and_wages', 'Annual salary and wages', 'textarea', '', 'a:11:{s:13:"title_display";i:0;s:7:"private";i:0;s:9:"resizable";i:1;s:8:"disabled";i:0;s:20:"conditional_operator";s:1:"=";s:4:"cols";s:0:"";s:4:"rows";s:0:"";s:11:"description";s:0:"";s:10:"attributes";a:0:{}s:21:"conditional_component";s:0:"";s:18:"conditional_values";s:0:"";}', 0, 4),
(4, 7, 0, 'letters_of_recommendation', 'Letters of recommendation', 'fieldset', '', 'a:5:{s:13:"title_display";i:0;s:7:"private";i:0;s:11:"collapsible";i:0;s:9:"collapsed";i:0;s:20:"conditional_operator";s:1:"=";}', 0, 6),
(4, 8, 11, 'date', 'Date', 'date', '', 'a:8:{s:8:"timezone";s:4:"user";s:13:"title_display";s:6:"before";s:7:"private";i:0;s:10:"datepicker";i:1;s:14:"year_textfield";i:0;s:10:"start_date";s:10:"Jan 1 1940";s:8:"end_date";s:11:"Dec 31 2020";s:20:"conditional_operator";s:1:"=";}', 0, 11),
(4, 9, 11, 'person', 'Person', 'textfield', '', 'a:13:{s:13:"title_display";s:6:"before";s:7:"private";i:0;s:8:"disabled";i:0;s:6:"unique";i:0;s:20:"conditional_operator";s:1:"=";s:5:"width";s:0:"";s:9:"maxlength";s:0:"";s:12:"field_prefix";s:0:"";s:12:"field_suffix";s:0:"";s:11:"description";s:0:"";s:10:"attributes";a:0:{}s:21:"conditional_component";s:0:"";s:18:"conditional_values";s:0:"";}', 0, 12),
(4, 10, 11, 'letter', 'Letter', 'file', '', 'a:5:{s:12:"savelocation";s:21:"recommendation_letter";s:13:"title_display";s:6:"before";s:7:"private";i:0;s:9:"filtering";a:3:{s:4:"size";s:4:"2048";s:5:"types";a:0:{}s:13:"addextensions";s:0:"";}s:20:"conditional_operator";s:1:"=";}', 0, 13),
(4, 11, 7, 'info', 'Info', 'fieldset', '', 'a:5:{s:13:"title_display";i:0;s:7:"private";i:0;s:11:"collapsible";i:0;s:9:"collapsed";i:0;s:20:"conditional_operator";s:1:"=";}', 0, 10),
(5, 1, 0, 'allergies', 'Allergies', 'textfield', '', 'a:5:{s:13:"title_display";s:6:"before";s:7:"private";i:0;s:8:"disabled";i:0;s:6:"unique";i:0;s:20:"conditional_operator";s:1:"=";}', 0, 0),
(5, 2, 0, 'medications', 'Medications', 'textfield', '', 'a:5:{s:13:"title_display";s:6:"before";s:7:"private";i:0;s:8:"disabled";i:0;s:6:"unique";i:0;s:20:"conditional_operator";s:1:"=";}', 0, 1),
(5, 3, 0, 'family_history', 'Family history', 'textarea', '', 'a:5:{s:13:"title_display";i:0;s:7:"private";i:0;s:9:"resizable";i:1;s:8:"disabled";i:0;s:20:"conditional_operator";s:1:"=";}', 0, 2),
(5, 4, 0, 'smoker___no_smoker', 'Smoker / No Smoker', 'select', '', 'a:7:{s:5:"items";s:34:"Smoker|Smoker\r\nNo Smoker|No Smoker";s:8:"multiple";i:0;s:13:"title_display";s:6:"before";s:7:"private";i:0;s:6:"aslist";i:0;s:7:"optrand";i:0;s:20:"conditional_operator";s:1:"=";}', 0, 3),
(5, 5, 0, 'alcohol', 'Alcohol', 'select', '', 'a:7:{s:5:"items";s:51:"Never|Never\r\nOccasionally|Occasionally\r\nDaily|Daily";s:8:"multiple";i:0;s:13:"title_display";s:6:"before";s:7:"private";i:0;s:6:"aslist";i:1;s:7:"optrand";i:0;s:20:"conditional_operator";s:1:"=";}', 0, 4),
(5, 6, 0, 'surgeries', 'Surgeries', 'fieldset', '', 'a:5:{s:13:"title_display";i:0;s:7:"private";i:0;s:11:"collapsible";i:0;s:9:"collapsed";i:0;s:20:"conditional_operator";s:1:"=";}', 0, 5),
(5, 7, 6, 'info', 'Info', 'fieldset', '', 'a:5:{s:13:"title_display";i:0;s:7:"private";i:0;s:11:"collapsible";i:0;s:9:"collapsed";i:0;s:20:"conditional_operator";s:1:"=";}', 0, 6),
(5, 8, 7, 'date_surgeries', 'Date', 'date', '', 'a:8:{s:8:"timezone";s:4:"user";s:13:"title_display";s:6:"before";s:7:"private";i:0;s:10:"datepicker";i:1;s:14:"year_textfield";i:0;s:10:"start_date";s:10:"Jan 1 1970";s:8:"end_date";s:11:"Dec 31 2012";s:20:"conditional_operator";s:1:"=";}', 0, 7),
(5, 9, 7, 'reason', 'Reason', 'textfield', '', 'a:13:{s:13:"title_display";s:6:"before";s:7:"private";i:0;s:8:"disabled";i:0;s:6:"unique";i:0;s:20:"conditional_operator";s:1:"=";s:5:"width";s:0:"";s:9:"maxlength";s:0:"";s:12:"field_prefix";s:0:"";s:12:"field_suffix";s:0:"";s:11:"description";s:0:"";s:10:"attributes";a:0:{}s:21:"conditional_component";s:0:"";s:18:"conditional_values";s:0:"";}', 0, 8),
(6, 1, 0, 'expense_type', 'Expense Type', 'select', '', 'a:14:{s:5:"items";s:161:"Mortgage|Mortgage\r\nRent|Rent\r\nAuto|Auto\r\nWater|Water\r\nCable|Cable\r\nPhone|Phone\r\nInternet|Internet\r\nGroceries|Groceries\r\nGas|Gas\r\nChildcare|Childcare\r\nOther|Other";s:8:"multiple";i:0;s:13:"title_display";s:6:"before";s:7:"private";i:0;s:6:"aslist";i:1;s:7:"optrand";i:0;s:20:"conditional_operator";s:1:"=";s:12:"other_option";N;s:10:"other_text";s:8:"Other...";s:11:"description";s:0:"";s:11:"custom_keys";b:0;s:14:"options_source";s:0:"";s:21:"conditional_component";s:0:"";s:18:"conditional_values";s:0:"";}', 1, 0),
(5, 10, 0, 'implants', 'Implants', 'fieldset', '', 'a:8:{s:13:"title_display";i:0;s:7:"private";i:0;s:11:"collapsible";i:0;s:9:"collapsed";i:0;s:20:"conditional_operator";s:1:"=";s:11:"description";s:0:"";s:21:"conditional_component";s:0:"";s:18:"conditional_values";s:0:"";}', 0, 6),
(5, 11, 10, 'info', 'Info', 'fieldset', '', 'a:5:{s:13:"title_display";i:0;s:7:"private";i:0;s:11:"collapsible";i:0;s:9:"collapsed";i:0;s:20:"conditional_operator";s:1:"=";}', 0, 10),
(5, 12, 11, 'date_implants', 'Date', 'date', '', 'a:8:{s:8:"timezone";s:4:"user";s:13:"title_display";s:6:"before";s:7:"private";i:0;s:10:"datepicker";i:1;s:14:"year_textfield";i:0;s:10:"start_date";s:10:"Jan 1 1970";s:8:"end_date";s:11:"Dec 31 2020";s:20:"conditional_operator";s:1:"=";}', 0, 11),
(5, 13, 11, 'type', 'Type', 'select', '', 'a:7:{s:5:"items";s:354:"Joint replacement: Shoulder|Joint replacement: Shoulder\r\nJoint replacement: Elbow|Joint replacement: Elbow\r\nJoint replacement: Hip|Joint replacement: Hip\r\nJoint replacement: Knee|Joint replacement: Knee\r\nJoint replacement: Ankle|Joint replacement: Ankle\r\nDental Breast Augmentation|Dental Breast Augmentation\r\nDental Implants|Dental Implants\r\nOther|Other";s:8:"multiple";i:0;s:13:"title_display";s:6:"before";s:7:"private";i:0;s:6:"aslist";i:1;s:7:"optrand";i:0;s:20:"conditional_operator";s:1:"=";}', 0, 12),
(5, 14, 11, 'manufacturer', 'Manufacturer', 'textfield', '', 'a:13:{s:13:"title_display";s:6:"before";s:7:"private";i:0;s:8:"disabled";i:0;s:6:"unique";i:0;s:20:"conditional_operator";s:1:"=";s:5:"width";s:0:"";s:9:"maxlength";s:0:"";s:12:"field_prefix";s:0:"";s:12:"field_suffix";s:0:"";s:11:"description";s:0:"";s:10:"attributes";a:0:{}s:21:"conditional_component";s:0:"";s:18:"conditional_values";s:0:"";}', 0, 13),
(7, 1, 0, 'type', 'Type', 'select', '', 'a:7:{s:5:"items";s:51:"Auto Service|Auto Service\r\nRecall|Recall\r\nHome|Home";s:8:"multiple";i:0;s:13:"title_display";s:6:"before";s:7:"private";i:0;s:6:"aslist";i:1;s:7:"optrand";i:0;s:20:"conditional_operator";s:1:"=";}', 0, 0),
(6, 2, 0, 'amount', 'Amount($)', 'number', '', 'a:10:{s:13:"title_display";s:6:"before";s:7:"private";i:0;s:4:"type";s:9:"textfield";s:8:"decimals";s:0:"";s:9:"separator";s:1:",";s:5:"point";s:1:".";s:6:"unique";i:0;s:7:"integer";i:0;s:20:"conditional_operator";s:1:"=";s:11:"excludezero";i:0;}', 1, 1),
(6, 3, 0, 'date_due', 'Date Due', 'date', '', 'a:8:{s:8:"timezone";s:4:"user";s:13:"title_display";s:6:"before";s:7:"private";i:0;s:10:"datepicker";i:1;s:14:"year_textfield";i:0;s:10:"start_date";s:10:"Jan 1 1970";s:8:"end_date";s:11:"Dec 31 2030";s:20:"conditional_operator";s:1:"=";}', 1, 2),
(7, 2, 0, 'date', 'Date', 'date', '', 'a:8:{s:8:"timezone";s:4:"user";s:13:"title_display";s:6:"before";s:7:"private";i:0;s:10:"datepicker";i:1;s:14:"year_textfield";i:0;s:10:"start_date";s:10:"Jan 1 1970";s:8:"end_date";s:11:"Dec 31 2030";s:20:"conditional_operator";s:1:"=";}', 0, 1),
(8, 1, 0, 'type', 'Type', 'select', '', 'a:7:{s:5:"items";s:50:"Driver license|Driver''s License\r\nPassport|Passport";s:8:"multiple";i:0;s:13:"title_display";s:6:"before";s:7:"private";i:0;s:6:"aslist";i:1;s:7:"optrand";i:0;s:20:"conditional_operator";s:1:"=";}', 0, 0),
(8, 2, 0, 'date_issued', 'Date Issued', 'date', '', 'a:8:{s:8:"timezone";s:4:"user";s:13:"title_display";s:6:"before";s:7:"private";i:0;s:10:"datepicker";i:1;s:14:"year_textfield";i:0;s:10:"start_date";s:10:"Jan 1 1940";s:8:"end_date";s:11:"Dec 31 2012";s:20:"conditional_operator";s:1:"=";}', 0, 1),
(8, 3, 0, 'expiration_date', 'Expiration Date', 'date', '', 'a:8:{s:8:"timezone";s:4:"user";s:13:"title_display";s:6:"before";s:7:"private";i:0;s:10:"datepicker";i:1;s:14:"year_textfield";i:0;s:10:"start_date";s:10:"Jan 1 1940";s:8:"end_date";s:11:"Dec 31 2030";s:20:"conditional_operator";s:1:"=";}', 0, 2),
(8, 4, 0, 'photo', 'Photo', 'file', '', 'a:6:{s:11:"description";s:67:"Allowed file formats are(Max. size is 2MB): .gif , .jpg,.png , .bmp";s:12:"savelocation";s:12:"photo_gov_id";s:13:"title_display";s:6:"before";s:7:"private";i:0;s:9:"filtering";a:3:{s:4:"size";s:4:"2048";s:5:"types";a:4:{i:0;s:3:"gif";i:1;s:3:"jpg";i:2;s:3:"png";i:3;s:3:"bmp";}s:13:"addextensions";s:0:"";}s:20:"conditional_operator";s:1:"=";}', 0, 3),
(8, 5, 0, 'digital', 'Digital', 'textfield', '', 'a:5:{s:13:"title_display";s:6:"before";s:7:"private";i:0;s:8:"disabled";i:0;s:6:"unique";i:0;s:20:"conditional_operator";s:1:"=";}', 0, 4),
(9, 1, 0, 'type', 'Type', 'select', '', 'a:7:{s:5:"items";s:74:"Automobile|Automobile\r\nHome|Home\r\nBusiness|Business\r\nDisability|Disability";s:8:"multiple";i:0;s:13:"title_display";s:6:"before";s:7:"private";i:0;s:6:"aslist";i:1;s:7:"optrand";i:0;s:20:"conditional_operator";s:1:"=";}', 0, 0),
(9, 2, 0, 'policy', 'Policy', 'file', '', 'a:6:{s:11:"description";s:133:"Allowed file formats are: <strong>.doc , .docx, .pdf, .jpg, .gif, .png, .txt, .html, .xls, .xlsx</strong> <em>(Max. size is 2MB)</em>";s:12:"savelocation";s:6:"policy";s:13:"title_display";s:6:"before";s:7:"private";i:0;s:9:"filtering";a:3:{s:4:"size";s:4:"2048";s:5:"types";a:10:{i:0;s:3:"gif";i:1;s:3:"jpg";i:2;s:3:"png";i:3;s:3:"txt";i:4;s:4:"html";i:5;s:3:"pdf";i:6;s:3:"doc";i:7;s:4:"docx";i:8;s:3:"xls";i:9;s:4:"xlsx";}s:13:"addextensions";s:0:"";}s:20:"conditional_operator";s:1:"=";}', 0, 1),
(9, 3, 0, 'notes', 'Notes', 'textarea', '', 'a:5:{s:13:"title_display";i:0;s:7:"private";i:0;s:9:"resizable";i:1;s:8:"disabled";i:0;s:20:"conditional_operator";s:1:"=";}', 0, 2),
(10, 1, 0, 'type', 'Type', 'select', '', 'a:7:{s:5:"items";s:43:"Restaurant|Restaurant\r\nWeb|Web\r\nOther|Other";s:8:"multiple";i:0;s:13:"title_display";s:6:"before";s:7:"private";i:0;s:6:"aslist";i:1;s:7:"optrand";i:0;s:20:"conditional_operator";s:1:"=";}', 0, 0),
(10, 2, 0, 'name', 'Name', 'textfield', '', 'a:5:{s:13:"title_display";s:6:"before";s:7:"private";i:0;s:8:"disabled";i:0;s:6:"unique";i:0;s:20:"conditional_operator";s:1:"=";}', 0, 1),
(10, 3, 0, 'telephone_number', 'Telephone Number', 'textfield', '', 'a:6:{s:11:"description";s:27:"For example: (999) 999-9999";s:13:"title_display";s:6:"before";s:7:"private";i:0;s:8:"disabled";i:0;s:6:"unique";i:0;s:20:"conditional_operator";s:1:"=";}', 0, 3),
(11, 1, 0, 'product_name', 'Product Name', 'textfield', '', 'a:5:{s:13:"title_display";s:6:"before";s:7:"private";i:0;s:8:"disabled";i:0;s:6:"unique";i:0;s:20:"conditional_operator";s:1:"=";}', 0, 0),
(11, 2, 0, 'date_of_purchase', 'Date of Purchase', 'date', '', 'a:8:{s:8:"timezone";s:4:"user";s:13:"title_display";s:6:"before";s:7:"private";i:0;s:10:"datepicker";i:1;s:14:"year_textfield";i:0;s:10:"start_date";s:10:"Jan 1 1970";s:8:"end_date";s:11:"Dec 31 2012";s:20:"conditional_operator";s:1:"=";}', 0, 1),
(11, 3, 0, 'warranty', 'Warranty', 'file', '', 'a:5:{s:11:"description";s:138:"Allowed file formats are(Max. size is 2MB): .gif , .jpg,.png , .txt, .pdf , .doc , .docx , .ppt , .pptx , .xls, .xlsx , .rar , .tar , .zip";s:13:"title_display";s:6:"before";s:7:"private";i:0;s:9:"filtering";a:3:{s:4:"size";s:4:"2048";s:5:"types";a:20:{i:0;s:3:"gif";i:1;s:3:"jpg";i:2;s:3:"png";i:3;s:3:"bmp";i:4;s:3:"txt";i:5;s:3:"rtf";i:6;s:4:"html";i:7;s:3:"odf";i:8;s:3:"pdf";i:9;s:3:"doc";i:10;s:4:"docx";i:11;s:3:"ppt";i:12;s:4:"pptx";i:13;s:3:"xls";i:14;s:4:"xlsx";i:15;s:3:"xml";i:16;s:2:"gz";i:17;s:3:"rar";i:18;s:3:"tar";i:19;s:3:"zip";}s:13:"addextensions";s:0:"";}s:20:"conditional_operator";s:1:"=";}', 0, 2),
(11, 4, 0, 'manual_link', 'Manual Link', 'textfield', '', 'a:6:{s:11:"description";s:36:"(For example http://www.example.com)";s:13:"title_display";s:6:"before";s:7:"private";i:0;s:8:"disabled";i:0;s:6:"unique";i:0;s:20:"conditional_operator";s:1:"=";}', 0, 3),
(12, 1, 0, 'type', 'Type', 'select', '', 'a:7:{s:5:"items";s:45:"Room|Room\r\nFurniture |Furniture \r\nOther|Other";s:8:"multiple";i:0;s:13:"title_display";s:6:"before";s:7:"private";i:0;s:6:"aslist";i:1;s:7:"optrand";i:0;s:20:"conditional_operator";s:1:"=";}', 0, 0),
(12, 2, 0, 'photo', 'Photo', 'file', '', 'a:6:{s:11:"description";s:66:"Allowed file formats are(Max. size is 2MB): .gif, .jpg, .png, .bmp";s:12:"savelocation";s:19:"photo-home-registry";s:13:"title_display";s:6:"before";s:7:"private";i:0;s:9:"filtering";a:3:{s:4:"size";s:4:"2048";s:5:"types";a:4:{i:0;s:3:"gif";i:1;s:3:"jpg";i:2;s:3:"png";i:3;s:3:"bmp";}s:13:"addextensions";s:0:"";}s:20:"conditional_operator";s:1:"=";}', 0, 1),
(13, 1, 0, 'type', 'Type', 'select', '', 'a:7:{s:5:"items";s:83:"Facebook|Facebook\r\nTwitter|Twitter\r\nLinkedin|Linkedin\r\nPinterest|Pinterest\r\nWeb|Web";s:8:"multiple";i:0;s:13:"title_display";s:6:"before";s:7:"private";i:0;s:6:"aslist";i:1;s:7:"optrand";i:0;s:20:"conditional_operator";s:1:"=";}', 0, 0),
(13, 2, 0, 'user_id', 'User ID', 'textfield', '', 'a:5:{s:13:"title_display";s:6:"before";s:7:"private";i:0;s:8:"disabled";i:0;s:6:"unique";i:0;s:20:"conditional_operator";s:1:"=";}', 0, 1),
(13, 3, 0, 'password', 'Password', 'textfield', '', 'a:5:{s:13:"title_display";s:6:"before";s:7:"private";i:0;s:8:"disabled";i:0;s:6:"unique";i:0;s:20:"conditional_operator";s:1:"=";}', 0, 2),
(14, 8, 5, 'telephone_number', 'Telephone Number', 'textfield', '', 'a:6:{s:11:"description";s:28:"For Example : (999) 999-9999";s:13:"title_display";s:6:"before";s:7:"private";i:0;s:8:"disabled";i:0;s:6:"unique";i:0;s:20:"conditional_operator";s:1:"=";}', 0, 6);

-- --------------------------------------------------------

--
-- Table structure for table `webform_emails`
--

CREATE TABLE IF NOT EXISTS `webform_emails` (
  `nid` int(10) unsigned NOT NULL DEFAULT '0',
  `eid` smallint(5) unsigned NOT NULL DEFAULT '0',
  `email` text,
  `subject` varchar(255) DEFAULT NULL,
  `from_name` varchar(255) DEFAULT NULL,
  `from_address` varchar(255) DEFAULT NULL,
  `template` text,
  `excluded_components` text NOT NULL,
  `html` tinyint(3) unsigned NOT NULL DEFAULT '0',
  `attachments` tinyint(3) unsigned NOT NULL DEFAULT '0',
  PRIMARY KEY (`nid`,`eid`)
) ENGINE=MyISAM DEFAULT CHARSET=utf8;

--
-- Dumping data for table `webform_emails`
--


-- --------------------------------------------------------

--
-- Table structure for table `webform_last_download`
--

CREATE TABLE IF NOT EXISTS `webform_last_download` (
  `nid` int(10) unsigned NOT NULL DEFAULT '0',
  `uid` int(10) unsigned NOT NULL DEFAULT '0',
  `sid` int(10) unsigned NOT NULL DEFAULT '0',
  `requested` int(10) unsigned NOT NULL DEFAULT '0',
  PRIMARY KEY (`nid`,`uid`)
) ENGINE=MyISAM DEFAULT CHARSET=utf8;

--
-- Dumping data for table `webform_last_download`
--


-- --------------------------------------------------------

--
-- Table structure for table `webform_roles`
--

CREATE TABLE IF NOT EXISTS `webform_roles` (
  `nid` int(10) unsigned NOT NULL DEFAULT '0',
  `rid` int(10) unsigned NOT NULL DEFAULT '0',
  PRIMARY KEY (`nid`,`rid`)
) ENGINE=MyISAM DEFAULT CHARSET=utf8;

--
-- Dumping data for table `webform_roles`
--

INSERT INTO `webform_roles` (`nid`, `rid`) VALUES
(2, 1),
(2, 2),
(3, 1),
(3, 2),
(4, 1),
(4, 2),
(5, 1),
(5, 2),
(6, 1),
(6, 2),
(7, 1),
(7, 2),
(8, 1),
(8, 2),
(9, 1),
(9, 2),
(10, 1),
(10, 2),
(11, 1),
(11, 2),
(12, 1),
(12, 2),
(13, 1),
(13, 2),
(14, 1),
(14, 2);

-- --------------------------------------------------------

--
-- Table structure for table `webform_submissions`
--

CREATE TABLE IF NOT EXISTS `webform_submissions` (
  `sid` int(10) unsigned NOT NULL AUTO_INCREMENT,
  `nid` int(10) unsigned NOT NULL DEFAULT '0',
  `uid` int(10) unsigned NOT NULL DEFAULT '0',
  `is_draft` tinyint(4) NOT NULL DEFAULT '0',
  `submitted` int(11) NOT NULL DEFAULT '0',
  `remote_addr` varchar(128) DEFAULT NULL,
  PRIMARY KEY (`sid`),
  UNIQUE KEY `sid_nid` (`sid`,`nid`),
  KEY `nid_uid_sid` (`nid`,`uid`,`sid`),
  KEY `nid_sid` (`nid`,`sid`)
) ENGINE=MyISAM  DEFAULT CHARSET=utf8 AUTO_INCREMENT=93 ;

--
-- Dumping data for table `webform_submissions`
--

INSERT INTO `webform_submissions` (`sid`, `nid`, `uid`, `is_draft`, `submitted`, `remote_addr`) VALUES
(1, 4, 1, 0, 1343297662, '115.186.146.97'),
(2, 4, 1, 0, 1343808529, '115.186.146.97'),
(39, 3, 1, 0, 1343810582, '115.186.146.97'),
(40, 10, 1, 0, 1343816339, '115.186.146.97'),
(41, 13, 1, 0, 1343816553, '115.186.146.97'),
(42, 14, 88, 0, 1343818800, '115.186.146.97'),
(43, 14, 91, 0, 1343819749, '182.177.122.245'),
(44, 14, 91, 0, 1343821739, '182.177.122.245'),
(45, 4, 91, 0, 1343822173, '182.177.122.245'),
(46, 4, 91, 0, 1343823079, '182.177.122.245'),
(47, 6, 91, 0, 1343881317, '182.177.122.245'),
(48, 6, 91, 0, 1343881733, '182.177.122.245'),
(49, 10, 91, 0, 1343881939, '182.177.122.245'),
(50, 3, 91, 0, 1343884624, '182.177.108.219'),
(51, 8, 91, 0, 1343887594, '115.186.146.97'),
(52, 12, 91, 0, 1343888286, '115.186.146.97'),
(53, 9, 91, 0, 1343889104, '115.186.146.97'),
(54, 7, 91, 0, 1343889942, '115.186.146.97'),
(55, 5, 91, 0, 1343891949, '115.186.146.97'),
(56, 2, 91, 0, 1343893064, '115.186.146.97'),
(57, 11, 91, 0, 1343894167, '115.186.146.97'),
(58, 11, 91, 0, 1343894176, '115.186.146.97'),
(59, 13, 91, 0, 1343894643, '115.186.146.97'),
(60, 5, 92, 0, 1343986194, '115.186.146.97'),
(61, 5, 92, 0, 1343986281, '115.186.146.97'),
(62, 5, 92, 0, 1343986537, '115.186.146.97'),
(63, 5, 92, 0, 1343986786, '115.186.146.97'),
(64, 5, 92, 0, 1343986817, '115.186.146.97'),
(65, 5, 92, 0, 1343986876, '115.186.146.97'),
(66, 14, 92, 0, 1343990237, '115.186.146.97'),
(67, 14, 86, 0, 1343990611, '115.186.146.97'),
(68, 14, 94, 0, 1344247931, '115.186.146.97'),
(69, 14, 94, 0, 1344247943, '115.186.146.97'),
(70, 14, 94, 0, 1344247962, '115.186.146.97'),
(71, 14, 94, 0, 1344247998, '115.186.146.97'),
(72, 14, 94, 0, 1344248037, '115.186.146.97'),
(73, 14, 94, 0, 1344248063, '115.186.146.97'),
(74, 14, 94, 0, 1344248089, '115.186.146.97'),
(75, 14, 94, 0, 1344248103, '115.186.146.97'),
(76, 14, 94, 0, 1344248119, '115.186.146.97'),
(77, 14, 94, 0, 1344248133, '115.186.146.97'),
(78, 14, 94, 0, 1344248143, '115.186.146.97'),
(79, 14, 94, 0, 1344248202, '115.186.146.97'),
(80, 14, 94, 0, 1344248246, '115.186.146.97'),
(81, 14, 94, 0, 1344248261, '115.186.146.97'),
(82, 14, 94, 0, 1344248275, '115.186.146.97'),
(83, 14, 94, 0, 1344248287, '115.186.146.97'),
(84, 14, 94, 0, 1344248299, '115.186.146.97'),
(85, 14, 94, 0, 1344248308, '115.186.146.97'),
(86, 14, 94, 0, 1344248318, '115.186.146.97'),
(87, 14, 94, 0, 1344248332, '115.186.146.97'),
(88, 5, 1, 0, 1344389221, '24.251.235.228'),
(89, 14, 1, 0, 1344854640, '182.180.65.113'),
(90, 14, 1, 0, 1346081160, '76.103.171.32'),
(91, 8, 1, 0, 1346102407, '24.251.235.228'),
(92, 5, 1, 0, 1346102512, '24.251.235.228');

-- --------------------------------------------------------

--
-- Table structure for table `webform_submitted_data`
--

CREATE TABLE IF NOT EXISTS `webform_submitted_data` (
  `nid` int(10) unsigned NOT NULL DEFAULT '0',
  `sid` int(10) unsigned NOT NULL DEFAULT '0',
  `cid` smallint(5) unsigned NOT NULL DEFAULT '0',
  `no` varchar(128) NOT NULL DEFAULT '0',
  `data` mediumtext NOT NULL,
  KEY `nid` (`nid`),
  KEY `sid_nid` (`sid`,`nid`)
) ENGINE=MyISAM DEFAULT CHARSET=utf8;

--
-- Dumping data for table `webform_submitted_data`
--

INSERT INTO `webform_submitted_data` (`nid`, `sid`, `cid`, `no`, `data`) VALUES
(4, 1, 0, '0', ''),
(4, 1, 0, 'month', ''),
(4, 1, 0, 'day', ''),
(4, 1, 0, 'year', ''),
(4, 1, 0, '_fid', ''),
(4, 1, 0, '_old', ''),
(4, 1, 0, 'info', ''),
(4, 1, 0, 'quantity', '1'),
(4, 1, 0, 'add_fields', 'Add Letters of recommendation'),
(4, 1, 1, '0', ''),
(4, 1, 2, '0', ''),
(4, 1, 3, '0', ''),
(4, 1, 12, '0', 'dfsdfsdfsdf'),
(4, 1, 13, '0', ''),
(4, 1, 14, '0', ''),
(4, 1, 8, '0', ''),
(4, 1, 9, '0', ''),
(4, 1, 10, '0', ''),
(4, 2, 1, '0', 'Google'),
(4, 2, 2, '0', '2006-06-10'),
(4, 2, 3, '0', '2012-04-19'),
(4, 2, 12, '0', 'dfg'),
(4, 2, 13, '0', 'df'),
(4, 2, 14, '0', ''),
(4, 2, 8, '0', '2005-02-07'),
(4, 2, 9, '0', 'Frank'),
(4, 2, 10, '0', ''),
(4, 2, 0, '0', 'Add Letters of recommendation'),
(3, 39, 19, '0', '456445'),
(3, 39, 18, '0', '2025-02-19'),
(3, 39, 17, '0', 'Boat'),
(3, 39, 14, '0', '46545'),
(3, 39, 13, '0', '2002-01-04'),
(3, 39, 10, '0', '1234'),
(3, 39, 9, '0', 'RT7984872415435'),
(3, 39, 8, '0', 'MasterCard'),
(3, 39, 7, '0', '2015-01-18'),
(3, 39, 4, '0', '111114564545'),
(3, 39, 3, '0', 'Checking'),
(10, 40, 3, '0', '(999)999-1001'),
(10, 40, 2, '0', 'Methane'),
(10, 40, 1, '0', 'Restaurant'),
(13, 41, 2, '0', 'http://www.facebook.com/50cent'),
(13, 41, 1, '0', 'Twitter'),
(13, 41, 3, '0', '45126'),
(14, 44, 1, '0', 'test'),
(14, 42, 8, '0', ''),
(14, 42, 6, '0', ''),
(14, 42, 3, '0', ''),
(14, 42, 2, '0', ''),
(14, 42, 1, '0', ''),
(14, 43, 1, '0', 'Muhammad usman'),
(14, 43, 2, '0', 'H# 238/24, this block, test city\r\ntest country'),
(14, 43, 3, '0', 'muhammad.usman@vizeck.com'),
(14, 43, 6, '0', ''),
(14, 43, 8, '0', ''),
(14, 43, 0, '0', 'Add Telephone '),
(14, 44, 2, '0', 'aeqweqweqweqweqweqwe'),
(14, 44, 3, '0', 'qweqwe@dfa.com'),
(14, 44, 6, '0', ''),
(14, 44, 8, '0', '(999) 999-9999'),
(14, 44, 0, '0', 'Add Telephone '),
(4, 45, 1, '0', 'microsoft'),
(4, 45, 2, '0', '1918-01-03'),
(4, 45, 3, '0', '2011-01-01'),
(4, 45, 12, '0', 'www.google.com'),
(4, 45, 13, '0', '50,222.00\r\nkjhKAJHSKJ'),
(4, 45, 14, '0', ''),
(4, 45, 8, '0', ''),
(4, 45, 9, '0', ''),
(4, 45, 10, '0', ''),
(4, 45, 0, '0', 'Add Letters of recommendation'),
(4, 46, 1, '0', ''),
(4, 46, 2, '0', ''),
(4, 46, 3, '0', ''),
(4, 46, 12, '0', ''),
(4, 46, 13, '0', ''),
(4, 46, 14, '0', ''),
(4, 46, 8, '0', ''),
(4, 46, 9, '0', ''),
(4, 46, 10, '0', '30'),
(4, 46, 0, '0', 'Add Letters of recommendation'),
(6, 47, 3, '0', ''),
(6, 47, 2, '0', '50000.00'),
(6, 47, 1, '0', ''),
(6, 48, 1, '0', 'Mortgage'),
(6, 48, 2, '0', '1231'),
(6, 48, 3, '0', ''),
(10, 49, 1, '0', 'Restaurant'),
(10, 49, 2, '0', 'Inzimam'),
(10, 49, 3, '0', ''),
(3, 50, 3, '0', 'Checking'),
(3, 50, 4, '0', 'ase123'),
(3, 50, 0, '0', 'Add Bank Account'),
(3, 50, 8, '0', ''),
(3, 50, 9, '0', ''),
(3, 50, 7, '0', '2004-07-15'),
(3, 50, 10, '0', ''),
(3, 50, 13, '0', '1915-08-03'),
(3, 50, 14, '0', ''),
(3, 50, 17, '0', ''),
(3, 50, 18, '0', '1919-09-12'),
(3, 50, 19, '0', ''),
(8, 51, 1, '0', ''),
(8, 51, 2, '0', '1917-02-04'),
(8, 51, 3, '0', '1918-04-04'),
(8, 51, 4, '0', ''),
(8, 51, 5, '0', ''),
(12, 52, 1, '0', ''),
(12, 52, 2, '0', '32'),
(9, 53, 1, '0', 'Automobile'),
(9, 53, 2, '0', '33'),
(14, 66, 1, '0', 'test'),
(14, 66, 2, '0', 'test'),
(14, 66, 3, '0', 'test@test.com'),
(7, 54, 1, '0', 'Auto Service'),
(7, 54, 2, '0', '2030-03-03'),
(5, 55, 0, '0', 'Asthama'),
(5, 55, 0, 'info', ''),
(5, 55, 0, 'quantity', '1'),
(5, 55, 0, 'add_fields', 'Add Surgeries'),
(5, 55, 1, '0', 'Asthama'),
(5, 55, 2, '0', 'Aspirin'),
(5, 55, 3, '0', 'AspirinAspirinAspirinAspirinAspirinAspirinAspirinAspirinAspirinAspirinAspirinAspirinAspirinAspirinAspirinAspirinAspirinAspirin'),
(5, 55, 4, '0', 'Smoker'),
(5, 55, 5, '0', 'Never'),
(5, 55, 8, '0', '1919-03-14'),
(5, 55, 9, '0', ''),
(5, 55, 12, '0', ''),
(5, 55, 13, '0', 'Joint replacement: Shoulder'),
(5, 55, 14, '0', '59859'),
(2, 56, 1, '0', '1905-02-03'),
(2, 56, 2, '0', '234-34-2342'),
(11, 57, 1, '0', 'Hello this is test product'),
(11, 57, 2, '0', '1915-01-02'),
(11, 57, 3, '0', ''),
(11, 57, 4, '0', ''),
(11, 58, 1, '0', ''),
(11, 58, 2, '0', ''),
(11, 58, 3, '0', ''),
(11, 58, 4, '0', ''),
(13, 59, 1, '0', 'Facebook'),
(13, 59, 2, '0', ''),
(13, 59, 3, '0', ''),
(5, 60, 1, '0', 'test'),
(5, 60, 2, '0', 'test'),
(5, 60, 3, '0', ''),
(5, 60, 4, '0', 'Smoker'),
(5, 60, 5, '0', 'Occasionally'),
(5, 60, 8, '0', '1913-01-02'),
(5, 60, 9, '0', 'test'),
(5, 60, 0, '0', 'Add Surgeries'),
(5, 60, 12, '0', ''),
(5, 60, 13, '0', ''),
(5, 60, 14, '0', ''),
(5, 61, 0, '0', 'tests'),
(5, 61, 0, 'info', ''),
(5, 61, 0, 'quantity', '1'),
(5, 61, 0, 'add_fields', 'Add Surgeries'),
(5, 61, 1, '0', 'tests'),
(5, 61, 2, '0', 'sdf'),
(5, 61, 3, '0', 'sdf'),
(5, 61, 4, '0', 'Smoker'),
(5, 61, 5, '0', 'Never'),
(5, 61, 8, '0', '1915-01-03'),
(5, 61, 9, '0', 'sdf'),
(5, 61, 12, '0', '1914-02-02'),
(5, 61, 13, '0', 'Joint replacement: Shoulder'),
(5, 61, 14, '0', 'sd'),
(5, 62, 0, '0', 'tests'),
(5, 62, 0, '0', 'test'),
(5, 62, 0, '0', 'fb'),
(5, 62, 0, '0', 'Smoker'),
(5, 62, 0, '0', 'Never'),
(5, 62, 0, 'info', ''),
(5, 62, 0, 'quantity', '1'),
(5, 62, 0, 'add_fields', 'Add Surgeries'),
(5, 62, 0, 'info', ''),
(5, 62, 0, 'quantity', '1'),
(5, 62, 0, 'add_fields', 'Add Implants'),
(5, 62, 1, '0', 'tests'),
(5, 62, 2, '0', 'test'),
(5, 62, 3, '0', 'fb'),
(5, 62, 4, '0', 'Smoker'),
(5, 62, 5, '0', 'Never'),
(5, 62, 8, '0', '1927-03-06'),
(5, 62, 9, '0', 'cvb'),
(5, 62, 0, '0', 'Add Surgeries'),
(5, 62, 12, '0', '1923-01-02'),
(5, 62, 13, '0', 'Joint replacement: Hip'),
(5, 62, 14, '0', 'xv'),
(5, 63, 1, '0', 'tests'),
(5, 63, 2, '0', ''),
(5, 63, 3, '0', ''),
(5, 63, 4, '0', 'Smoker'),
(5, 63, 5, '0', ''),
(5, 63, 8, '0', ''),
(5, 63, 9, '0', ''),
(5, 63, 0, '0', 'Add Surgeries'),
(5, 63, 12, '0', ''),
(5, 63, 13, '0', ''),
(5, 63, 14, '0', ''),
(5, 64, 1, '0', 'tests'),
(5, 64, 2, '0', 'sdf'),
(5, 64, 3, '0', 'dgf'),
(5, 64, 4, '0', 'Smoker'),
(5, 64, 5, '0', ''),
(5, 64, 8, '0', '1921-01-03'),
(5, 64, 9, '0', 'dg'),
(5, 64, 0, '0', 'Add Surgeries'),
(5, 64, 12, '0', '1928-02-03'),
(5, 64, 13, '0', 'Joint replacement: Elbow'),
(5, 64, 14, '0', 'dfg'),
(5, 65, 0, '0', 'ads'),
(5, 65, 0, '0', 'ads'),
(5, 65, 0, '0', 'ads'),
(5, 65, 0, '0', ''),
(5, 65, 0, '0', ''),
(5, 65, 0, 'info', ''),
(5, 65, 0, 'quantity', '1'),
(5, 65, 0, 'add_fields', 'Add Surgeries'),
(5, 65, 0, 'info', ''),
(5, 65, 0, 'quantity', '1'),
(5, 65, 0, 'add_fields', 'Add Implants'),
(5, 65, 1, '0', 'ads'),
(5, 65, 2, '0', 'ads'),
(5, 65, 3, '0', 'ads'),
(5, 65, 4, '0', ''),
(5, 65, 5, '0', ''),
(5, 65, 8, '0', '1922-01-03'),
(5, 65, 9, '0', 'ad'),
(5, 65, 0, '0', 'Add Surgeries'),
(5, 65, 12, '0', '1928-01-02'),
(5, 65, 13, '0', 'Joint replacement: Hip'),
(5, 65, 14, '0', 'ads'),
(14, 66, 6, '0', 'Home'),
(14, 66, 8, '0', '(999) 999-1221'),
(14, 66, 0, '0', 'Add Telephone '),
(14, 67, 1, '0', 'asdf'),
(14, 67, 2, '0', 'asdfasdf'),
(14, 67, 3, '0', 'asdf@dfgh.com'),
(14, 67, 6, '0', ''),
(14, 67, 8, '0', '(999) 999-9999'),
(14, 67, 0, '0', 'Add Telephone '),
(14, 68, 1, '0', 'qWED'),
(14, 68, 2, '0', 'ASD'),
(14, 68, 3, '0', 'ASD@XFS.CU'),
(14, 68, 6, '0', 'Cell'),
(14, 68, 8, '0', '(999) 999-9999'),
(14, 68, 0, '0', 'Add Telephone '),
(14, 69, 1, '0', 'A'),
(14, 69, 2, '0', 'A'),
(14, 69, 3, '0', 'a@a.com'),
(14, 69, 6, '0', ''),
(14, 69, 8, '0', ''),
(14, 69, 0, '0', 'Add Telephone '),
(14, 70, 1, '0', 'B'),
(14, 70, 2, '0', 'B'),
(14, 70, 3, '0', 'a@a.com'),
(14, 70, 6, '0', ''),
(14, 70, 8, '0', ''),
(14, 70, 0, '0', 'Add Telephone '),
(14, 71, 1, '0', 'C'),
(14, 71, 2, '0', 'C'),
(14, 71, 3, '0', 'a@a.com'),
(14, 71, 6, '0', ''),
(14, 71, 8, '0', ''),
(14, 71, 0, '0', 'Add Telephone '),
(14, 72, 1, '0', 'D'),
(14, 72, 2, '0', 'D'),
(14, 72, 3, '0', 'a@a.com'),
(14, 72, 6, '0', ''),
(14, 72, 8, '0', '(999) 999-9999'),
(14, 72, 0, '0', 'Add Telephone '),
(14, 73, 1, '0', 'A'),
(14, 73, 2, '0', 'A'),
(14, 73, 3, '0', 'a@a.com'),
(14, 73, 6, '0', ''),
(14, 73, 8, '0', ''),
(14, 73, 0, '0', 'Add Telephone '),
(14, 74, 1, '0', 'A'),
(14, 74, 2, '0', 'A'),
(14, 74, 3, '0', 'a@a.com'),
(14, 74, 6, '0', ''),
(14, 74, 8, '0', ''),
(14, 74, 0, '0', 'Add Telephone '),
(14, 75, 1, '0', 'A'),
(14, 75, 2, '0', 'A'),
(14, 75, 3, '0', 'a@a.com'),
(14, 75, 6, '0', ''),
(14, 75, 8, '0', ''),
(14, 75, 0, '0', 'Add Telephone '),
(14, 79, 1, '0', 'G'),
(14, 76, 8, '0', ''),
(14, 76, 6, '0', ''),
(14, 76, 3, '0', ''),
(14, 76, 2, '0', 'V'),
(14, 76, 1, '0', 'V'),
(14, 77, 1, '0', ''),
(14, 77, 2, '0', ''),
(14, 77, 3, '0', ''),
(14, 77, 6, '0', ''),
(14, 77, 8, '0', ''),
(14, 77, 0, '0', 'Add Telephone '),
(14, 78, 1, '0', ''),
(14, 78, 2, '0', ''),
(14, 78, 3, '0', ''),
(14, 78, 6, '0', ''),
(14, 78, 8, '0', ''),
(14, 78, 0, '0', 'Add Telephone '),
(14, 79, 2, '0', 'G'),
(14, 79, 3, '0', ''),
(14, 79, 6, '0', ''),
(14, 79, 8, '0', ''),
(14, 79, 0, '0', 'Add Telephone '),
(14, 80, 1, '0', 'J'),
(14, 80, 2, '0', 'J'),
(14, 80, 3, '0', ''),
(14, 80, 6, '0', ''),
(14, 80, 8, '0', ''),
(14, 80, 0, '0', 'Add Telephone '),
(14, 81, 1, '0', 'G'),
(14, 81, 2, '0', 'G'),
(14, 81, 3, '0', ''),
(14, 81, 6, '0', ''),
(14, 81, 8, '0', ''),
(14, 81, 0, '0', 'Add Telephone '),
(14, 82, 1, '0', 'J'),
(14, 82, 2, '0', 'J'),
(14, 82, 3, '0', ''),
(14, 82, 6, '0', ''),
(14, 82, 8, '0', ''),
(14, 82, 0, '0', 'Add Telephone '),
(14, 83, 1, '0', ''),
(14, 83, 2, '0', ''),
(14, 83, 3, '0', ''),
(14, 83, 6, '0', ''),
(14, 83, 8, '0', ''),
(14, 83, 0, '0', 'Add Telephone '),
(14, 84, 1, '0', ''),
(14, 84, 2, '0', ''),
(14, 84, 3, '0', ''),
(14, 84, 6, '0', ''),
(14, 84, 8, '0', ''),
(14, 84, 0, '0', 'Add Telephone '),
(14, 85, 1, '0', ''),
(14, 85, 2, '0', ''),
(14, 85, 3, '0', ''),
(14, 85, 6, '0', ''),
(14, 85, 8, '0', ''),
(14, 85, 0, '0', 'Add Telephone '),
(14, 86, 1, '0', ''),
(14, 86, 2, '0', ''),
(14, 86, 3, '0', ''),
(14, 86, 6, '0', ''),
(14, 86, 8, '0', ''),
(14, 86, 0, '0', 'Add Telephone '),
(14, 87, 1, '0', ''),
(14, 87, 2, '0', ''),
(14, 87, 3, '0', ''),
(14, 87, 6, '0', ''),
(14, 87, 8, '0', ''),
(14, 87, 0, '0', 'Add Telephone '),
(5, 88, 1, '0', 'NKDA'),
(5, 88, 2, '0', 'none'),
(5, 88, 3, '0', 'negative'),
(5, 88, 4, '0', 'No Smoker'),
(5, 88, 5, '0', 'Never'),
(5, 88, 8, '0', ''),
(5, 88, 9, '0', ''),
(5, 88, 0, '0', 'Add Surgeries'),
(5, 88, 12, '0', ''),
(5, 88, 13, '0', ''),
(5, 88, 14, '0', ''),
(14, 89, 1, '0', ''),
(14, 89, 2, '0', ''),
(14, 89, 3, '0', ''),
(14, 89, 6, '0', ''),
(14, 89, 8, '0', ''),
(14, 89, 0, '0', 'Add Telephone '),
(14, 90, 6, '0', 'Cell'),
(14, 90, 3, '0', 'maria@tekyz.com'),
(14, 90, 2, '0', '1111test drive\nTest, ca. 94553'),
(14, 90, 1, '0', 'Test'),
(14, 90, 8, '0', '(510) 776-9298'),
(8, 91, 1, '0', 'Driver license'),
(8, 91, 2, '0', '1920-02-01'),
(8, 91, 3, '0', '2012-01-06'),
(8, 91, 4, '0', ''),
(8, 91, 5, '0', ''),
(5, 92, 0, '0', 'NKDA'),
(5, 92, 0, '0', 'aspirin'),
(5, 92, 0, '0', 'negative'),
(5, 92, 0, '0', 'No Smoker'),
(5, 92, 0, '0', 'Occasionally'),
(5, 92, 0, 'info', ''),
(5, 92, 0, 'quantity', '2'),
(5, 92, 0, 'add_fields', 'Add Surgeries'),
(5, 92, 0, 'info1', ''),
(5, 92, 0, 'info', ''),
(5, 92, 0, 'quantity', '1'),
(5, 92, 0, 'add_fields', 'Add Implants'),
(5, 92, 1, '0', 'NKDA'),
(5, 92, 2, '0', 'aspirin'),
(5, 92, 3, '0', 'negative'),
(5, 92, 4, '0', 'No Smoker'),
(5, 92, 5, '0', 'Occasionally'),
(5, 92, 8, '0', ''),
(5, 92, 9, '0', ''),
(5, 92, 0, '0', 'Add Surgeries'),
(5, 92, 12, '0', ''),
(5, 92, 13, '0', ''),
(5, 92, 14, '0', '');

-- --------------------------------------------------------

--
-- Table structure for table `webform_validation_rule`
--

CREATE TABLE IF NOT EXISTS `webform_validation_rule` (
  `ruleid` int(10) unsigned NOT NULL AUTO_INCREMENT,
  `rulename` varchar(255) NOT NULL DEFAULT '',
  `nid` int(10) unsigned NOT NULL DEFAULT '0',
  `validator` varchar(255) NOT NULL DEFAULT '',
  `data` varchar(255) DEFAULT NULL,
  `error_message` varchar(255) DEFAULT NULL,
  PRIMARY KEY (`ruleid`),
  KEY `nid` (`nid`)
) ENGINE=MyISAM  DEFAULT CHARSET=utf8 AUTO_INCREMENT=3 ;

--
-- Dumping data for table `webform_validation_rule`
--

INSERT INTO `webform_validation_rule` (`ruleid`, `rulename`, `nid`, `validator`, `data`, `error_message`) VALUES
(1, 'Web Link', 11, 'regex', 'https?://([-\\w\\.]+)+(:\\d+)?(/([\\w/_\\.]*(\\?\\S+)?)?)?', 'Invalid web URL'),
(2, 'Phone Number', 14, 'regex', '^(?:\\([2-9]\\d{2}\\)\\ ?|(?:[2-9]\\d{2}\\-))[2-9]\\d{2}\\-\\d{4}$', 'Invalid telephone number');

-- --------------------------------------------------------

--
-- Table structure for table `webform_validation_rule_components`
--

CREATE TABLE IF NOT EXISTS `webform_validation_rule_components` (
  `ruleid` int(10) unsigned NOT NULL DEFAULT '0',
  `cid` int(10) unsigned NOT NULL DEFAULT '0',
  PRIMARY KEY (`ruleid`,`cid`)
) ENGINE=MyISAM DEFAULT CHARSET=utf8;

--
-- Dumping data for table `webform_validation_rule_components`
--

INSERT INTO `webform_validation_rule_components` (`ruleid`, `cid`) VALUES
(1, 4),
(2, 8);
