-- phpMyAdmin SQL Dump
-- version 3.3.9
-- http://www.phpmyadmin.net
--
-- Host: localhost
-- Generation Time: Oct 01, 2012 at 11:03 AM
-- Server version: 5.1.53
-- PHP Version: 5.3.4

SET SQL_MODE="NO_AUTO_VALUE_ON_ZERO";


/*!40101 SET @OLD_CHARACTER_SET_CLIENT=@@CHARACTER_SET_CLIENT */;
/*!40101 SET @OLD_CHARACTER_SET_RESULTS=@@CHARACTER_SET_RESULTS */;
/*!40101 SET @OLD_COLLATION_CONNECTION=@@COLLATION_CONNECTION */;
/*!40101 SET NAMES utf8 */;

--
-- Database: `rmi_test`
--

-- --------------------------------------------------------

--
-- Table structure for table `access`
--

CREATE TABLE IF NOT EXISTS `access` (
  `aid` int(11) NOT NULL AUTO_INCREMENT,
  `mask` varchar(255) NOT NULL DEFAULT '',
  `type` varchar(255) NOT NULL DEFAULT '',
  `status` tinyint(4) NOT NULL DEFAULT '0',
  PRIMARY KEY (`aid`)
) ENGINE=MyISAM DEFAULT CHARSET=utf8 AUTO_INCREMENT=1 ;

--
-- Dumping data for table `access`
--


-- --------------------------------------------------------

--
-- Table structure for table `actions`
--

CREATE TABLE IF NOT EXISTS `actions` (
  `aid` varchar(255) NOT NULL DEFAULT '0',
  `type` varchar(32) NOT NULL DEFAULT '',
  `callback` varchar(255) NOT NULL DEFAULT '',
  `parameters` longtext NOT NULL,
  `description` varchar(255) NOT NULL DEFAULT '0',
  PRIMARY KEY (`aid`)
) ENGINE=MyISAM DEFAULT CHARSET=utf8;

--
-- Dumping data for table `actions`
--

INSERT INTO `actions` (`aid`, `type`, `callback`, `parameters`, `description`) VALUES
('comment_publish_action', 'comment', 'comment_publish_action', '', 'Publish comment'),
('comment_unpublish_action', 'comment', 'comment_unpublish_action', '', 'Unpublish comment'),
('node_publish_action', 'node', 'node_publish_action', '', 'Publish post'),
('node_unpublish_action', 'node', 'node_unpublish_action', '', 'Unpublish post'),
('node_make_sticky_action', 'node', 'node_make_sticky_action', '', 'Make post sticky'),
('node_make_unsticky_action', 'node', 'node_make_unsticky_action', '', 'Make post unsticky'),
('node_promote_action', 'node', 'node_promote_action', '', 'Promote post to front page'),
('node_unpromote_action', 'node', 'node_unpromote_action', '', 'Remove post from front page'),
('node_save_action', 'node', 'node_save_action', '', 'Save post'),
('user_block_user_action', 'user', 'user_block_user_action', '', 'Block current user'),
('user_block_ip_action', 'user', 'user_block_ip_action', '', 'Ban IP address of current user');

-- --------------------------------------------------------

--
-- Table structure for table `actions_aid`
--

CREATE TABLE IF NOT EXISTS `actions_aid` (
  `aid` int(10) unsigned NOT NULL AUTO_INCREMENT,
  PRIMARY KEY (`aid`)
) ENGINE=MyISAM DEFAULT CHARSET=utf8 AUTO_INCREMENT=1 ;

--
-- Dumping data for table `actions_aid`
--


-- --------------------------------------------------------

--
-- Table structure for table `authmap`
--

CREATE TABLE IF NOT EXISTS `authmap` (
  `aid` int(10) unsigned NOT NULL AUTO_INCREMENT,
  `uid` int(11) NOT NULL DEFAULT '0',
  `authname` varchar(128) NOT NULL DEFAULT '',
  `module` varchar(128) NOT NULL DEFAULT '',
  PRIMARY KEY (`aid`),
  UNIQUE KEY `authname` (`authname`)
) ENGINE=MyISAM DEFAULT CHARSET=utf8 AUTO_INCREMENT=1 ;

--
-- Dumping data for table `authmap`
--


-- --------------------------------------------------------

--
-- Table structure for table `batch`
--

CREATE TABLE IF NOT EXISTS `batch` (
  `bid` int(10) unsigned NOT NULL AUTO_INCREMENT,
  `token` varchar(64) NOT NULL,
  `timestamp` int(11) NOT NULL,
  `batch` longtext,
  PRIMARY KEY (`bid`),
  KEY `token` (`token`)
) ENGINE=MyISAM  DEFAULT CHARSET=utf8 AUTO_INCREMENT=3 ;

--
-- Dumping data for table `batch`
--


-- --------------------------------------------------------

--
-- Table structure for table `blocks`
--

CREATE TABLE IF NOT EXISTS `blocks` (
  `bid` int(11) NOT NULL AUTO_INCREMENT,
  `module` varchar(64) NOT NULL DEFAULT '',
  `delta` varchar(32) NOT NULL DEFAULT '0',
  `theme` varchar(64) NOT NULL DEFAULT '',
  `status` tinyint(4) NOT NULL DEFAULT '0',
  `weight` tinyint(4) NOT NULL DEFAULT '0',
  `region` varchar(64) NOT NULL DEFAULT '',
  `custom` tinyint(4) NOT NULL DEFAULT '0',
  `throttle` tinyint(4) NOT NULL DEFAULT '0',
  `visibility` tinyint(4) NOT NULL DEFAULT '0',
  `pages` text NOT NULL,
  `title` varchar(64) NOT NULL DEFAULT '',
  `cache` tinyint(4) NOT NULL DEFAULT '1',
  PRIMARY KEY (`bid`),
  UNIQUE KEY `tmd` (`theme`,`module`,`delta`),
  KEY `list` (`theme`,`status`,`region`,`weight`,`module`)
) ENGINE=MyISAM  DEFAULT CHARSET=utf8 AUTO_INCREMENT=29 ;

--
-- Dumping data for table `blocks`
--

INSERT INTO `blocks` (`bid`, `module`, `delta`, `theme`, `status`, `weight`, `region`, `custom`, `throttle`, `visibility`, `pages`, `title`, `cache`) VALUES
(1, 'user', '0', 'garland', 1, 0, 'left', 0, 0, 0, '', '', -1),
(2, 'user', '1', 'garland', 1, 0, 'left', 0, 0, 0, '', '', -1),
(3, 'system', '0', 'garland', 1, 10, 'footer', 0, 0, 0, '', '', -1),
(4, 'comment', '0', 'garland', 0, 0, '', 0, 0, 0, '', '', 1),
(5, 'menu', 'primary-links', 'garland', 0, 0, '', 0, 0, 0, '', '', -1),
(6, 'menu', 'secondary-links', 'garland', 0, 0, '', 0, 0, 0, '', '', -1),
(7, 'node', '0', 'garland', 0, 0, '', 0, 0, 0, '', '', -1),
(8, 'user', '2', 'garland', 0, 0, '', 0, 0, 0, '', '', 1),
(9, 'user', '3', 'garland', 0, 0, '', 0, 0, 0, '', '', -1),
(10, 'form_builder', 'fields', 'garland', 0, 0, '', 0, 0, 0, '', '', 1),
(11, 'search', '0', 'garland', 0, 0, '', 0, 0, 0, '', '', -1),
(12, 'logintoboggan', '0', 'garland', 0, 0, '', 0, 0, 0, '', '', -1),
(13, 'profile', '0', 'garland', 0, 0, '', 0, 0, 0, '', '', 5),
(14, 'comment', '0', 'rmi', 0, -4, '', 0, 0, 0, '', '', 1),
(15, 'form_builder', 'fields', 'rmi', 0, 0, 'left', 0, 0, 0, '', '', 1),
(16, 'logintoboggan', '0', 'rmi', 0, -6, '', 0, 0, 0, '', '', -1),
(17, 'menu', 'primary-links', 'rmi', 0, -5, '', 0, 0, 0, '', '', -1),
(18, 'menu', 'secondary-links', 'rmi', 0, -2, '', 0, 0, 0, '', '', -1),
(19, 'node', '0', 'rmi', 0, -1, '', 0, 0, 0, '', '', -1),
(20, 'profile', '0', 'rmi', 0, -7, '', 0, 0, 0, '', '', 5),
(21, 'search', '0', 'rmi', 0, -3, '', 0, 0, 0, '', '', -1),
(22, 'user', '2', 'rmi', 0, 0, '', 0, 0, 0, '', '', 1),
(23, 'user', '3', 'rmi', 0, 1, '', 0, 0, 0, '', '', -1),
(24, 'system', '0', 'rmi', 1, -7, 'footer', 0, 0, 0, '', '', -1),
(25, 'user', '0', 'rmi', 1, 0, 'left', 0, 0, 0, '', '', -1),
(26, 'user', '1', 'rmi', 1, 0, 'left', 0, 0, 0, '', '', -1),
(27, 'menu', 'menu-my-account-nav', 'rmi', 1, 0, 'accountnav', 0, 0, 1, 'user/account\r\nuser/*/edit/chgpwd\r\nuser/contacts\r\nuser/contacts/*', '<none>', -1),
(28, 'menu', 'menu-my-account-nav', 'garland', 0, 0, '', 0, 0, 1, 'user/account\r\nuser/*/edit/chgpwd\r\nuser/contacts\r\nuser/contacts/*', '<none>', -1);

-- --------------------------------------------------------

--
-- Table structure for table `blocks_roles`
--

CREATE TABLE IF NOT EXISTS `blocks_roles` (
  `module` varchar(64) NOT NULL,
  `delta` varchar(32) NOT NULL,
  `rid` int(10) unsigned NOT NULL,
  PRIMARY KEY (`module`,`delta`,`rid`),
  KEY `rid` (`rid`)
) ENGINE=MyISAM DEFAULT CHARSET=utf8;

--
-- Dumping data for table `blocks_roles`
--


-- --------------------------------------------------------

--
-- Table structure for table `boxes`
--

CREATE TABLE IF NOT EXISTS `boxes` (
  `bid` int(10) unsigned NOT NULL AUTO_INCREMENT,
  `body` longtext,
  `info` varchar(128) NOT NULL DEFAULT '',
  `format` smallint(6) NOT NULL DEFAULT '0',
  PRIMARY KEY (`bid`),
  UNIQUE KEY `info` (`info`)
) ENGINE=MyISAM DEFAULT CHARSET=utf8 AUTO_INCREMENT=1 ;

--
-- Dumping data for table `boxes`
--


-- --------------------------------------------------------

--
-- Table structure for table `cache`
--

CREATE TABLE IF NOT EXISTS `cache` (
  `cid` varchar(255) NOT NULL DEFAULT '',
  `data` longblob,
  `expire` int(11) NOT NULL DEFAULT '0',
  `created` int(11) NOT NULL DEFAULT '0',
  `headers` text,
  `serialized` smallint(6) NOT NULL DEFAULT '0',
  PRIMARY KEY (`cid`),
  KEY `expire` (`expire`)
) ENGINE=MyISAM DEFAULT CHARSET=utf8;

--
-- Dumping data for table `cache`
--


-- --------------------------------------------------------

--
-- Table structure for table `cache_block`
--

CREATE TABLE IF NOT EXISTS `cache_block` (
  `cid` varchar(255) NOT NULL DEFAULT '',
  `data` longblob,
  `expire` int(11) NOT NULL DEFAULT '0',
  `created` int(11) NOT NULL DEFAULT '0',
  `headers` text,
  `serialized` smallint(6) NOT NULL DEFAULT '0',
  PRIMARY KEY (`cid`),
  KEY `expire` (`expire`)
) ENGINE=MyISAM DEFAULT CHARSET=utf8;

--
-- Dumping data for table `cache_block`
--


-- --------------------------------------------------------

--
-- Table structure for table `cache_filter`
--

CREATE TABLE IF NOT EXISTS `cache_filter` (
  `cid` varchar(255) NOT NULL DEFAULT '',
  `data` longblob,
  `expire` int(11) NOT NULL DEFAULT '0',
  `created` int(11) NOT NULL DEFAULT '0',
  `headers` text,
  `serialized` smallint(6) NOT NULL DEFAULT '0',
  PRIMARY KEY (`cid`),
  KEY `expire` (`expire`)
) ENGINE=MyISAM DEFAULT CHARSET=utf8;

--
-- Dumping data for table `cache_filter`
--


-- --------------------------------------------------------

--
-- Table structure for table `cache_form`
--

CREATE TABLE IF NOT EXISTS `cache_form` (
  `cid` varchar(255) NOT NULL DEFAULT '',
  `data` longblob,
  `expire` int(11) NOT NULL DEFAULT '0',
  `created` int(11) NOT NULL DEFAULT '0',
  `headers` text,
  `serialized` smallint(6) NOT NULL DEFAULT '0',
  PRIMARY KEY (`cid`),
  KEY `expire` (`expire`)
) ENGINE=MyISAM DEFAULT CHARSET=utf8;

--
-- Dumping data for table `cache_form`
--


-- --------------------------------------------------------

--
-- Table structure for table `cache_menu`
--

CREATE TABLE IF NOT EXISTS `cache_menu` (
  `cid` varchar(255) NOT NULL DEFAULT '',
  `data` longblob,
  `expire` int(11) NOT NULL DEFAULT '0',
  `created` int(11) NOT NULL DEFAULT '0',
  `headers` text,
  `serialized` smallint(6) NOT NULL DEFAULT '0',
  PRIMARY KEY (`cid`),
  KEY `expire` (`expire`)
) ENGINE=MyISAM DEFAULT CHARSET=utf8;

--
-- Dumping data for table `cache_menu`
--


-- --------------------------------------------------------

--
-- Table structure for table `cache_page`
--

CREATE TABLE IF NOT EXISTS `cache_page` (
  `cid` varchar(255) NOT NULL DEFAULT '',
  `data` longblob,
  `expire` int(11) NOT NULL DEFAULT '0',
  `created` int(11) NOT NULL DEFAULT '0',
  `headers` text,
  `serialized` smallint(6) NOT NULL DEFAULT '0',
  PRIMARY KEY (`cid`),
  KEY `expire` (`expire`)
) ENGINE=MyISAM DEFAULT CHARSET=utf8;

--
-- Dumping data for table `cache_page`
--


-- --------------------------------------------------------

--
-- Table structure for table `cache_update`
--

CREATE TABLE IF NOT EXISTS `cache_update` (
  `cid` varchar(255) NOT NULL DEFAULT '',
  `data` longblob,
  `expire` int(11) NOT NULL DEFAULT '0',
  `created` int(11) NOT NULL DEFAULT '0',
  `headers` text,
  `serialized` smallint(6) NOT NULL DEFAULT '0',
  PRIMARY KEY (`cid`),
  KEY `expire` (`expire`)
) ENGINE=MyISAM DEFAULT CHARSET=utf8;

--
-- Dumping data for table `cache_update`
--


-- --------------------------------------------------------

--
-- Table structure for table `comments`
--

CREATE TABLE IF NOT EXISTS `comments` (
  `cid` int(11) NOT NULL AUTO_INCREMENT,
  `pid` int(11) NOT NULL DEFAULT '0',
  `nid` int(11) NOT NULL DEFAULT '0',
  `uid` int(11) NOT NULL DEFAULT '0',
  `subject` varchar(64) NOT NULL DEFAULT '',
  `comment` longtext NOT NULL,
  `hostname` varchar(128) NOT NULL DEFAULT '',
  `timestamp` int(11) NOT NULL DEFAULT '0',
  `status` tinyint(3) unsigned NOT NULL DEFAULT '0',
  `format` smallint(6) NOT NULL DEFAULT '0',
  `thread` varchar(255) NOT NULL,
  `name` varchar(60) DEFAULT NULL,
  `mail` varchar(64) DEFAULT NULL,
  `homepage` varchar(255) DEFAULT NULL,
  PRIMARY KEY (`cid`),
  KEY `pid` (`pid`),
  KEY `nid` (`nid`),
  KEY `comment_uid` (`uid`),
  KEY `status` (`status`)
) ENGINE=MyISAM DEFAULT CHARSET=utf8 AUTO_INCREMENT=1 ;

--
-- Dumping data for table `comments`
--


-- --------------------------------------------------------

--
-- Table structure for table `content_access`
--

CREATE TABLE IF NOT EXISTS `content_access` (
  `nid` int(10) unsigned NOT NULL DEFAULT '0',
  `settings` mediumtext,
  PRIMARY KEY (`nid`)
) ENGINE=MyISAM DEFAULT CHARSET=utf8;

--
-- Dumping data for table `content_access`
--


-- --------------------------------------------------------

--
-- Table structure for table `datagroup_submissions`
--

CREATE TABLE IF NOT EXISTS `datagroup_submissions` (
  `sid` int(10) unsigned NOT NULL AUTO_INCREMENT,
  `nid` int(10) unsigned NOT NULL DEFAULT '0',
  `uid` int(10) unsigned NOT NULL DEFAULT '0',
  `is_draft` tinyint(4) NOT NULL DEFAULT '0',
  `submitted` int(11) NOT NULL DEFAULT '0',
  `remote_addr` varchar(128) DEFAULT NULL,
  PRIMARY KEY (`sid`),
  UNIQUE KEY `sid_nid` (`sid`,`nid`),
  KEY `nid_uid_sid` (`nid`,`uid`,`sid`),
  KEY `nid_sid` (`nid`,`sid`)
) ENGINE=MyISAM  DEFAULT CHARSET=utf8 AUTO_INCREMENT=245 ;

--
-- Dumping data for table `datagroup_submissions`
--

INSERT INTO `datagroup_submissions` (`sid`, `nid`, `uid`, `is_draft`, `submitted`, `remote_addr`) VALUES
(201, 5, 113, 0, 1346238919, '115.186.146.97'),
(193, 3, 126, 0, 1345900036, '115.186.146.97'),
(200, 4, 113, 0, 1346059711, '115.186.146.97'),
(191, 9, 126, 0, 1345883160, '115.186.146.97'),
(190, 4, 1, 0, 1345876107, '115.186.146.97'),
(189, 4, 1, 0, 1345875817, '115.186.146.97'),
(188, 13, 126, 0, 1345812081, '115.186.146.97'),
(187, 11, 126, 0, 1345811836, '115.186.146.97'),
(186, 2, 126, 0, 1345811782, '115.186.146.97'),
(185, 5, 126, 0, 1345811438, '115.186.146.97'),
(184, 7, 126, 0, 1345811341, '115.186.146.97'),
(183, 8, 126, 0, 1345810763, '115.186.146.97'),
(182, 3, 126, 0, 1345810383, '115.186.146.97'),
(181, 3, 126, 0, 1345881994, '115.186.146.97'),
(180, 10, 126, 0, 1345810155, '115.186.146.97'),
(179, 6, 126, 0, 1345809747, '115.186.146.97'),
(178, 4, 126, 0, 1345808262, '115.186.146.97'),
(177, 14, 126, 0, 1345807020, '115.186.146.97'),
(176, 4, 126, 0, 1345805851, '115.186.146.97'),
(38, 4, 1, 0, 1345875219, '115.186.146.97'),
(39, 3, 1, 0, 1345903235, '115.186.146.97'),
(40, 10, 1, 0, 1343816346, '115.186.146.97'),
(41, 13, 1, 0, 1344405802, '115.186.146.97'),
(175, 11, 126, 0, 1345805466, '115.186.146.97'),
(174, 9, 126, 0, 1345811167, '115.186.146.97'),
(173, 12, 126, 0, 1345804847, '115.186.146.97'),
(167, 8, 1, 0, 1345726122, '115.186.146.97'),
(166, 7, 1, 0, 1345719608, '115.186.146.97'),
(165, 9, 1, 0, 1345719537, '115.186.146.97'),
(164, 12, 1, 0, 1345719428, '115.186.146.97'),
(163, 8, 1, 0, 1345724733, '115.186.146.97'),
(162, 11, 1, 0, 1345718396, '115.186.146.97'),
(198, 14, 113, 0, 1345903704, '115.186.146.97'),
(171, 4, 116, 0, 1345804213, '115.186.146.97'),
(159, 3, 113, 0, 1345706989, '115.186.146.97'),
(158, 2, 113, 0, 1345702927, '115.186.146.97'),
(157, 2, 113, 0, 1345702790, '115.186.146.97'),
(156, 2, 1, 0, 1345701255, '115.186.146.97'),
(154, 11, 113, 0, 1345202377, '115.186.146.97'),
(153, 11, 113, 0, 1345201014, '115.186.146.97'),
(152, 11, 113, 0, 1345202583, '115.186.146.97'),
(151, 7, 113, 0, 1345200016, '115.186.146.97'),
(149, 9, 113, 0, 1345199845, '115.186.146.97'),
(146, 10, 113, 0, 1345198675, '115.186.146.97'),
(145, 6, 113, 0, 1345198632, '115.186.146.97'),
(144, 3, 113, 0, 1345198080, '115.186.146.97'),
(137, 5, 1, 0, 1345015777, '115.186.146.97'),
(136, 14, 1, 0, 1346218930, '115.186.146.97'),
(138, 14, 113, 0, 1345032289, '182.180.65.160'),
(133, 3, 1, 0, 1345012317, '115.186.146.97'),
(132, 13, 101, 0, 1345011245, '182.180.65.160'),
(131, 2, 101, 0, 1345011221, '182.180.65.160'),
(130, 5, 101, 0, 1345010966, '182.180.65.160'),
(129, 7, 101, 0, 1345010882, '182.180.65.160'),
(128, 9, 101, 0, 1345010860, '182.180.65.160'),
(127, 12, 101, 0, 1345010797, '182.180.65.160'),
(126, 8, 101, 0, 1345010635, '182.180.65.160'),
(125, 3, 101, 0, 1345010533, '182.180.65.160'),
(139, 13, 1, 0, 1345118297, '115.186.146.97'),
(140, 14, 121, 0, 1345195819, '115.186.146.97'),
(121, 10, 101, 0, 1345010349, '182.180.65.160'),
(120, 6, 101, 0, 1345010328, '182.180.65.160'),
(119, 6, 101, 0, 1345010308, '182.180.65.160'),
(118, 4, 101, 0, 1345010282, '182.180.65.160'),
(117, 14, 101, 0, 1345014618, '182.180.65.160'),
(116, 4, 112, 0, 1344860976, '182.180.65.160'),
(115, 3, 112, 0, 1344860045, '182.180.65.160'),
(114, 14, 1, 0, 1345708749, '182.180.65.160'),
(91, 14, 103, 0, 1344859353, '115.186.146.97'),
(92, 4, 103, 0, 1344428516, '115.186.146.97'),
(93, 6, 1, 0, 1344334233, '115.186.146.97'),
(94, 4, 1, 0, 1344334744, '115.186.146.97'),
(143, 4, 121, 0, 1345197043, '115.186.146.97'),
(142, 4, 121, 0, 1345196867, '115.186.146.97'),
(97, 4, 113, 0, 1345011910, '182.180.65.160'),
(98, 4, 113, 0, 1344404645, '182.180.65.160'),
(99, 4, 113, 0, 1344410472, '115.186.146.97'),
(100, 6, 113, 0, 1345198607, '115.186.146.97'),
(147, 8, 113, 0, 1345199099, '115.186.146.97'),
(102, 8, 113, 0, 1344413946, '115.186.146.97'),
(103, 8, 113, 0, 1344414010, '115.186.146.97'),
(150, 9, 113, 0, 1345199854, '115.186.146.97'),
(105, 13, 113, 0, 1344414765, '115.186.146.97'),
(106, 9, 113, 0, 1345032311, '115.186.146.97'),
(107, 9, 113, 0, 1344415210, '115.186.146.97'),
(108, 5, 113, 0, 1344416051, '115.186.146.97'),
(109, 5, 113, 0, 1344423872, '115.186.146.97'),
(110, 5, 113, 0, 1344423911, '115.186.146.97'),
(111, 5, 113, 0, 1344423958, '115.186.146.97'),
(112, 5, 113, 0, 1345200612, '115.186.146.97'),
(141, 14, 121, 0, 1345196451, '115.186.146.97'),
(202, 3, 113, 0, 1346219197, '115.186.146.97'),
(203, 3, 113, 0, 1346219576, '115.186.146.97'),
(204, 3, 113, 0, 1346219668, '115.186.146.97'),
(205, 3, 113, 0, 1346237490, '115.186.146.97'),
(206, 14, 113, 0, 1346227562, '115.186.146.97'),
(207, 3, 113, 0, 1346227601, '115.186.146.97'),
(208, 3, 1, 0, 1346227759, '115.186.146.97'),
(209, 5, 113, 0, 1346239169, '115.186.146.97'),
(210, 3, 1, 0, 1346239528, '115.186.146.97'),
(211, 3, 1, 0, 1346240741, '115.186.146.97'),
(212, 3, 113, 0, 1346241136, '115.186.146.97'),
(213, 3, 113, 0, 1346241450, '115.186.146.97'),
(214, 3, 113, 0, 1346241607, '115.186.146.97'),
(215, 3, 113, 0, 1346242488, '115.186.146.97'),
(216, 3, 113, 0, 1346244021, '115.186.146.97'),
(217, 14, 113, 0, 1346244261, '115.186.146.97'),
(218, 14, 113, 0, 1346244627, '115.186.146.97'),
(219, 4, 127, 0, 1346304195, '182.180.65.113'),
(221, 14, 129, 0, 1346327455, '182.180.65.113'),
(222, 4, 129, 0, 1346327729, '182.180.65.113'),
(223, 5, 1, 0, 1346327740, '115.186.146.97'),
(224, 5, 1, 0, 1346327763, '115.186.146.97'),
(225, 5, 1, 0, 1346327789, '115.186.146.97'),
(226, 6, 129, 0, 1346386922, '182.180.65.113'),
(227, 10, 129, 0, 1346386985, '182.180.65.113'),
(228, 3, 129, 0, 1346387332, '182.180.65.113'),
(229, 2, 129, 0, 1346387380, '182.180.65.113'),
(230, 5, 113, 0, 1346389633, '115.186.146.97'),
(231, 5, 1, 0, 1346389853, '115.186.146.97'),
(232, 14, 1, 0, 1346390274, '115.186.146.97'),
(233, 4, 113, 0, 1346405313, '115.186.146.97'),
(234, 3, 113, 0, 1346405883, '115.186.146.97'),
(235, 9, 113, 0, 1346406378, '115.186.146.97'),
(236, 9, 113, 0, 1346406700, '115.186.146.97'),
(238, 8, 129, 0, 1346993734, '182.180.65.113'),
(239, 11, 129, 0, 1346993860, '182.180.65.113'),
(240, 7, 129, 0, 1346993905, '182.180.65.113'),
(241, 12, 129, 0, 1346993929, '182.180.65.113'),
(242, 5, 129, 0, 1346994041, '182.180.65.113'),
(243, 13, 129, 0, 1346994128, '182.180.65.113'),
(244, 9, 129, 0, 1346994876, '182.180.65.113');

-- --------------------------------------------------------

--
-- Table structure for table `datagroup_submitted_data`
--

CREATE TABLE IF NOT EXISTS `datagroup_submitted_data` (
  `nid` int(10) unsigned NOT NULL DEFAULT '0',
  `sid` int(10) unsigned NOT NULL DEFAULT '0',
  `cid` smallint(5) unsigned NOT NULL DEFAULT '0',
  `data` mediumtext NOT NULL,
  `uid` int(10) unsigned NOT NULL DEFAULT '0',
  KEY `nid` (`nid`),
  KEY `sid_nid` (`sid`,`nid`)
) ENGINE=MyISAM DEFAULT CHARSET=utf8;

--
-- Dumping data for table `datagroup_submitted_data`
--

INSERT INTO `datagroup_submitted_data` (`nid`, `sid`, `cid`, `data`, `uid`) VALUES
(11, 187, 1, 'Hello this is test product', 126),
(2, 186, 2, '123-12-3123', 126),
(2, 186, 1, '1972-04-03', 126),
(5, 185, 5, 'Occasionally', 126),
(5, 185, 4, 'Smoker', 126),
(5, 185, 3, 'asdas', 126),
(5, 185, 2, 'Aspirin', 126),
(5, 185, 1, 'Asthama', 126),
(7, 184, 2, '1972-03-02', 126),
(7, 184, 1, 'Recall', 126),
(8, 183, 5, '123123', 126),
(8, 183, 4, '79', 126),
(8, 183, 3, '1941-02-02', 126),
(8, 183, 2, '1940-02-01', 126),
(8, 183, 1, 'Passport', 126),
(10, 180, 3, '', 126),
(10, 180, 2, '', 126),
(10, 180, 1, '', 126),
(6, 179, 3, '1971-02-02', 126),
(6, 179, 2, '15211421', 126),
(6, 179, 1, 'Rent', 126),
(4, 178, 14, '77', 126),
(4, 178, 13, '50555', 126),
(4, 178, 12, 'www.google.com', 126),
(4, 178, 3, '1942-02-03', 126),
(4, 178, 2, '1940-02-02', 126),
(4, 178, 1, 'microsoft', 126),
(14, 177, 3, 'asd@asfda.com', 126),
(14, 177, 2, 'asd', 126),
(14, 177, 1, 'asd', 126),
(4, 176, 14, '', 126),
(4, 176, 13, '', 126),
(4, 176, 12, '', 126),
(4, 176, 3, '', 126),
(4, 176, 2, '', 126),
(4, 176, 1, '', 126),
(11, 175, 4, '', 126),
(11, 175, 3, '75', 126),
(11, 175, 2, '1972-03-02', 126),
(11, 175, 1, '|S', 126),
(9, 174, 3, '\\alfkapsklf\r\nasdzsadfasd dfg dsgfsdf sdfsdf asdzsadfasd dfg dsgfsdf sdfsdf asdzsadfasd dfg dsgfsdf sdfsdf asdzsadfasd dfg dsgfsdf sdfsdf asdzsadfasd dfg dsgfsdf sdfsdf asdzsadfasd dfg dsgfsdf sdfsdf asdzsadfasd dfg dsgfsdf sdfsdf asdzsadfasd dfg dsgfsdf sdfsdf asdzsadfasd dfg dsgfsdf sdfsdf asdzsadfasd dfg dsgfsdf sdfsdf sfdsd\r\nasd\r\nasd\r\nas\r\ndas\r\ndas\r\nd\r\nad\r\nad\r\nasd\r\nasd\r\nas\r\nd\r\nasdas', 126),
(9, 174, 2, '74', 126),
(9, 174, 1, 'Business', 126),
(12, 173, 2, '73', 126),
(12, 173, 1, '', 126),
(4, 171, 14, '71', 116),
(8, 167, 5, '1234654', 1),
(8, 167, 4, '', 1),
(8, 167, 3, '1957-03-03', 1),
(8, 167, 2, '1941-02-02', 1),
(8, 167, 1, 'Passport', 1),
(7, 166, 2, '1971-01-02', 1),
(7, 166, 1, 'Recall', 1),
(9, 165, 3, 'afdsfsdfsd', 1),
(9, 165, 2, '69', 1),
(9, 165, 1, 'Home', 1),
(12, 164, 2, '68', 1),
(12, 164, 1, 'Furniture ', 1),
(8, 163, 5, '1234654', 1),
(8, 163, 4, '70', 1),
(8, 163, 3, '1991-02-02', 1),
(8, 163, 2, '1941-02-02', 1),
(8, 163, 1, 'Passport', 1),
(11, 162, 3, '67', 1),
(11, 162, 4, 'http://www.google.com', 1),
(11, 162, 2, '1995-01-03', 1),
(11, 162, 1, 'Tret', 1),
(4, 171, 13, 'asdsa\r\nas\r\nsad\r\nsad\r\nsad\r\nsa\r\ndasd\r\nas\r\nda\r\ns\r\nas\r\nas\r\nsa\r\n', 116),
(4, 171, 12, 'dfsdfsdfsdf', 116),
(4, 171, 3, '1954-03-04', 116),
(4, 171, 2, '1941-02-02', 116),
(4, 171, 1, 'Google', 116),
(2, 158, 2, '123-12-1231', 113),
(2, 158, 1, '1972-02-02', 113),
(2, 157, 2, '555-55-5555', 113),
(2, 157, 1, '1971-02-02', 113),
(2, 156, 2, '789-65-1124', 1),
(2, 156, 1, '1971-03-03', 1),
(11, 154, 4, '', 113),
(11, 154, 3, '', 113),
(11, 154, 2, '', 113),
(4, 38, 1, 'Google.com', 1),
(4, 38, 2, '1942-02-04', 1),
(4, 38, 3, '1943-02-21', 1),
(4, 38, 12, 'dfsdfsdfsdf1', 1),
(4, 38, 13, 'asdfsd454', 1),
(4, 38, 14, '26', 1),
(10, 40, 1, 'Web', 1),
(10, 40, 2, 'Methane', 1),
(10, 40, 3, '(999)999-1001', 1),
(13, 41, 1, 'Twitter', 1),
(13, 41, 2, 'http://www.facebook.com/50cent', 1),
(13, 41, 3, '789456AD', 1),
(11, 154, 1, '', 113),
(11, 153, 4, 'http://www.example.com/', 113),
(11, 153, 3, '', 113),
(11, 153, 2, '', 113),
(11, 153, 1, 'sdfs', 113),
(11, 152, 4, 'http://www.example.com/', 113),
(11, 152, 3, '64', 113),
(11, 152, 2, '1972-02-03', 113),
(11, 152, 1, 'asdas', 113),
(7, 151, 2, '1972-02-02', 113),
(7, 151, 1, 'Recall', 113),
(9, 150, 3, '', 113),
(9, 150, 2, '', 113),
(9, 150, 1, '', 113),
(9, 149, 2, '62', 113),
(9, 149, 1, 'Home', 113),
(8, 147, 5, '859687', 113),
(8, 147, 4, '60', 113),
(8, 147, 3, '1942-02-02', 113),
(10, 146, 3, '(999)999-9999', 113),
(10, 146, 2, 'Inzimam', 113),
(10, 146, 1, 'Web', 113),
(6, 145, 3, '1971-02-02', 113),
(4, 143, 14, '', 121),
(6, 145, 1, 'Rent', 113),
(6, 145, 2, '51555454', 113),
(4, 143, 13, '', 121),
(4, 143, 12, '', 121),
(4, 143, 3, '', 121),
(4, 143, 2, '', 121),
(4, 142, 12, 'hello.here', 121),
(4, 142, 13, '', 121),
(4, 142, 14, '', 121),
(4, 143, 1, '', 121),
(4, 142, 3, '1942-03-02', 121),
(4, 142, 2, '1942-03-02', 121),
(4, 142, 1, 'HGFJGFUJ', 121),
(14, 141, 3, 'a@a.com', 121),
(14, 141, 2, 'ljhsdlkjf', 121),
(14, 141, 1, 'Hello', 121),
(5, 137, 5, 'Never', 1),
(5, 137, 4, 'No Smoker', 1),
(5, 137, 3, 'Lorem ipsum dolor sit amet, consectetur adipisicing elit,', 1),
(5, 137, 2, 'Test Medications', 1),
(5, 137, 1, 'Test Allergies', 1),
(14, 136, 3, 'sdfgsd@dfgh.cyg', 1),
(14, 136, 2, 'dgdfg', 1),
(14, 136, 1, 'tedt', 1),
(14, 138, 3, '', 113),
(14, 138, 2, 'gdfgdfgdfgdfg', 113),
(14, 138, 1, 'gsdfgdf', 113),
(14, 140, 1, 'Muhammad usman', 121),
(14, 140, 2, ';lkmasd;lka;l\r\n\r\na\r\n\r\nas\r\ndasd\r\nasd\r\nassd\r\nasd\r\nasd\r\nas\r\ndas\r\nd\r\nasd\r\nasd\r\nas\r\nd\r\nas\r\nd', 121),
(13, 139, 3, '46512321', 1),
(13, 132, 3, 'asd', 101),
(13, 132, 2, 'jira.mwa.vizteck33@vizteck.com', 101),
(13, 132, 1, 'Pinterest', 101),
(2, 131, 2, '232-23-2323', 101),
(2, 131, 1, '1973-02-03', 101),
(5, 130, 5, 'Never', 101),
(5, 130, 4, 'Smoker', 101),
(5, 130, 3, 'Not known', 101),
(5, 130, 2, 'Aspirin', 101),
(5, 130, 1, 'Asthama', 101),
(7, 129, 2, '1974-01-01', 101),
(7, 129, 1, 'Auto Service', 101),
(9, 128, 3, 'these are test notes', 101),
(9, 128, 2, '58', 101),
(9, 128, 1, 'Home', 101),
(12, 127, 2, '57', 101),
(12, 127, 1, 'Furniture ', 101),
(8, 126, 5, '', 101),
(8, 126, 4, '56', 101),
(8, 126, 3, '1947-01-02', 101),
(8, 126, 2, '1943-02-02', 101),
(8, 126, 1, 'Driver license', 101),
(10, 121, 3, '(123)123-9999', 101),
(10, 121, 2, 'Inzimam', 101),
(10, 121, 1, 'Web', 101),
(6, 120, 3, '2030-01-01', 101),
(6, 120, 2, '33', 101),
(6, 120, 1, 'Water', 101),
(6, 119, 3, '1976-01-03', 101),
(6, 119, 2, '33333', 101),
(6, 119, 1, 'Auto', 101),
(4, 118, 14, '54', 101),
(4, 118, 13, 'USD 50,000/-.\r\nAccomodation', 101),
(4, 118, 12, 'www.google.com', 101),
(4, 118, 3, '1944-02-01', 101),
(4, 118, 2, '1940-02-02', 101),
(4, 118, 1, 'microsoft', 101),
(14, 117, 3, 'a@bcom', 101),
(14, 117, 2, 'test address', 101),
(14, 117, 1, 'a@b.com', 101),
(4, 116, 14, '51', 112),
(4, 116, 13, '$4.50k plus transport', 112),
(4, 116, 12, 'Test ', 112),
(4, 116, 3, '2011-03-18', 112),
(4, 116, 2, '2010-01-01', 112),
(4, 116, 1, 'Google.com', 112),
(14, 114, 3, 'george.nelson@gmail.com', 1),
(14, 114, 2, '2843 Sherman Ave\r\nCamden, NJ 08105-442\r\n', 1),
(14, 114, 1, 'George M. Nelson', 1),
(14, 91, 1, 'Inzimam', 103),
(14, 91, 2, 'srfsdfssdfsdfsdfsdfsdf', 103),
(14, 91, 3, 'sdfgsd@dfgh.cyg', 103),
(4, 92, 1, 'microsoft', 103),
(4, 92, 2, '1943-01-02', 103),
(4, 92, 3, '1948-03-04', 103),
(4, 92, 12, 'www.google.com', 103),
(4, 92, 13, '', 103),
(4, 92, 14, '39', 103),
(6, 93, 1, 'Mortgage', 1),
(6, 93, 2, '4545', 1),
(6, 93, 3, '1970-01-01', 1),
(4, 94, 1, 'Google', 1),
(4, 94, 2, '1940-01-01', 1),
(4, 94, 3, '2012-12-31', 1),
(4, 94, 12, 'aa', 1),
(4, 94, 13, 'aa', 1),
(4, 94, 14, '', 1),
(4, 94, 0, '', 0),
(14, 140, 3, 'test@mail.com', 121),
(4, 97, 1, 'microsoft', 113),
(4, 97, 2, '1940-02-03', 113),
(4, 97, 3, '1941-03-02', 113),
(4, 97, 12, 'www.google.com', 113),
(4, 97, 13, '50.000\r\naseda', 113),
(4, 97, 14, '41', 113),
(4, 97, 0, '', 0),
(4, 98, 1, '', 113),
(4, 98, 2, '', 113),
(4, 98, 3, '', 113),
(4, 98, 12, '', 113),
(4, 98, 13, '', 113),
(4, 98, 14, '43', 113),
(4, 99, 1, '', 113),
(4, 99, 2, '1940-01-01', 113),
(4, 99, 3, '1940-02-02', 113),
(4, 99, 12, '', 113),
(4, 99, 13, '', 113),
(4, 99, 14, '', 113),
(6, 100, 1, 'Rent', 113),
(6, 100, 2, '5645456', 113),
(6, 100, 3, '1970-01-02', 113),
(8, 147, 2, '1941-02-02', 113),
(8, 147, 1, 'Driver license', 113),
(8, 102, 1, '', 113),
(8, 102, 2, '1948-02-04', 113),
(8, 102, 3, '1940-01-02', 113),
(8, 102, 4, '45', 113),
(8, 102, 5, '', 113),
(8, 103, 1, '', 113),
(8, 103, 2, '1941-01-03', 113),
(8, 103, 3, '1940-04-02', 113),
(8, 103, 4, '', 113),
(8, 103, 5, '', 113),
(9, 149, 3, 'jskljsjdf\r\n\\sdfjkljsd\r\nsdfkjlksda\r\nsdfksjdfs\r\n]\r\n', 113),
(13, 105, 1, '', 113),
(13, 105, 2, 'jira.mwa.vizteck33@vizteck.com', 113),
(13, 105, 3, 'asd', 113),
(9, 106, 1, '', 113),
(9, 106, 2, '47', 113),
(9, 106, 3, 'gchfh\r\nk;l\r\nnkml\r\n\\nklnl', 113),
(9, 107, 1, '', 113),
(9, 107, 2, '', 113),
(9, 107, 3, 'werwr\r\nasdfd\r\nasd', 113),
(5, 108, 1, 'Asthama', 113),
(5, 108, 2, 'Aspirin', 113),
(5, 108, 3, 'fthg', 113),
(5, 108, 4, 'Smoker', 113),
(5, 108, 5, 'Occasionally', 113),
(5, 109, 1, '', 113),
(5, 109, 2, '', 113),
(5, 109, 3, '', 113),
(5, 109, 4, '', 113),
(5, 109, 5, '', 113),
(5, 110, 1, '', 113),
(5, 110, 2, '', 113),
(5, 110, 3, '', 113),
(5, 110, 4, '', 113),
(5, 110, 5, '', 113),
(5, 111, 1, '', 113),
(5, 111, 2, '', 113),
(5, 111, 3, '', 113),
(5, 111, 4, '', 113),
(5, 111, 5, '', 113),
(5, 112, 1, '', 113),
(5, 112, 2, '', 113),
(5, 112, 3, '', 113),
(5, 112, 4, '', 113),
(5, 112, 5, '', 113),
(13, 139, 2, 'http://www.facebook.com/50cent', 1),
(13, 139, 1, 'Twitter', 1),
(11, 187, 2, '1972-02-02', 126),
(11, 187, 3, '80', 126),
(11, 187, 4, 'http://www.example.com/', 126),
(13, 188, 1, 'Pinterest', 126),
(13, 188, 2, 'werwer', 126),
(13, 188, 3, '24234', 126),
(4, 189, 1, 'a', 1),
(4, 189, 2, '1957-02-03', 1),
(4, 189, 3, '1962-03-04', 1),
(4, 189, 12, 'Test ', 1),
(4, 189, 13, 'asd', 1),
(4, 189, 14, '81', 1),
(4, 190, 1, 'b', 1),
(4, 190, 2, '1942-02-02', 1),
(4, 190, 3, '1950-09-06', 1),
(4, 190, 12, 'dfsdfsdfsdf', 1),
(4, 190, 13, 'asdf', 1),
(4, 190, 14, '83', 1),
(9, 191, 1, '', 126),
(9, 191, 2, '85', 126),
(9, 191, 3, 'qqq', 126),
(14, 198, 1, 'xv', 113),
(14, 198, 2, 'safa', 113),
(14, 198, 3, '', 113),
(4, 200, 14, '', 113),
(4, 200, 13, '', 113),
(4, 200, 12, '', 113),
(4, 200, 3, '', 113),
(4, 200, 2, '', 113),
(4, 200, 1, '', 113),
(5, 201, 1, 'Asthama', 113),
(5, 201, 2, 'Aspirin', 113),
(5, 201, 3, 'hello', 113),
(5, 201, 4, 'Smoker', 113),
(5, 201, 5, 'Occasionally', 113),
(14, 206, 1, 'sdf', 113),
(14, 206, 2, 'sdf', 113),
(14, 206, 3, '', 113),
(5, 209, 1, 'Asthama', 113),
(5, 209, 2, 'Aspirin', 113),
(5, 209, 3, 'erg', 113),
(5, 209, 4, 'Smoker', 113),
(5, 209, 5, 'Never', 113),
(14, 217, 1, 'wer', 113),
(14, 217, 2, 'werwre', 113),
(14, 217, 3, '', 113),
(14, 218, 1, '', 113),
(14, 218, 2, '', 113),
(14, 218, 3, '', 113),
(4, 219, 1, 'Vizteck Solutions', 127),
(4, 219, 2, '2012-07-16', 127),
(4, 219, 3, '2012-07-16', 127),
(4, 219, 12, '', 127),
(4, 219, 13, '', 127),
(4, 219, 14, '', 127),
(14, 221, 2, 'Str# 92,Sector I-8/4 Islamabad', 129),
(14, 221, 1, 'Muhammad Adnan', 129),
(14, 221, 3, 'muhammad.adnan1990@gmail.com', 129),
(4, 222, 1, 'Muhammad Adnan', 129),
(4, 222, 2, '2012-07-10', 129),
(4, 222, 3, '2012-06-10', 129),
(4, 222, 12, '03027885074', 129),
(4, 222, 13, '360000', 129),
(4, 222, 14, '88', 129),
(5, 223, 1, 'asdsa', 1),
(5, 223, 2, 'Medication', 1),
(5, 223, 3, 'asd', 1),
(5, 223, 4, 'No Smoker', 1),
(5, 223, 5, 'Occasionally', 1),
(5, 224, 1, 'Allergy', 1),
(5, 224, 2, 'Medication', 1),
(5, 224, 3, 'asdsad', 1),
(5, 224, 4, 'No Smoker', 1),
(5, 224, 5, 'Occasionally', 1),
(5, 225, 1, 'asd', 1),
(5, 225, 2, 'sad', 1),
(5, 225, 3, 'sad', 1),
(5, 225, 4, 'No Smoker', 1),
(5, 225, 5, 'Occasionally', 1),
(6, 226, 1, 'Rent', 129),
(6, 226, 2, '7500', 129),
(6, 226, 3, '2012-08-05', 129),
(10, 227, 1, 'Restaurant', 129),
(10, 227, 2, 'Habibi', 129),
(10, 227, 3, '051 786-7869', 129),
(2, 229, 1, '1990-10-16', 129),
(2, 229, 2, '', 129),
(5, 230, 1, 'zc', 113),
(5, 230, 2, 'asdasd', 113),
(5, 230, 3, 'adasdasd', 113),
(5, 230, 4, 'Smoker', 113),
(5, 230, 5, 'Occasionally', 113),
(5, 231, 1, 'asdsa', 1),
(5, 231, 2, 'asd', 1),
(5, 231, 3, 'fg', 1),
(5, 231, 4, 'No Smoker', 1),
(5, 231, 5, 'Occasionally', 1),
(14, 232, 1, 'James Spina', 1),
(14, 232, 2, 'agsda', 1),
(14, 232, 3, 'test@test.com', 1),
(4, 233, 1, 'sd', 113),
(4, 233, 2, '1942-03-02', 113),
(4, 233, 3, '1941-03-02', 113),
(4, 233, 12, 'sdfsd', 113),
(4, 233, 13, 'fsdfsdf', 113),
(4, 233, 14, '90', 113),
(9, 235, 1, 'Automobile', 113),
(9, 235, 2, '92', 113),
(9, 235, 3, '', 113),
(9, 236, 1, '', 113),
(9, 236, 2, '93', 113),
(9, 236, 3, '', 113),
(8, 238, 3, '2012-01-02', 129),
(8, 238, 2, '2005-01-02', 129),
(8, 238, 1, 'Passport', 129),
(8, 238, 4, '94', 129),
(8, 238, 5, 'AD786786', 129),
(11, 239, 1, 'Mobile', 129),
(11, 239, 2, '1990-10-16', 129),
(11, 239, 3, '95', 129),
(11, 239, 4, 'http://www.vizteck.com/', 129),
(7, 240, 1, 'Auto Service', 129),
(7, 240, 2, '2012-01-26', 129),
(12, 241, 1, 'Room', 129),
(12, 241, 2, '96', 129),
(5, 242, 1, 'Skin', 129),
(5, 242, 2, 'Dr Tayyab', 129),
(5, 242, 3, 'ABC', 129),
(5, 242, 4, 'No Smoker', 129),
(5, 242, 5, 'Never', 129),
(13, 243, 1, 'Facebook', 129),
(13, 243, 2, 'https://www.facebook.com/rao.786?', 129),
(13, 243, 3, '78626786', 129),
(9, 244, 1, 'Automobile', 129),
(9, 244, 2, '97', 129),
(9, 244, 3, 'Honda CC50', 129);

-- --------------------------------------------------------

--
-- Table structure for table `data_group_sharing`
--

CREATE TABLE IF NOT EXISTS `data_group_sharing` (
  `share_id` int(11) NOT NULL AUTO_INCREMENT,
  `uid` int(11) NOT NULL,
  `contact_uid` int(11) NOT NULL,
  `nid` int(11) NOT NULL,
  `direction` int(128) DEFAULT '0',
  PRIMARY KEY (`share_id`)
) ENGINE=MyISAM  DEFAULT CHARSET=latin1 AUTO_INCREMENT=93 ;

--
-- Dumping data for table `data_group_sharing`
--

INSERT INTO `data_group_sharing` (`share_id`, `uid`, `contact_uid`, `nid`, `direction`) VALUES
(1, 101, 113, 14, 0),
(2, 101, 113, 4, 0),
(3, 101, 113, 6, 0),
(4, 101, 113, 10, 0),
(5, 101, 113, 3, 0),
(6, 101, 113, 8, 0),
(7, 101, 113, 12, 0),
(8, 101, 113, 9, 0),
(9, 101, 113, 7, 0),
(10, 101, 113, 5, 0),
(11, 101, 113, 2, 0),
(12, 101, 113, 11, 0),
(13, 101, 113, 13, 0),
(14, 103, 113, 14, 0),
(15, 103, 113, 4, 0),
(16, 103, 113, 6, 0),
(17, 103, 113, 10, 0),
(18, 103, 113, 3, 0),
(19, 116, 113, 14, 0),
(20, 116, 113, 4, 0),
(21, 116, 113, 6, 0),
(22, 116, 113, 10, 0),
(23, 116, 113, 3, 0),
(24, 116, 113, 8, 0),
(25, 116, 113, 12, 0),
(26, 116, 113, 9, 0),
(27, 116, 113, 7, 0),
(28, 116, 113, 5, 0),
(29, 116, 113, 2, 0),
(30, 116, 113, 11, 0),
(31, 116, 113, 13, 0),
(32, 117, 113, 14, 0),
(33, 117, 113, 4, 0),
(34, 117, 113, 6, 0),
(35, 117, 113, 10, 0),
(36, 118, 113, 14, 0),
(37, 118, 113, 4, 0),
(38, 118, 113, 6, 0),
(39, 118, 113, 10, 0),
(40, 118, 113, 3, 0),
(41, 118, 113, 8, 0),
(42, 119, 113, 14, 0),
(43, 120, 113, 14, 0),
(44, 120, 113, 4, 0),
(45, 120, 113, 6, 0),
(46, 120, 113, 10, 0),
(47, 120, 113, 3, 0),
(48, 128, 128, 14, 0),
(49, 128, 128, 4, 0),
(69, 129, 132, 4, 0),
(66, 132, 129, 14, 0),
(67, 132, 129, 4, 0),
(68, 129, 132, 14, 0),
(70, 129, 132, 6, 0),
(71, 129, 132, 13, 0),
(72, 129, 132, 8, 0),
(73, 129, 132, 3, 0),
(74, 129, 132, 1, 0),
(75, 130, 132, 1, 0),
(76, 130, 132, 2, 0),
(77, 129, 132, 2, 0),
(78, 129, 132, 0, 0),
(92, 129, 101, 6, 0),
(90, 129, 101, 14, 0);

-- --------------------------------------------------------

--
-- Table structure for table `files`
--

CREATE TABLE IF NOT EXISTS `files` (
  `fid` int(10) unsigned NOT NULL AUTO_INCREMENT,
  `uid` int(10) unsigned NOT NULL DEFAULT '0',
  `filename` varchar(255) NOT NULL DEFAULT '',
  `filepath` varchar(255) NOT NULL DEFAULT '',
  `filemime` varchar(255) NOT NULL DEFAULT '',
  `filesize` int(10) unsigned NOT NULL DEFAULT '0',
  `status` int(11) NOT NULL DEFAULT '0',
  `timestamp` int(10) unsigned NOT NULL DEFAULT '0',
  PRIMARY KEY (`fid`),
  KEY `uid` (`uid`),
  KEY `status` (`status`),
  KEY `timestamp` (`timestamp`)
) ENGINE=MyISAM  DEFAULT CHARSET=utf8 AUTO_INCREMENT=98 ;

--
-- Dumping data for table `files`
--

INSERT INTO `files` (`fid`, `uid`, `filename`, `filepath`, `filemime`, `filesize`, `status`, `timestamp`) VALUES
(1, 1, 'Test.docx', 'sites/default/files/webform/cv/Test_6.docx', 'application/vnd.openxmlformats-officedocument.wordprocessingml.document', 259469, 1, 1342611111),
(2, 86, 'Test.docx', 'sites/default/files/webform/recommendation_letter/Test_6.docx', 'application/vnd.openxmlformats-officedocument.wordprocessingml.document', 259469, 1, 1342611111),
(3, 87, 'Test.docx', 'sites/default/files/webform/recommendation_letter/Test_6.docx', 'application/vnd.openxmlformats-officedocument.wordprocessingml.document', 259469, 1, 1342611111),
(4, 88, 'Test.docx', 'sites/default/files/webform/recommendation_letter/Test_6.docx', 'application/vnd.openxmlformats-officedocument.wordprocessingml.document', 259469, 1, 1342611111),
(26, 1, 'Test file.docx', 'sites/default/files/webform/cv/Test file.docx', 'application/vnd.openxmlformats-officedocument.wordprocessingml.document', 15413, 1, 1343810174),
(27, 1, 'Test file.docx', 'sites/default/files/webform/recommendation_letter/Test file.docx', 'application/vnd.openxmlformats-officedocument.wordprocessingml.document', 15413, 1, 1343810486),
(29, 91, 'Test.docx', 'sites/default/files/webform/recommendation_letter/Test.docx', 'application/vnd.openxmlformats-officedocument.wordprocessingml.document', 259469, 1, 1343822721),
(30, 91, 'Test.docx', 'sites/default/files/webform/recommendation_letter/Test_0.docx', 'application/vnd.openxmlformats-officedocument.wordprocessingml.document', 259469, 1, 1343823079),
(32, 91, 'Daily.xlsx', 'sites/default/files/webform/photo-home-registry/Daily.xlsx', 'application/vnd.openxmlformats-officedocument.spreadsheetml.sheet', 38206, 1, 1343888286),
(33, 91, '537677_10150848200487213_1601604573_n.jpg', 'sites/default/files/webform/policy/537677_10150848200487213_1601604573_n.jpg', 'image/jpeg', 35892, 1, 1343889104),
(34, 91, 'glass-apples-abstract-5808.jpg', 'sites/default/files/webform/glass-apples-abstract-5808.jpg', 'image/jpeg', 84200, 1, 1343894204),
(39, 103, 'SQA Lec 05.pdf', 'sites/default/files/webform/cv/SQA Lec 05.pdf', 'application/pdf', 869080, 1, 1344328321),
(40, 103, 'SQA Lec 07.pdf', 'sites/default/files/webform/recommendation_letter/SQA Lec 07.pdf', 'application/pdf', 662272, 1, 1344328321),
(41, 113, 'SQA Lec 01.pdf', 'sites/default/files/webform/cv/SQA Lec 01.pdf', 'application/pdf', 481526, 1, 1344404100),
(42, 113, 'SQA Lec 12.pdf', 'sites/default/files/webform/recommendation_letter/SQA Lec 12.pdf', 'application/pdf', 476323, 1, 1344404100),
(43, 113, 'SQA Lec 14.pdf', 'sites/default/files/webform/cv/SQA Lec 14.pdf', 'application/pdf', 444097, 1, 1344404645),
(45, 113, '537677_10150848200487213_1601604573_n.jpg', 'sites/default/files/webform/photo_gov_id/537677_10150848200487213_1601604573_n.jpg', 'image/jpeg', 35892, 1, 1344413588),
(46, 113, 'Art_Nature.jpg', 'sites/default/files/webform/photo-home-registry/Art_Nature.jpg', 'image/jpeg', 164581, 1, 1344414504),
(47, 113, 'glass-apples-abstract-5808.jpg', 'sites/default/files/webform/policy/glass-apples-abstract-5808.jpg', 'image/jpeg', 84200, 1, 1344415000),
(48, 113, '1920x1200.jpg', 'sites/default/files/webform/policy/1920x1200.jpg', 'image/jpeg', 187980, 1, 1344496087),
(51, 112, 'Test file.docx', 'sites/default/files/webform/cv/Test file_0.docx', 'application/vnd.openxmlformats-officedocument.wordprocessingml.document', 15413, 1, 1344860810),
(52, 112, 'Test file.docx', 'sites/default/files/webform/recommendation_letter/Test file_0.docx', 'application/vnd.openxmlformats-officedocument.wordprocessingml.document', 15413, 1, 1344860810),
(53, 112, 'Test file.docx', 'sites/default/files/webform/recommendation_letter/Test file_1.docx', 'application/vnd.openxmlformats-officedocument.wordprocessingml.document', 15413, 1, 1344860852),
(54, 101, 'Test.docx', 'sites/default/files/webform/cv/Test.docx', 'application/vnd.openxmlformats-officedocument.wordprocessingml.document', 259469, 1, 1345010281),
(55, 101, 'Test.docx', 'sites/default/files/webform/recommendation_letter/Test.docx', 'application/vnd.openxmlformats-officedocument.wordprocessingml.document', 259469, 1, 1345010281),
(56, 101, '1920x1200.jpg', 'sites/default/files/webform/photo_gov_id/1920x1200.jpg', 'image/jpeg', 187980, 1, 1345010635),
(57, 101, '44997.jpg', 'sites/default/files/webform/photo-home-registry/44997.jpg', 'image/jpeg', 1133793, 1, 1345010797),
(58, 101, '131ML34562230-3K01.jpg', 'sites/default/files/webform/policy/131ML34562230-3K01.jpg', 'image/jpeg', 366223, 1, 1345010860),
(59, 113, 'Test.docx', 'sites/default/files/webform/recommendation_letter/Test_0.docx', 'application/vnd.openxmlformats-officedocument.wordprocessingml.document', 259469, 1, 1345011910),
(60, 113, 'Art_Nature.jpg', 'sites/default/files/webform/photo_gov_id/Art_Nature.jpg', 'image/jpeg', 164581, 1, 1345199099),
(61, 113, '537677_10150848200487213_1601604573_n.jpg', 'sites/default/files/webform/photo-home-registry/537677_10150848200487213_1601604573_n.jpg', 'image/jpeg', 35892, 1, 1345199571),
(62, 113, '537677_10150848200487213_1601604573_n.jpg', 'sites/default/files/webform/policy/537677_10150848200487213_1601604573_n.jpg', 'image/jpeg', 35892, 1, 1345199806),
(64, 113, 'a.bmp', 'sites/default/files/webform/a.bmp', 'image/x-ms-bmp', 151374, 1, 1345200900),
(67, 1, 'Test file.docx', 'sites/default/files/webform/Test file_0.docx', 'application/vnd.openxmlformats-officedocument.wordprocessingml.document', 15413, 1, 1345718396),
(68, 1, 'vector-arrow-symbols-icons.gif', 'sites/default/files/webform/photo-home-registry/vector-arrow-symbols-icons.gif', 'image/gif', 4377, 1, 1345719427),
(69, 1, 'Test file.docx', 'sites/default/files/webform/policy/Test file.docx', 'application/vnd.openxmlformats-officedocument.wordprocessingml.document', 15413, 1, 1345719537),
(70, 1, 'vector-arrow-symbols-icons.gif', 'sites/default/files/webform/photo_gov_id/vector-arrow-symbols-icons.gif', 'image/gif', 4377, 1, 1345724733),
(71, 116, 'Test file.docx', 'sites/default/files/webform/cv/Test file_1.docx', 'application/vnd.openxmlformats-officedocument.wordprocessingml.document', 15413, 1, 1345804213),
(72, 116, 'Test file.docx', 'sites/default/files/webform/recommendation_letter/Test file_2.docx', 'application/vnd.openxmlformats-officedocument.wordprocessingml.document', 15413, 1, 1345804213),
(73, 126, '537677_10150848200487213_1601604573_n.jpg', 'sites/default/files/webform/photo-home-registry/537677_10150848200487213_1601604573_n_0.jpg', 'image/jpeg', 35892, 1, 1345804847),
(74, 126, '537677_10150848200487213_1601604573_n.jpg', 'sites/default/files/webform/policy/537677_10150848200487213_1601604573_n_0.jpg', 'image/jpeg', 35892, 1, 1345805015),
(75, 126, 'dualscreenwall46.jpg', 'sites/default/files/webform/dualscreenwall46.jpg', 'image/jpeg', 60369, 1, 1345805466),
(76, 126, 'Test.docx', 'sites/default/files/webform/recommendation_letter/Test_1.docx', 'application/vnd.openxmlformats-officedocument.wordprocessingml.document', 259469, 1, 1345805603),
(77, 126, 'Test.docx', 'sites/default/files/webform/cv/Test_0.docx', 'application/vnd.openxmlformats-officedocument.wordprocessingml.document', 259469, 1, 1345808262),
(78, 126, 'Test.docx', 'sites/default/files/webform/recommendation_letter/Test_2.docx', 'application/vnd.openxmlformats-officedocument.wordprocessingml.document', 259469, 1, 1345808262),
(79, 126, '1920x1200.jpg', 'sites/default/files/webform/photo_gov_id/1920x1200_0.jpg', 'image/jpeg', 187980, 1, 1345810763),
(80, 126, '537677_10150848200487213_1601604573_n.jpg', 'sites/default/files/webform/537677_10150848200487213_1601604573_n.jpg', 'image/jpeg', 35892, 1, 1345811836),
(81, 1, 'Test file.docx', 'sites/default/files/webform/cv/Test file_2.docx', 'application/vnd.openxmlformats-officedocument.wordprocessingml.document', 15413, 1, 1345875817),
(82, 1, 'Test.docx', 'sites/default/files/webform/recommendation_letter/Test_3.docx', 'application/vnd.openxmlformats-officedocument.wordprocessingml.document', 259469, 1, 1345875817),
(83, 1, 'Test file.docx', 'sites/default/files/webform/cv/Test file_3.docx', 'application/vnd.openxmlformats-officedocument.wordprocessingml.document', 15413, 1, 1345876107),
(84, 1, 'Test file.docx', 'sites/default/files/webform/recommendation_letter/Test file_3.docx', 'application/vnd.openxmlformats-officedocument.wordprocessingml.document', 15413, 1, 1345876107),
(85, 126, 'green_apple_wallpaper_by_jamie_lewis.jpg', 'sites/default/files/webform/policy/green_apple_wallpaper_by_jamie_lewis.jpg', 'image/jpeg', 115655, 1, 1345883160),
(89, 129, 'Adnan-resume.doc', 'sites/default/files/webform/recommendation_letter/Adnan-resume.doc', 'application/msword', 51712, 1, 1346327729),
(90, 113, 'Test.docx', 'sites/default/files/webform/cv/Test_1.docx', 'application/vnd.openxmlformats-officedocument.wordprocessingml.document', 259469, 1, 1346405312),
(88, 129, 'Adnan-Detailed resume.docx', 'sites/default/files/webform/cv/Adnan-Detailed resume.docx', 'application/vnd.openxmlformats-officedocument.wordprocessingml.document', 30481, 1, 1346327729),
(91, 113, 'Test.docx', 'sites/default/files/webform/recommendation_letter/Test_4.docx', 'application/vnd.openxmlformats-officedocument.wordprocessingml.document', 259469, 1, 1346405313),
(92, 113, 'Daily.xlsx', 'sites/default/files/webform/policy/Daily.xlsx', 'application/vnd.openxmlformats-officedocument.spreadsheetml.sheet', 38206, 1, 1346406378),
(93, 113, 'Daily.xlsx', 'sites/default/files/webform/policy/Daily_0.xlsx', 'application/vnd.openxmlformats-officedocument.spreadsheetml.sheet', 38206, 1, 1346406691),
(94, 129, 'adnan.jpg', 'sites/default/files/webform/photo_gov_id/adnan.jpg', 'image/jpeg', 8810, 1, 1346993734),
(95, 129, 'adnan.jpg', 'sites/default/files/webform/adnan.jpg', 'image/jpeg', 8810, 1, 1346993860),
(96, 129, 'adnan.jpg', 'sites/default/files/webform/photo-home-registry/adnan.jpg', 'image/jpeg', 8810, 1, 1346993929),
(97, 129, 'adnan.jpg', 'sites/default/files/webform/policy/adnan.jpg', 'image/jpeg', 8810, 1, 1346994876);

-- --------------------------------------------------------

--
-- Table structure for table `filters`
--

CREATE TABLE IF NOT EXISTS `filters` (
  `fid` int(11) NOT NULL AUTO_INCREMENT,
  `format` int(11) NOT NULL DEFAULT '0',
  `module` varchar(64) NOT NULL DEFAULT '',
  `delta` tinyint(4) NOT NULL DEFAULT '0',
  `weight` tinyint(4) NOT NULL DEFAULT '0',
  PRIMARY KEY (`fid`),
  UNIQUE KEY `fmd` (`format`,`module`,`delta`),
  KEY `list` (`format`,`weight`,`module`,`delta`)
) ENGINE=MyISAM  DEFAULT CHARSET=utf8 AUTO_INCREMENT=8 ;

--
-- Dumping data for table `filters`
--

INSERT INTO `filters` (`fid`, `format`, `module`, `delta`, `weight`) VALUES
(1, 1, 'filter', 2, 0),
(2, 1, 'filter', 0, 1),
(3, 1, 'filter', 1, 2),
(4, 1, 'filter', 3, 10),
(5, 2, 'filter', 2, 0),
(6, 2, 'filter', 1, 1),
(7, 2, 'filter', 3, 10);

-- --------------------------------------------------------

--
-- Table structure for table `filter_formats`
--

CREATE TABLE IF NOT EXISTS `filter_formats` (
  `format` int(11) NOT NULL AUTO_INCREMENT,
  `name` varchar(255) NOT NULL DEFAULT '',
  `roles` varchar(255) NOT NULL DEFAULT '',
  `cache` tinyint(4) NOT NULL DEFAULT '0',
  PRIMARY KEY (`format`),
  UNIQUE KEY `name` (`name`)
) ENGINE=MyISAM  DEFAULT CHARSET=utf8 AUTO_INCREMENT=3 ;

--
-- Dumping data for table `filter_formats`
--

INSERT INTO `filter_formats` (`format`, `name`, `roles`, `cache`) VALUES
(1, 'Filtered HTML', ',1,2,', 1),
(2, 'Full HTML', '', 1);

-- --------------------------------------------------------

--
-- Table structure for table `flood`
--

CREATE TABLE IF NOT EXISTS `flood` (
  `fid` int(11) NOT NULL AUTO_INCREMENT,
  `event` varchar(64) NOT NULL DEFAULT '',
  `hostname` varchar(128) NOT NULL DEFAULT '',
  `timestamp` int(11) NOT NULL DEFAULT '0',
  PRIMARY KEY (`fid`),
  KEY `allow` (`event`,`hostname`,`timestamp`)
) ENGINE=MyISAM DEFAULT CHARSET=utf8 AUTO_INCREMENT=1 ;

--
-- Dumping data for table `flood`
--


-- --------------------------------------------------------

--
-- Table structure for table `history`
--

CREATE TABLE IF NOT EXISTS `history` (
  `uid` int(11) NOT NULL DEFAULT '0',
  `nid` int(11) NOT NULL DEFAULT '0',
  `timestamp` int(11) NOT NULL DEFAULT '0',
  PRIMARY KEY (`uid`,`nid`),
  KEY `nid` (`nid`)
) ENGINE=MyISAM DEFAULT CHARSET=utf8;

--
-- Dumping data for table `history`
--

INSERT INTO `history` (`uid`, `nid`, `timestamp`) VALUES
(1, 2, 1346153247),
(1, 3, 1346399879),
(1, 4, 1346414504),
(1, 5, 1346408479),
(1, 6, 1345876702),
(1, 7, 1345877223),
(1, 8, 1345876774),
(1, 9, 1346415534),
(1, 10, 1345876721),
(1, 11, 1345877263),
(1, 12, 1346395844),
(1, 13, 1345877254),
(1, 14, 1346399768),
(1, 15, 1347357993),
(1, 17, 1345204527),
(1, 18, 1346045830),
(1, 20, 1347347547),
(1, 21, 1345727391),
(113, 14, 1346244615),
(113, 4, 1346406082),
(113, 6, 1345198624),
(113, 10, 1345198651),
(113, 8, 1345199069),
(113, 12, 1345199542),
(113, 13, 1345202734),
(113, 9, 1346406661),
(113, 7, 1345200005),
(113, 5, 1346389567),
(113, 2, 1345702804),
(113, 11, 1345202593),
(103, 3, 1344859608),
(112, 3, 1344859959),
(112, 4, 1344860784),
(112, 12, 1344861071),
(112, 7, 1344861085),
(112, 6, 1344861105),
(112, 10, 1344861128),
(101, 14, 1345009288),
(101, 4, 1346415722),
(101, 6, 1345010313),
(101, 10, 1345010341),
(101, 3, 1345010519),
(101, 8, 1345010611),
(101, 12, 1345010663),
(101, 9, 1345010864),
(101, 7, 1345010873),
(101, 5, 1345010894),
(101, 2, 1345011203),
(101, 13, 1345011233),
(113, 3, 1346405573),
(113, 15, 1346245218),
(121, 21, 1345194717),
(121, 14, 1345196425),
(121, 4, 1345197038),
(122, 21, 1345197500),
(122, 20, 1345197518),
(122, 18, 1345197519),
(123, 21, 1345197605),
(123, 18, 1345197934),
(123, 17, 1345197937),
(123, 20, 1345197940),
(123, 15, 1345197956),
(1, 22, 1345204529),
(1, 23, 1345204531),
(124, 21, 1345727329),
(125, 21, 1345727523),
(113, 20, 1346418055),
(113, 18, 1346418079),
(116, 4, 1345804235),
(126, 21, 1345804693),
(126, 12, 1345804837),
(126, 9, 1345883142),
(126, 5, 1345811410),
(126, 11, 1345811811),
(126, 4, 1345808210),
(126, 14, 1345884899),
(116, 15, 1345808189),
(116, 14, 1345808721),
(126, 6, 1345809725),
(126, 10, 1345809808),
(126, 3, 1345885075),
(126, 8, 1345810730),
(126, 7, 1345811293),
(126, 2, 1345811769),
(126, 13, 1345812073),
(127, 14, 1346304100),
(127, 4, 1346304268),
(127, 20, 1346304329),
(127, 15, 1346304314),
(127, 18, 1346304332),
(127, 17, 1346304338),
(127, 13, 1346306196),
(113, 17, 1346418137),
(129, 14, 1346327343),
(129, 15, 1347347490),
(129, 20, 1346992923),
(129, 17, 1346994170),
(129, 18, 1347273142),
(129, 4, 1346327537),
(129, 6, 1346386884),
(129, 10, 1346386942),
(129, 3, 1346387000),
(129, 2, 1346387353),
(129, 8, 1346993568),
(113, 23, 1346418039),
(113, 22, 1346418047),
(130, 21, 1346418646),
(130, 14, 1346418821),
(129, 11, 1346993751),
(129, 7, 1346993880),
(129, 12, 1346993917),
(129, 5, 1346993942),
(129, 13, 1346994055),
(129, 9, 1346994850);

-- --------------------------------------------------------

--
-- Table structure for table `menu_custom`
--

CREATE TABLE IF NOT EXISTS `menu_custom` (
  `menu_name` varchar(32) NOT NULL DEFAULT '',
  `title` varchar(255) NOT NULL DEFAULT '',
  `description` text,
  PRIMARY KEY (`menu_name`)
) ENGINE=MyISAM DEFAULT CHARSET=utf8;

--
-- Dumping data for table `menu_custom`
--

INSERT INTO `menu_custom` (`menu_name`, `title`, `description`) VALUES
('navigation', 'Navigation', 'The navigation menu is provided by Drupal and is the main interactive menu for any site. It is usually the only menu that contains personalized links for authenticated users, and is often not even visible to anonymous users.'),
('primary-links', 'Primary links', 'Primary links are often used at the theme layer to show the major sections of a site. A typical representation for primary links would be tabs along the top.'),
('secondary-links', 'Secondary links', 'Secondary links are often used for pages like legal notices, contact details, and other secondary navigation items that play a lesser role than primary links'),
('menu-my-account-nav', 'My Account menu', 'Used for my account navigation');

-- --------------------------------------------------------

--
-- Table structure for table `menu_links`
--

CREATE TABLE IF NOT EXISTS `menu_links` (
  `menu_name` varchar(32) NOT NULL DEFAULT '',
  `mlid` int(10) unsigned NOT NULL AUTO_INCREMENT,
  `plid` int(10) unsigned NOT NULL DEFAULT '0',
  `link_path` varchar(255) NOT NULL DEFAULT '',
  `router_path` varchar(255) NOT NULL DEFAULT '',
  `link_title` varchar(255) NOT NULL DEFAULT '',
  `options` text,
  `module` varchar(255) NOT NULL DEFAULT 'system',
  `hidden` smallint(6) NOT NULL DEFAULT '0',
  `external` smallint(6) NOT NULL DEFAULT '0',
  `has_children` smallint(6) NOT NULL DEFAULT '0',
  `expanded` smallint(6) NOT NULL DEFAULT '0',
  `weight` int(11) NOT NULL DEFAULT '0',
  `depth` smallint(6) NOT NULL DEFAULT '0',
  `customized` smallint(6) NOT NULL DEFAULT '0',
  `p1` int(10) unsigned NOT NULL DEFAULT '0',
  `p2` int(10) unsigned NOT NULL DEFAULT '0',
  `p3` int(10) unsigned NOT NULL DEFAULT '0',
  `p4` int(10) unsigned NOT NULL DEFAULT '0',
  `p5` int(10) unsigned NOT NULL DEFAULT '0',
  `p6` int(10) unsigned NOT NULL DEFAULT '0',
  `p7` int(10) unsigned NOT NULL DEFAULT '0',
  `p8` int(10) unsigned NOT NULL DEFAULT '0',
  `p9` int(10) unsigned NOT NULL DEFAULT '0',
  `updated` smallint(6) NOT NULL DEFAULT '0',
  PRIMARY KEY (`mlid`),
  KEY `path_menu` (`link_path`(128),`menu_name`),
  KEY `menu_plid_expand_child` (`menu_name`,`plid`,`expanded`,`has_children`),
  KEY `menu_parents` (`menu_name`,`p1`,`p2`,`p3`,`p4`,`p5`,`p6`,`p7`,`p8`,`p9`),
  KEY `router_path` (`router_path`(128))
) ENGINE=MyISAM  DEFAULT CHARSET=utf8 AUTO_INCREMENT=265 ;

--
-- Dumping data for table `menu_links`
--

INSERT INTO `menu_links` (`menu_name`, `mlid`, `plid`, `link_path`, `router_path`, `link_title`, `options`, `module`, `hidden`, `external`, `has_children`, `expanded`, `weight`, `depth`, `customized`, `p1`, `p2`, `p3`, `p4`, `p5`, `p6`, `p7`, `p8`, `p9`, `updated`) VALUES
('navigation', 1, 0, 'batch', 'batch', '', 'a:0:{}', 'system', -1, 0, 0, 0, 0, 1, 0, 1, 0, 0, 0, 0, 0, 0, 0, 0, 0),
('navigation', 2, 0, 'admin', 'admin', 'Administer', 'a:0:{}', 'system', 0, 0, 1, 0, 9, 1, 0, 2, 0, 0, 0, 0, 0, 0, 0, 0, 0),
('navigation', 3, 0, 'node', 'node', 'Content', 'a:0:{}', 'system', -1, 0, 0, 0, 0, 1, 0, 3, 0, 0, 0, 0, 0, 0, 0, 0, 0),
('navigation', 4, 0, 'logout', 'logout', 'Log out', 'a:0:{}', 'system', 0, 0, 0, 0, 10, 1, 0, 4, 0, 0, 0, 0, 0, 0, 0, 0, 0),
('navigation', 5, 0, 'rss.xml', 'rss.xml', 'RSS feed', 'a:0:{}', 'system', -1, 0, 0, 0, 0, 1, 0, 5, 0, 0, 0, 0, 0, 0, 0, 0, 0),
('navigation', 6, 0, 'user', 'user', 'User account', 'a:0:{}', 'system', -1, 0, 0, 0, 0, 1, 0, 6, 0, 0, 0, 0, 0, 0, 0, 0, 0),
('navigation', 7, 0, 'node/%', 'node/%', '', 'a:0:{}', 'system', -1, 0, 0, 0, 0, 1, 0, 7, 0, 0, 0, 0, 0, 0, 0, 0, 0),
('navigation', 8, 2, 'admin/compact', 'admin/compact', 'Compact mode', 'a:0:{}', 'system', -1, 0, 0, 0, 0, 2, 0, 2, 8, 0, 0, 0, 0, 0, 0, 0, 0),
('navigation', 9, 0, 'filter/tips', 'filter/tips', 'Compose tips', 'a:0:{}', 'system', 1, 0, 0, 0, 0, 1, 0, 9, 0, 0, 0, 0, 0, 0, 0, 0, 0),
('navigation', 10, 2, 'admin/content', 'admin/content', 'Content management', 'a:1:{s:10:"attributes";a:1:{s:5:"title";s:27:"Manage your site''s content.";}}', 'system', 0, 0, 1, 0, -10, 2, 0, 2, 10, 0, 0, 0, 0, 0, 0, 0, 0),
('navigation', 11, 0, 'node/add', 'node/add', 'Create content', 'a:0:{}', 'system', 0, 0, 1, 0, 1, 1, 0, 11, 0, 0, 0, 0, 0, 0, 0, 0, 0),
('navigation', 12, 0, 'comment/delete', 'comment/delete', 'Delete comment', 'a:0:{}', 'system', -1, 0, 0, 0, 0, 1, 0, 12, 0, 0, 0, 0, 0, 0, 0, 0, 0),
('navigation', 13, 0, 'comment/edit', 'comment/edit', 'Edit comment', 'a:0:{}', 'system', -1, 0, 0, 0, 0, 1, 0, 13, 0, 0, 0, 0, 0, 0, 0, 0, 0),
('navigation', 14, 0, 'system/files', 'system/files', 'File download', 'a:0:{}', 'system', -1, 0, 0, 0, 0, 1, 0, 14, 0, 0, 0, 0, 0, 0, 0, 0, 0),
('navigation', 15, 2, 'admin/help', 'admin/help', 'Help', 'a:0:{}', 'system', 0, 0, 0, 0, 9, 2, 0, 2, 15, 0, 0, 0, 0, 0, 0, 0, 0),
('navigation', 16, 2, 'admin/reports', 'admin/reports', 'Reports', 'a:1:{s:10:"attributes";a:1:{s:5:"title";s:59:"View reports from system logs and other status information.";}}', 'system', 0, 0, 1, 0, 5, 2, 0, 2, 16, 0, 0, 0, 0, 0, 0, 0, 0),
('navigation', 17, 2, 'admin/build', 'admin/build', 'Site building', 'a:1:{s:10:"attributes";a:1:{s:5:"title";s:38:"Control how your site looks and feels.";}}', 'system', 0, 0, 1, 0, -10, 2, 0, 2, 17, 0, 0, 0, 0, 0, 0, 0, 0),
('navigation', 18, 2, 'admin/settings', 'admin/settings', 'Site configuration', 'a:1:{s:10:"attributes";a:1:{s:5:"title";s:40:"Adjust basic site configuration options.";}}', 'system', 0, 0, 1, 0, -5, 2, 0, 2, 18, 0, 0, 0, 0, 0, 0, 0, 0),
('navigation', 19, 0, 'user/autocomplete', 'user/autocomplete', 'User autocomplete', 'a:0:{}', 'system', -1, 0, 0, 0, 0, 1, 0, 19, 0, 0, 0, 0, 0, 0, 0, 0, 0),
('navigation', 20, 2, 'admin/user', 'admin/user', 'User management', 'a:1:{s:10:"attributes";a:1:{s:5:"title";s:61:"Manage your site''s users, groups and access to site features.";}}', 'system', 0, 0, 1, 0, 0, 2, 0, 2, 20, 0, 0, 0, 0, 0, 0, 0, 0),
('navigation', 21, 0, 'user/%', 'user/%', 'My account', 'a:0:{}', 'system', 0, 0, 0, 0, 0, 1, 0, 21, 0, 0, 0, 0, 0, 0, 0, 0, 0),
('navigation', 22, 20, 'admin/user/rules', 'admin/user/rules', 'Access rules', 'a:1:{s:10:"attributes";a:1:{s:5:"title";s:80:"List and create rules to disallow usernames, e-mail addresses, and IP addresses.";}}', 'system', 0, 0, 0, 0, 0, 3, 0, 2, 20, 22, 0, 0, 0, 0, 0, 0, 0),
('navigation', 23, 18, 'admin/settings/actions', 'admin/settings/actions', 'Actions', 'a:1:{s:10:"attributes";a:1:{s:5:"title";s:41:"Manage the actions defined for your site.";}}', 'system', 0, 0, 0, 0, 0, 3, 0, 2, 18, 23, 0, 0, 0, 0, 0, 0, 0),
('navigation', 24, 18, 'admin/settings/admin', 'admin/settings/admin', 'Administration theme', 'a:1:{s:10:"attributes";a:1:{s:5:"title";s:55:"Settings for how your administrative pages should look.";}}', 'system', 0, 0, 0, 0, 0, 3, 0, 2, 18, 24, 0, 0, 0, 0, 0, 0, 0),
('navigation', 25, 17, 'admin/build/block', 'admin/build/block', 'Blocks', 'a:1:{s:10:"attributes";a:1:{s:5:"title";s:79:"Configure what block content appears in your site''s sidebars and other regions.";}}', 'system', 0, 0, 0, 0, 0, 3, 0, 2, 17, 25, 0, 0, 0, 0, 0, 0, 0),
('navigation', 26, 18, 'admin/settings/clean-urls', 'admin/settings/clean-urls', 'Clean URLs', 'a:1:{s:10:"attributes";a:1:{s:5:"title";s:43:"Enable or disable clean URLs for your site.";}}', 'system', 0, 0, 0, 0, 0, 3, 0, 2, 18, 26, 0, 0, 0, 0, 0, 0, 0),
('navigation', 27, 10, 'admin/content/comment', 'admin/content/comment', 'Comments', 'a:1:{s:10:"attributes";a:1:{s:5:"title";s:61:"List and edit site comments and the comment moderation queue.";}}', 'system', 0, 0, 0, 0, 0, 3, 0, 2, 10, 27, 0, 0, 0, 0, 0, 0, 0),
('navigation', 28, 10, 'admin/content/node', 'admin/content/node', 'Content', 'a:1:{s:10:"attributes";a:1:{s:5:"title";s:43:"View, edit, and delete your site''s content.";}}', 'system', 0, 0, 0, 0, 0, 3, 0, 2, 10, 28, 0, 0, 0, 0, 0, 0, 0),
('navigation', 29, 10, 'admin/content/types', 'admin/content/types', 'Content types', 'a:1:{s:10:"attributes";a:1:{s:5:"title";s:82:"Manage posts by content type, including default status, front page promotion, etc.";}}', 'system', 0, 0, 0, 0, 0, 3, 0, 2, 10, 29, 0, 0, 0, 0, 0, 0, 0),
('navigation', 30, 18, 'admin/settings/date-time', 'admin/settings/date-time', 'Date and time', 'a:1:{s:10:"attributes";a:1:{s:5:"title";s:89:"Settings for how Drupal displays date and time, as well as the system''s default timezone.";}}', 'system', 0, 0, 0, 0, 0, 3, 0, 2, 18, 30, 0, 0, 0, 0, 0, 0, 0),
('navigation', 31, 0, 'node/%/delete', 'node/%/delete', 'Delete', 'a:0:{}', 'system', -1, 0, 0, 0, 1, 1, 0, 31, 0, 0, 0, 0, 0, 0, 0, 0, 0),
('navigation', 32, 21, 'user/%/delete', 'user/%/delete', 'Delete', 'a:0:{}', 'system', -1, 0, 0, 0, 0, 2, 0, 21, 32, 0, 0, 0, 0, 0, 0, 0, 0),
('navigation', 33, 18, 'admin/settings/error-reporting', 'admin/settings/error-reporting', 'Error reporting', 'a:1:{s:10:"attributes";a:1:{s:5:"title";s:93:"Control how Drupal deals with errors including 403/404 errors as well as PHP error reporting.";}}', 'system', 0, 0, 0, 0, 0, 3, 0, 2, 18, 33, 0, 0, 0, 0, 0, 0, 0),
('navigation', 34, 18, 'admin/settings/file-system', 'admin/settings/file-system', 'File system', 'a:1:{s:10:"attributes";a:1:{s:5:"title";s:68:"Tell Drupal where to store uploaded files and how they are accessed.";}}', 'system', 0, 0, 0, 0, 0, 3, 0, 2, 18, 34, 0, 0, 0, 0, 0, 0, 0),
('navigation', 35, 18, 'admin/settings/image-toolkit', 'admin/settings/image-toolkit', 'Image toolkit', 'a:1:{s:10:"attributes";a:1:{s:5:"title";s:74:"Choose which image toolkit to use if you have installed optional toolkits.";}}', 'system', 0, 0, 0, 0, 0, 3, 0, 2, 18, 35, 0, 0, 0, 0, 0, 0, 0),
('navigation', 36, 18, 'admin/settings/filters', 'admin/settings/filters', 'Input formats', 'a:1:{s:10:"attributes";a:1:{s:5:"title";s:127:"Configure how content input by users is filtered, including allowed HTML tags. Also allows enabling of module-provided filters.";}}', 'system', 0, 0, 0, 0, 0, 3, 0, 2, 18, 36, 0, 0, 0, 0, 0, 0, 0),
('navigation', 37, 18, 'admin/settings/logging', 'admin/settings/logging', 'Logging and alerts', 'a:1:{s:10:"attributes";a:1:{s:5:"title";s:156:"Settings for logging and alerts modules. Various modules can route Drupal''s system events to different destination, such as syslog, database, email, ...etc.";}}', 'system', 0, 0, 1, 0, 0, 3, 0, 2, 18, 37, 0, 0, 0, 0, 0, 0, 0),
('navigation', 38, 17, 'admin/build/menu', 'admin/build/menu', 'Menus', 'a:1:{s:10:"attributes";a:1:{s:5:"title";s:116:"Control your site''s navigation menu, primary links and secondary links, as well as rename and reorganize menu items.";}}', 'system', 0, 0, 1, 0, 0, 3, 0, 2, 17, 38, 0, 0, 0, 0, 0, 0, 0),
('navigation', 39, 17, 'admin/build/modules', 'admin/build/modules', 'Modules', 'a:1:{s:10:"attributes";a:1:{s:5:"title";s:47:"Enable or disable add-on modules for your site.";}}', 'system', 0, 0, 0, 0, 0, 3, 0, 2, 17, 39, 0, 0, 0, 0, 0, 0, 0),
('navigation', 40, 18, 'admin/settings/performance', 'admin/settings/performance', 'Performance', 'a:1:{s:10:"attributes";a:1:{s:5:"title";s:101:"Enable or disable page caching for anonymous users and set CSS and JS bandwidth optimization options.";}}', 'system', 0, 0, 0, 0, 0, 3, 0, 2, 18, 40, 0, 0, 0, 0, 0, 0, 0),
('navigation', 41, 20, 'admin/user/permissions', 'admin/user/permissions', 'Permissions', 'a:1:{s:10:"attributes";a:1:{s:5:"title";s:64:"Determine access to features by selecting permissions for roles.";}}', 'system', 0, 0, 0, 0, 0, 3, 0, 2, 20, 41, 0, 0, 0, 0, 0, 0, 0),
('navigation', 42, 10, 'admin/content/node-settings', 'admin/content/node-settings', 'Post settings', 'a:1:{s:10:"attributes";a:1:{s:5:"title";s:126:"Control posting behavior, such as teaser length, requiring previews before posting, and the number of posts on the front page.";}}', 'system', 0, 0, 0, 0, 0, 3, 0, 2, 10, 42, 0, 0, 0, 0, 0, 0, 0),
('navigation', 43, 10, 'admin/content/rss-publishing', 'admin/content/rss-publishing', 'RSS publishing', 'a:1:{s:10:"attributes";a:1:{s:5:"title";s:92:"Configure the number of items per feed and whether feeds should be titles/teasers/full-text.";}}', 'system', 0, 0, 0, 0, 0, 3, 0, 2, 10, 43, 0, 0, 0, 0, 0, 0, 0),
('navigation', 44, 0, 'comment/reply/%', 'comment/reply/%', 'Reply to comment', 'a:0:{}', 'system', -1, 0, 0, 0, 0, 1, 0, 44, 0, 0, 0, 0, 0, 0, 0, 0, 0),
('navigation', 45, 20, 'admin/user/roles', 'admin/user/roles', 'Roles', 'a:1:{s:10:"attributes";a:1:{s:5:"title";s:30:"List, edit, or add user roles.";}}', 'system', 0, 0, 0, 0, 0, 3, 0, 2, 20, 45, 0, 0, 0, 0, 0, 0, 0),
('navigation', 46, 18, 'admin/settings/site-information', 'admin/settings/site-information', 'Site information', 'a:1:{s:10:"attributes";a:1:{s:5:"title";s:107:"Change basic site information, such as the site name, slogan, e-mail address, mission, front page and more.";}}', 'system', 0, 0, 0, 0, 0, 3, 0, 2, 18, 46, 0, 0, 0, 0, 0, 0, 0),
('navigation', 47, 18, 'admin/settings/site-maintenance', 'admin/settings/site-maintenance', 'Site maintenance', 'a:1:{s:10:"attributes";a:1:{s:5:"title";s:63:"Take the site off-line for maintenance or bring it back online.";}}', 'system', 0, 0, 0, 0, 0, 3, 0, 2, 18, 47, 0, 0, 0, 0, 0, 0, 0),
('navigation', 48, 16, 'admin/reports/status', 'admin/reports/status', 'Status report', 'a:1:{s:10:"attributes";a:1:{s:5:"title";s:74:"Get a status report about your site''s operation and any detected problems.";}}', 'system', 0, 0, 0, 0, 10, 3, 0, 2, 16, 48, 0, 0, 0, 0, 0, 0, 0),
('navigation', 49, 17, 'admin/build/themes', 'admin/build/themes', 'Themes', 'a:1:{s:10:"attributes";a:1:{s:5:"title";s:57:"Change which theme your site uses or allows users to set.";}}', 'system', 0, 0, 0, 0, 0, 3, 0, 2, 17, 49, 0, 0, 0, 0, 0, 0, 0),
('navigation', 50, 20, 'admin/user/settings', 'admin/user/settings', 'User settings', 'a:1:{s:10:"attributes";a:1:{s:5:"title";s:101:"Configure default behavior of users, including registration requirements, e-mails, and user pictures.";}}', 'system', 0, 0, 0, 0, 0, 3, 0, 2, 20, 50, 0, 0, 0, 0, 0, 0, 0),
('navigation', 51, 20, 'admin/user/user', 'admin/user/user', 'Users', 'a:1:{s:10:"attributes";a:1:{s:5:"title";s:26:"List, add, and edit users.";}}', 'system', 0, 0, 0, 0, 0, 3, 0, 2, 20, 51, 0, 0, 0, 0, 0, 0, 0),
('navigation', 52, 15, 'admin/help/block', 'admin/help/block', 'block', 'a:0:{}', 'system', -1, 0, 0, 0, 0, 3, 0, 2, 15, 52, 0, 0, 0, 0, 0, 0, 0),
('navigation', 53, 15, 'admin/help/color', 'admin/help/color', 'color', 'a:0:{}', 'system', -1, 0, 0, 0, 0, 3, 0, 2, 15, 53, 0, 0, 0, 0, 0, 0, 0),
('navigation', 54, 15, 'admin/help/comment', 'admin/help/comment', 'comment', 'a:0:{}', 'system', -1, 0, 0, 0, 0, 3, 0, 2, 15, 54, 0, 0, 0, 0, 0, 0, 0),
('navigation', 55, 15, 'admin/help/filter', 'admin/help/filter', 'filter', 'a:0:{}', 'system', -1, 0, 0, 0, 0, 3, 0, 2, 15, 55, 0, 0, 0, 0, 0, 0, 0),
('navigation', 56, 15, 'admin/help/help', 'admin/help/help', 'help', 'a:0:{}', 'system', -1, 0, 0, 0, 0, 3, 0, 2, 15, 56, 0, 0, 0, 0, 0, 0, 0),
('navigation', 57, 15, 'admin/help/menu', 'admin/help/menu', 'menu', 'a:0:{}', 'system', -1, 0, 0, 0, 0, 3, 0, 2, 15, 57, 0, 0, 0, 0, 0, 0, 0),
('navigation', 58, 15, 'admin/help/node', 'admin/help/node', 'node', 'a:0:{}', 'system', -1, 0, 0, 0, 0, 3, 0, 2, 15, 58, 0, 0, 0, 0, 0, 0, 0),
('navigation', 59, 15, 'admin/help/system', 'admin/help/system', 'system', 'a:0:{}', 'system', -1, 0, 0, 0, 0, 3, 0, 2, 15, 59, 0, 0, 0, 0, 0, 0, 0),
('navigation', 60, 15, 'admin/help/user', 'admin/help/user', 'user', 'a:0:{}', 'system', -1, 0, 0, 0, 0, 3, 0, 2, 15, 60, 0, 0, 0, 0, 0, 0, 0),
('navigation', 61, 36, 'admin/settings/filters/%', 'admin/settings/filters/%', '', 'a:0:{}', 'system', -1, 0, 0, 0, 0, 4, 0, 2, 18, 36, 61, 0, 0, 0, 0, 0, 0),
('navigation', 62, 26, 'admin/settings/clean-urls/check', 'admin/settings/clean-urls/check', 'Clean URL check', 'a:0:{}', 'system', -1, 0, 0, 0, 0, 4, 0, 2, 18, 26, 62, 0, 0, 0, 0, 0, 0),
('navigation', 63, 23, 'admin/settings/actions/configure', 'admin/settings/actions/configure', 'Configure an advanced action', 'a:0:{}', 'system', -1, 0, 0, 0, 0, 4, 0, 2, 18, 23, 63, 0, 0, 0, 0, 0, 0),
('navigation', 64, 25, 'admin/build/block/configure', 'admin/build/block/configure', 'Configure block', 'a:0:{}', 'system', -1, 0, 0, 0, 0, 4, 0, 2, 17, 25, 64, 0, 0, 0, 0, 0, 0),
('navigation', 65, 17, 'admin/build/menu-customize/%', 'admin/build/menu-customize/%', 'Customize menu', 'a:0:{}', 'system', -1, 0, 0, 0, 0, 3, 0, 2, 17, 65, 0, 0, 0, 0, 0, 0, 0),
('navigation', 66, 30, 'admin/settings/date-time/lookup', 'admin/settings/date-time/lookup', 'Date and time lookup', 'a:0:{}', 'system', -1, 0, 0, 0, 0, 4, 0, 2, 18, 30, 66, 0, 0, 0, 0, 0, 0),
('navigation', 67, 25, 'admin/build/block/delete', 'admin/build/block/delete', 'Delete block', 'a:0:{}', 'system', -1, 0, 0, 0, 0, 4, 0, 2, 17, 25, 67, 0, 0, 0, 0, 0, 0),
('navigation', 68, 36, 'admin/settings/filters/delete', 'admin/settings/filters/delete', 'Delete input format', 'a:0:{}', 'system', -1, 0, 0, 0, 0, 4, 0, 2, 18, 36, 68, 0, 0, 0, 0, 0, 0),
('navigation', 69, 22, 'admin/user/rules/delete', 'admin/user/rules/delete', 'Delete rule', 'a:0:{}', 'system', -1, 0, 0, 0, 0, 4, 0, 2, 20, 22, 69, 0, 0, 0, 0, 0, 0),
('navigation', 70, 45, 'admin/user/roles/edit', 'admin/user/roles/edit', 'Edit role', 'a:0:{}', 'system', -1, 0, 0, 0, 0, 4, 0, 2, 20, 45, 70, 0, 0, 0, 0, 0, 0),
('navigation', 71, 22, 'admin/user/rules/edit', 'admin/user/rules/edit', 'Edit rule', 'a:0:{}', 'system', -1, 0, 0, 0, 0, 4, 0, 2, 20, 22, 71, 0, 0, 0, 0, 0, 0),
('navigation', 72, 48, 'admin/reports/status/php', 'admin/reports/status/php', 'PHP', 'a:0:{}', 'system', -1, 0, 0, 0, 0, 4, 0, 2, 16, 48, 72, 0, 0, 0, 0, 0, 0),
('navigation', 73, 42, 'admin/content/node-settings/rebuild', 'admin/content/node-settings/rebuild', 'Rebuild permissions', 'a:0:{}', 'system', -1, 0, 0, 0, 0, 4, 0, 2, 10, 42, 73, 0, 0, 0, 0, 0, 0),
('navigation', 74, 23, 'admin/settings/actions/orphan', 'admin/settings/actions/orphan', 'Remove orphans', 'a:0:{}', 'system', -1, 0, 0, 0, 0, 4, 0, 2, 18, 23, 74, 0, 0, 0, 0, 0, 0),
('navigation', 75, 48, 'admin/reports/status/run-cron', 'admin/reports/status/run-cron', 'Run cron', 'a:0:{}', 'system', -1, 0, 0, 0, 0, 4, 0, 2, 16, 48, 75, 0, 0, 0, 0, 0, 0),
('navigation', 76, 48, 'admin/reports/status/sql', 'admin/reports/status/sql', 'SQL', 'a:0:{}', 'system', -1, 0, 0, 0, 0, 4, 0, 2, 16, 48, 76, 0, 0, 0, 0, 0, 0),
('navigation', 77, 23, 'admin/settings/actions/delete/%', 'admin/settings/actions/delete/%', 'Delete action', 'a:1:{s:10:"attributes";a:1:{s:5:"title";s:17:"Delete an action.";}}', 'system', -1, 0, 0, 0, 0, 4, 0, 2, 18, 23, 77, 0, 0, 0, 0, 0, 0),
('navigation', 78, 0, 'admin/build/menu-customize/%/delete', 'admin/build/menu-customize/%/delete', 'Delete menu', 'a:0:{}', 'system', -1, 0, 0, 0, 0, 1, 0, 78, 0, 0, 0, 0, 0, 0, 0, 0, 0),
('navigation', 79, 25, 'admin/build/block/list/js', 'admin/build/block/list/js', 'JavaScript List Form', 'a:0:{}', 'system', -1, 0, 0, 0, 0, 4, 0, 2, 17, 25, 79, 0, 0, 0, 0, 0, 0),
('navigation', 80, 39, 'admin/build/modules/list/confirm', 'admin/build/modules/list/confirm', 'List', 'a:0:{}', 'system', -1, 0, 0, 0, 0, 4, 0, 2, 17, 39, 80, 0, 0, 0, 0, 0, 0),
('navigation', 81, 0, 'user/reset/%/%/%', 'user/reset/%/%/%', 'Reset password', 'a:0:{}', 'system', -1, 0, 0, 0, 0, 1, 0, 81, 0, 0, 0, 0, 0, 0, 0, 0, 0),
('navigation', 82, 39, 'admin/build/modules/uninstall/confirm', 'admin/build/modules/uninstall/confirm', 'Uninstall', 'a:0:{}', 'system', -1, 0, 0, 0, 0, 4, 0, 2, 17, 39, 82, 0, 0, 0, 0, 0, 0),
('navigation', 83, 0, 'node/%/revisions/%/delete', 'node/%/revisions/%/delete', 'Delete earlier revision', 'a:0:{}', 'system', -1, 0, 0, 0, 0, 1, 0, 83, 0, 0, 0, 0, 0, 0, 0, 0, 0),
('navigation', 84, 0, 'node/%/revisions/%/revert', 'node/%/revisions/%/revert', 'Revert to earlier revision', 'a:0:{}', 'system', -1, 0, 0, 0, 0, 1, 0, 84, 0, 0, 0, 0, 0, 0, 0, 0, 0),
('navigation', 85, 0, 'node/%/revisions/%/view', 'node/%/revisions/%/view', 'Revisions', 'a:0:{}', 'system', -1, 0, 0, 0, 0, 1, 0, 85, 0, 0, 0, 0, 0, 0, 0, 0, 0),
('navigation', 86, 38, 'admin/build/menu/item/%/delete', 'admin/build/menu/item/%/delete', 'Delete menu item', 'a:0:{}', 'system', -1, 0, 0, 0, 0, 4, 0, 2, 17, 38, 86, 0, 0, 0, 0, 0, 0),
('navigation', 87, 38, 'admin/build/menu/item/%/edit', 'admin/build/menu/item/%/edit', 'Edit menu item', 'a:0:{}', 'system', -1, 0, 0, 0, 0, 4, 0, 2, 17, 38, 87, 0, 0, 0, 0, 0, 0),
('navigation', 88, 38, 'admin/build/menu/item/%/reset', 'admin/build/menu/item/%/reset', 'Reset menu item', 'a:0:{}', 'system', -1, 0, 0, 0, 0, 4, 0, 2, 17, 38, 88, 0, 0, 0, 0, 0, 0),
('navigation', 89, 38, 'admin/build/menu-customize/navigation', 'admin/build/menu-customize/%', 'Navigation', 'a:0:{}', 'menu', 0, 0, 0, 0, 0, 4, 0, 2, 17, 38, 89, 0, 0, 0, 0, 0, 0),
('navigation', 90, 38, 'admin/build/menu-customize/primary-links', 'admin/build/menu-customize/%', 'Primary links', 'a:0:{}', 'menu', 0, 0, 0, 0, 0, 4, 0, 2, 17, 38, 90, 0, 0, 0, 0, 0, 0),
('navigation', 91, 38, 'admin/build/menu-customize/secondary-links', 'admin/build/menu-customize/%', 'Secondary links', 'a:0:{}', 'menu', 0, 0, 0, 0, 0, 4, 0, 2, 17, 38, 91, 0, 0, 0, 0, 0, 0),
('navigation', 92, 0, 'taxonomy/autocomplete', 'taxonomy/autocomplete', 'Autocomplete taxonomy', 'a:0:{}', 'system', -1, 0, 0, 0, 0, 1, 0, 92, 0, 0, 0, 0, 0, 0, 0, 0, 0),
('navigation', 93, 16, 'admin/reports/dblog', 'admin/reports/dblog', 'Recent log entries', 'a:1:{s:10:"attributes";a:1:{s:5:"title";s:43:"View events that have recently been logged.";}}', 'system', 0, 0, 0, 0, -1, 3, 0, 2, 16, 93, 0, 0, 0, 0, 0, 0, 0),
('navigation', 94, 10, 'admin/content/taxonomy', 'admin/content/taxonomy', 'Taxonomy', 'a:1:{s:10:"attributes";a:1:{s:5:"title";s:67:"Manage tagging, categorization, and classification of your content.";}}', 'system', 0, 0, 0, 0, 0, 3, 0, 2, 10, 94, 0, 0, 0, 0, 0, 0, 0),
('navigation', 95, 0, 'taxonomy/term/%', 'taxonomy/term/%', 'Taxonomy term', 'a:0:{}', 'system', -1, 0, 0, 0, 0, 1, 0, 95, 0, 0, 0, 0, 0, 0, 0, 0, 0),
('navigation', 96, 16, 'admin/reports/access-denied', 'admin/reports/access-denied', 'Top ''access denied'' errors', 'a:1:{s:10:"attributes";a:1:{s:5:"title";s:35:"View ''access denied'' errors (403s).";}}', 'system', 0, 0, 0, 0, 0, 3, 0, 2, 16, 96, 0, 0, 0, 0, 0, 0, 0),
('navigation', 97, 16, 'admin/reports/page-not-found', 'admin/reports/page-not-found', 'Top ''page not found'' errors', 'a:1:{s:10:"attributes";a:1:{s:5:"title";s:36:"View ''page not found'' errors (404s).";}}', 'system', 0, 0, 0, 0, 0, 3, 0, 2, 16, 97, 0, 0, 0, 0, 0, 0, 0),
('navigation', 98, 15, 'admin/help/dblog', 'admin/help/dblog', 'dblog', 'a:0:{}', 'system', -1, 0, 0, 0, 0, 3, 0, 2, 15, 98, 0, 0, 0, 0, 0, 0, 0),
('navigation', 99, 15, 'admin/help/taxonomy', 'admin/help/taxonomy', 'taxonomy', 'a:0:{}', 'system', -1, 0, 0, 0, 0, 3, 0, 2, 15, 99, 0, 0, 0, 0, 0, 0, 0),
('navigation', 100, 37, 'admin/settings/logging/dblog', 'admin/settings/logging/dblog', 'Database logging', 'a:1:{s:10:"attributes";a:1:{s:5:"title";s:169:"Settings for logging to the Drupal database logs. This is the most common method for small to medium sites on shared hosting. The logs are viewable from the admin pages.";}}', 'system', 0, 0, 0, 0, 0, 4, 0, 2, 18, 37, 100, 0, 0, 0, 0, 0, 0),
('navigation', 101, 16, 'admin/reports/event/%', 'admin/reports/event/%', 'Details', 'a:0:{}', 'system', -1, 0, 0, 0, 0, 3, 0, 2, 16, 101, 0, 0, 0, 0, 0, 0, 0),
('navigation', 102, 94, 'admin/content/taxonomy/%', 'admin/content/taxonomy/%', 'List terms', 'a:0:{}', 'system', -1, 0, 0, 0, 0, 4, 0, 2, 10, 94, 102, 0, 0, 0, 0, 0, 0),
('navigation', 103, 94, 'admin/content/taxonomy/edit/term', 'admin/content/taxonomy/edit/term', 'Edit term', 'a:0:{}', 'system', -1, 0, 0, 0, 0, 4, 0, 2, 10, 94, 103, 0, 0, 0, 0, 0, 0),
('navigation', 104, 94, 'admin/content/taxonomy/edit/vocabulary/%', 'admin/content/taxonomy/edit/vocabulary/%', 'Edit vocabulary', 'a:0:{}', 'system', -1, 0, 0, 0, 0, 4, 0, 2, 10, 94, 104, 0, 0, 0, 0, 0, 0),
('navigation', 105, 16, 'admin/reports/updates', 'admin/reports/updates', 'Available updates', 'a:1:{s:10:"attributes";a:1:{s:5:"title";s:82:"Get a status report about available updates for your installed modules and themes.";}}', 'system', 0, 0, 0, 0, 10, 3, 0, 2, 16, 105, 0, 0, 0, 0, 0, 0, 0),
('navigation', 106, 11, 'node/add/page', 'node/add/page', 'Page', 'a:1:{s:10:"attributes";a:1:{s:5:"title";s:296:"A <em>page</em>, similar in form to a <em>story</em>, is a simple method for creating and displaying information that rarely changes, such as an "About us" section of a website. By default, a <em>page</em> entry does not allow visitor comments and is not featured on the site''s initial home page.";}}', 'system', 0, 0, 0, 0, -50, 2, 1, 11, 106, 0, 0, 0, 0, 0, 0, 0, 0),
('navigation', 107, 11, 'node/add/story', 'node/add/story', 'Story', 'a:1:{s:10:"attributes";a:1:{s:5:"title";s:392:"A <em>story</em>, similar in form to a <em>page</em>, is ideal for creating and displaying content that informs or engages website visitors. Press releases, site announcements, and informal blog-like entries may all be created with a <em>story</em> entry. By default, a <em>story</em> entry is automatically featured on the site''s initial home page, and provides the ability to post comments.";}}', 'system', 0, 0, 0, 0, -49, 2, 1, 11, 107, 0, 0, 0, 0, 0, 0, 0, 0),
('navigation', 108, 15, 'admin/help/update', 'admin/help/update', 'update', 'a:0:{}', 'system', -1, 0, 0, 0, 0, 3, 0, 2, 15, 108, 0, 0, 0, 0, 0, 0, 0),
('navigation', 109, 105, 'admin/reports/updates/check', 'admin/reports/updates/check', 'Manual update check', 'a:0:{}', 'system', -1, 0, 0, 0, 0, 4, 0, 2, 16, 105, 109, 0, 0, 0, 0, 0, 0),
('navigation', 110, 10, 'admin/content/node-type/page', 'admin/content/node-type/page', 'Page', 'a:0:{}', 'system', -1, 0, 0, 0, 0, 3, 0, 2, 10, 110, 0, 0, 0, 0, 0, 0, 0),
('navigation', 111, 10, 'admin/content/node-type/story', 'admin/content/node-type/story', 'Story', 'a:0:{}', 'system', -1, 0, 0, 0, 0, 3, 0, 2, 10, 111, 0, 0, 0, 0, 0, 0, 0),
('navigation', 112, 0, 'admin/content/node-type/page/delete', 'admin/content/node-type/page/delete', 'Delete', 'a:0:{}', 'system', -1, 0, 0, 0, 0, 1, 0, 112, 0, 0, 0, 0, 0, 0, 0, 0, 0),
('navigation', 113, 0, 'admin/content/node-type/story/delete', 'admin/content/node-type/story/delete', 'Delete', 'a:0:{}', 'system', -1, 0, 0, 0, 0, 1, 0, 113, 0, 0, 0, 0, 0, 0, 0, 0, 0),
('navigation', 115, 11, 'node/add/webform', 'node/add/webform', 'Webform', 'a:1:{s:10:"attributes";a:1:{s:5:"title";s:138:"Create a new form or questionnaire accessible to users. Submission results and statistics are recorded and accessible to privileged users.";}}', 'system', 0, 0, 0, 0, -48, 2, 1, 11, 115, 0, 0, 0, 0, 0, 0, 0, 0),
('navigation', 120, 10, 'admin/content/node-type/webform', 'admin/content/node-type/webform', 'Webform', 'a:0:{}', 'system', -1, 0, 0, 0, 0, 3, 0, 2, 10, 120, 0, 0, 0, 0, 0, 0, 0),
('navigation', 181, 18, 'admin/settings/search', 'admin/settings/search', 'Search settings', 'a:1:{s:10:"attributes";a:1:{s:5:"title";s:66:"Configure relevance settings for search and other indexing options";}}', 'system', 0, 0, 0, 0, 0, 3, 0, 2, 18, 181, 0, 0, 0, 0, 0, 0, 0),
('navigation', 123, 0, 'admin/content/node-type/webform/delete', 'admin/content/node-type/webform/delete', 'Delete', 'a:0:{}', 'system', -1, 0, 0, 0, 0, 1, 0, 123, 0, 0, 0, 0, 0, 0, 0, 0, 0),
('navigation', 179, 0, 'search', 'search', 'Search', 'a:0:{}', 'system', 1, 0, 0, 0, 0, 1, 0, 179, 0, 0, 0, 0, 0, 0, 0, 0, 0),
('navigation', 158, 0, 'node/%/webform/emails/%/delete', 'node/%/webform/emails/%/delete', 'Delete e-mail settings', 'a:0:{}', 'system', -1, 0, 0, 0, 0, 1, 0, 158, 0, 0, 0, 0, 0, 0, 0, 0, 0),
('navigation', 150, 18, 'admin/settings/webform', 'admin/settings/webform', 'Webform settings', 'a:1:{s:10:"attributes";a:1:{s:5:"title";s:46:"Global configuration of webform functionality.";}}', 'system', 0, 0, 0, 0, 0, 3, 0, 2, 18, 150, 0, 0, 0, 0, 0, 0, 0),
('navigation', 151, 10, 'admin/content/webform', 'admin/content/webform', 'Webforms', 'a:1:{s:10:"attributes";a:1:{s:5:"title";s:54:"View and edit all the available webforms on your site.";}}', 'system', 0, 0, 0, 0, 0, 3, 0, 2, 10, 151, 0, 0, 0, 0, 0, 0, 0),
('navigation', 152, 15, 'admin/help/webform', 'admin/help/webform', 'webform', 'a:0:{}', 'system', -1, 0, 0, 0, 0, 3, 0, 2, 15, 152, 0, 0, 0, 0, 0, 0, 0),
('navigation', 153, 0, 'webform/ajax/options/%', 'webform/ajax/options/%', '', 'a:0:{}', 'system', -1, 0, 0, 0, 0, 1, 0, 153, 0, 0, 0, 0, 0, 0, 0, 0, 0),
('navigation', 154, 0, 'node/%/submission/%', 'node/%/submission/%', 'Webform submission', 'a:0:{}', 'system', -1, 0, 0, 0, 0, 1, 0, 154, 0, 0, 0, 0, 0, 0, 0, 0, 0),
('navigation', 155, 0, 'node/%/webform-results/analysis/%', 'node/%/webform-results/analysis/%', 'Analysis', 'a:0:{}', 'system', -1, 0, 0, 0, 0, 1, 0, 155, 0, 0, 0, 0, 0, 0, 0, 0, 0),
('navigation', 156, 0, 'node/%/webform/emails/%', 'node/%/webform/emails/%', 'Edit e-mail settings', 'a:0:{}', 'system', -1, 0, 0, 0, 0, 1, 0, 156, 0, 0, 0, 0, 0, 0, 0, 0, 0),
('navigation', 157, 0, 'node/%/submission/%/resend', 'node/%/submission/%/resend', 'Resend e-mails', 'a:0:{}', 'system', -1, 0, 0, 0, 0, 1, 0, 157, 0, 0, 0, 0, 0, 0, 0, 0, 0),
('navigation', 149, 0, 'node/%/done', 'node/%/done', 'Webform confirmation', 'a:0:{}', 'system', -1, 0, 0, 0, 0, 1, 0, 149, 0, 0, 0, 0, 0, 0, 0, 0, 0),
('navigation', 147, 0, 'ahah_helper/%', 'ahah_helper/%', '', 'a:0:{}', 'system', -1, 0, 0, 0, 0, 1, 0, 147, 0, 0, 0, 0, 0, 0, 0, 0, 0),
('navigation', 148, 0, 'node/%/submissions', 'node/%/submissions', 'Submissions', 'a:0:{}', 'system', -1, 0, 0, 0, 0, 1, 0, 148, 0, 0, 0, 0, 0, 0, 0, 0, 0),
('navigation', 184, 181, 'admin/settings/search/wipe', 'admin/settings/search/wipe', 'Clear index', 'a:0:{}', 'system', -1, 0, 0, 0, 0, 4, 0, 2, 18, 181, 184, 0, 0, 0, 0, 0, 0),
('navigation', 183, 15, 'admin/help/search', 'admin/help/search', 'search', 'a:0:{}', 'system', -1, 0, 0, 0, 0, 3, 0, 2, 15, 183, 0, 0, 0, 0, 0, 0, 0),
('navigation', 182, 16, 'admin/reports/search', 'admin/reports/search', 'Top search phrases', 'a:1:{s:10:"attributes";a:1:{s:5:"title";s:33:"View most popular search phrases.";}}', 'system', 0, 0, 0, 0, 0, 3, 0, 2, 16, 182, 0, 0, 0, 0, 0, 0, 0),
('navigation', 203, 0, 'crossdomain.xml', 'crossdomain.xml', '', 'a:0:{}', 'system', -1, 0, 0, 0, 0, 1, 0, 203, 0, 0, 0, 0, 0, 0, 0, 0, 0),
('navigation', 204, 0, 'services/%', 'services/%', 'Services', 'a:0:{}', 'system', -1, 0, 0, 0, 0, 1, 0, 204, 0, 0, 0, 0, 0, 0, 0, 0, 0),
('navigation', 205, 17, 'admin/build/services', 'admin/build/services', 'Services', 'a:1:{s:10:"attributes";a:1:{s:5:"title";s:56:"Allows external applications to communicate with Drupal.";}}', 'system', 0, 0, 0, 0, 0, 3, 0, 2, 17, 205, 0, 0, 0, 0, 0, 0, 0),
('navigation', 206, 15, 'admin/help/services', 'admin/help/services', 'services', 'a:0:{}', 'system', -1, 0, 0, 0, 0, 3, 0, 2, 15, 206, 0, 0, 0, 0, 0, 0, 0),
('navigation', 207, 2, 'admin/services/ahah/security-options', 'admin/services/ahah/security-options', '', 'a:0:{}', 'system', -1, 0, 0, 0, 0, 2, 0, 2, 207, 0, 0, 0, 0, 0, 0, 0, 0),
('navigation', 208, 15, 'admin/help/datagroup_services', 'admin/help/datagroup_services', 'datagroup_services', 'a:0:{}', 'system', -1, 0, 0, 0, 0, 3, 0, 2, 15, 208, 0, 0, 0, 0, 0, 0, 0),
('menu-my-account-nav', 254, 0, 'user/account', 'user/account', 'My Data Groups', 'a:1:{s:10:"attributes";a:1:{s:5:"title";s:0:"";}}', 'menu', 0, 0, 0, 0, -50, 1, 1, 254, 0, 0, 0, 0, 0, 0, 0, 0, 0),
('navigation', 232, 0, 'view/attachments/%', 'view/attachments/%', 'Webforms', 'a:1:{s:10:"attributes";a:1:{s:5:"title";s:54:"View and edit all the available webforms on your site.";}}', 'system', 0, 0, 0, 0, 0, 1, 0, 232, 0, 0, 0, 0, 0, 0, 0, 0, 0),
('navigation', 211, 0, 'ahah_helper_demo', 'ahah_helper_demo', '', 'a:0:{}', 'system', -1, 0, 0, 0, 0, 1, 0, 211, 0, 0, 0, 0, 0, 0, 0, 0, 0),
('navigation', 212, 0, 'toboggan/denied', 'toboggan/denied', 'Access denied', 'a:0:{}', 'system', -1, 0, 0, 0, 0, 1, 0, 212, 0, 0, 0, 0, 0, 0, 0, 0, 0),
('navigation', 213, 20, 'admin/user/logintoboggan', 'admin/user/logintoboggan', 'LoginToboggan', 'a:1:{s:10:"attributes";a:1:{s:5:"title";s:102:"Set up custom login options like instant login, login redirects, pre-authorized validation roles, etc.";}}', 'system', 0, 0, 0, 0, 0, 3, 0, 2, 20, 213, 0, 0, 0, 0, 0, 0, 0),
('navigation', 214, 0, 'toboggan/revalidate/%', 'toboggan/revalidate/%', 'Re-send validation e-mail', 'a:0:{}', 'system', -1, 0, 0, 0, 0, 1, 0, 214, 0, 0, 0, 0, 0, 0, 0, 0, 0),
('navigation', 215, 15, 'admin/help/logintoboggan', 'admin/help/logintoboggan', 'logintoboggan', 'a:0:{}', 'system', -1, 0, 0, 0, 0, 3, 0, 2, 15, 215, 0, 0, 0, 0, 0, 0, 0),
('navigation', 216, 0, 'user/validate/%/%/%', 'user/validate/%/%/%', 'Validate e-mail address', 'a:0:{}', 'system', -1, 0, 0, 0, 0, 1, 0, 216, 0, 0, 0, 0, 0, 0, 0, 0, 0),
('navigation', 217, 0, 'profile', 'profile', 'User list', 'a:0:{}', 'system', 1, 0, 0, 0, 0, 1, 0, 217, 0, 0, 0, 0, 0, 0, 0, 0, 0),
('navigation', 218, 217, 'profile/autocomplete', 'profile/autocomplete', 'Profile autocomplete', 'a:0:{}', 'system', -1, 0, 0, 0, 0, 2, 0, 217, 218, 0, 0, 0, 0, 0, 0, 0, 0),
('navigation', 219, 20, 'admin/user/profile', 'admin/user/profile', 'Profiles', 'a:1:{s:10:"attributes";a:1:{s:5:"title";s:42:"Create customizable fields for your users.";}}', 'system', 0, 0, 0, 0, 0, 3, 0, 2, 20, 219, 0, 0, 0, 0, 0, 0, 0),
('navigation', 220, 15, 'admin/help/profile', 'admin/help/profile', 'profile', 'a:0:{}', 'system', -1, 0, 0, 0, 0, 3, 0, 2, 15, 220, 0, 0, 0, 0, 0, 0, 0),
('navigation', 221, 219, 'admin/user/profile/add', 'admin/user/profile/add', 'Add field', 'a:0:{}', 'system', -1, 0, 0, 0, 0, 4, 0, 2, 20, 219, 221, 0, 0, 0, 0, 0, 0),
('navigation', 222, 219, 'admin/user/profile/delete', 'admin/user/profile/delete', 'Delete field', 'a:0:{}', 'system', -1, 0, 0, 0, 0, 4, 0, 2, 20, 219, 222, 0, 0, 0, 0, 0, 0),
('navigation', 223, 219, 'admin/user/profile/edit', 'admin/user/profile/edit', 'Edit field', 'a:0:{}', 'system', -1, 0, 0, 0, 0, 4, 0, 2, 20, 219, 223, 0, 0, 0, 0, 0, 0),
('navigation', 224, 219, 'admin/user/profile/autocomplete', 'admin/user/profile/autocomplete', 'Profile category autocomplete', 'a:0:{}', 'system', -1, 0, 0, 0, 0, 4, 0, 2, 20, 219, 224, 0, 0, 0, 0, 0, 0),
('navigation', 225, 0, 'node/%/webform/validation/add/%', 'node/%/webform/validation/add/%', 'Add validation', 'a:0:{}', 'system', -1, 0, 0, 0, 0, 1, 0, 225, 0, 0, 0, 0, 0, 0, 0, 0, 0),
('navigation', 226, 0, 'node/%/webform/validation/delete/%', 'node/%/webform/validation/delete/%', 'Delete rule', 'a:0:{}', 'system', -1, 0, 0, 0, 0, 1, 0, 226, 0, 0, 0, 0, 0, 0, 0, 0, 0),
('navigation', 227, 0, 'node/%/webform/validation/edit/%/%', 'node/%/webform/validation/edit/%/%', 'Edit rule', 'a:0:{}', 'system', -1, 0, 0, 0, 0, 1, 0, 227, 0, 0, 0, 0, 0, 0, 0, 0, 0),
('navigation', 228, 11, 'node', 'node', 'Add data groups', 'a:1:{s:10:"attributes";a:1:{s:5:"title";s:0:"";}}', 'menu', 0, 0, 0, 0, -47, 2, 1, 11, 228, 0, 0, 0, 0, 0, 0, 0, 0),
('navigation', 230, 0, 'popdata/import/sample_data', 'popdata/import/sample_data', 'Import Sample Data', 'a:1:{s:10:"attributes";a:1:{s:5:"title";s:18:"import sample data";}}', 'system', 0, 0, 0, 0, 0, 1, 0, 230, 0, 0, 0, 0, 0, 0, 0, 0, 0),
('navigation', 233, 15, 'admin/help/custom', 'admin/help/custom', 'custom', 'a:0:{}', 'system', -1, 0, 0, 0, 0, 3, 0, 2, 15, 233, 0, 0, 0, 0, 0, 0, 0),
('navigation', 234, 15, 'admin/help/view_data', 'admin/help/view_data', 'view_data', 'a:0:{}', 'system', -1, 0, 0, 0, 0, 3, 0, 2, 15, 234, 0, 0, 0, 0, 0, 0, 0),
('navigation', 235, 15, 'admin/help/token', 'admin/help/token', 'token', 'a:0:{}', 'system', -1, 0, 0, 0, 0, 3, 0, 2, 15, 235, 0, 0, 0, 0, 0, 0, 0),
('navigation', 236, 0, 'view/data/%/%', 'view/data/%/%', '', 'a:1:{s:10:"attributes";a:1:{s:5:"title";s:53:"View the list of submission of repective data groups.";}}', 'system', 0, 0, 0, 0, 0, 1, 0, 236, 0, 0, 0, 0, 0, 0, 0, 0, 0),
('navigation', 237, 0, 'node/%/data/submission/%/edit/%', 'node/%/data/submission/%/edit/%', 'Edit', 'a:0:{}', 'system', 0, 0, 0, 0, 0, 1, 0, 237, 0, 0, 0, 0, 0, 0, 0, 0, 0),
('navigation', 238, 17, 'admin/build/path', 'admin/build/path', 'URL aliases', 'a:1:{s:10:"attributes";a:1:{s:5:"title";s:46:"Change your site''s URL paths by aliasing them.";}}', 'system', 0, 0, 0, 0, 0, 3, 0, 2, 17, 238, 0, 0, 0, 0, 0, 0, 0),
('navigation', 239, 15, 'admin/help/path', 'admin/help/path', 'path', 'a:0:{}', 'system', -1, 0, 0, 0, 0, 3, 0, 2, 15, 239, 0, 0, 0, 0, 0, 0, 0),
('navigation', 240, 15, 'admin/help/pathauto', 'admin/help/pathauto', 'pathauto', 'a:0:{}', 'system', -1, 0, 0, 0, 0, 3, 0, 2, 15, 240, 0, 0, 0, 0, 0, 0, 0),
('navigation', 241, 238, 'admin/build/path/delete', 'admin/build/path/delete', 'Delete alias', 'a:0:{}', 'system', -1, 0, 0, 0, 0, 4, 0, 2, 17, 238, 241, 0, 0, 0, 0, 0, 0),
('navigation', 242, 238, 'admin/build/path/edit', 'admin/build/path/edit', 'Edit alias', 'a:0:{}', 'system', -1, 0, 0, 0, 0, 4, 0, 2, 17, 238, 242, 0, 0, 0, 0, 0, 0),
('primary-links', 243, 0, 'node/15', 'node/%', 'Home', 'a:1:{s:10:"attributes";a:1:{s:5:"title";s:0:"";}}', 'menu', 0, 0, 0, 0, -50, 1, 1, 243, 0, 0, 0, 0, 0, 0, 0, 0, 0),
('primary-links', 244, 0, 'node/20', 'node/%', 'About Us', 'a:1:{s:10:"attributes";a:1:{s:5:"title";s:0:"";}}', 'menu', 0, 0, 0, 0, -49, 1, 1, 244, 0, 0, 0, 0, 0, 0, 0, 0, 0),
('primary-links', 245, 0, 'node/17', 'node/%', 'Contact Us', 'a:1:{s:10:"attributes";a:1:{s:5:"title";s:0:"";}}', 'menu', 0, 0, 0, 0, -47, 1, 1, 245, 0, 0, 0, 0, 0, 0, 0, 0, 0),
('primary-links', 246, 0, 'node/18', 'node/%', 'How It Works', 'a:1:{s:10:"attributes";a:1:{s:5:"title";s:0:"";}}', 'menu', 0, 0, 0, 0, -48, 1, 1, 246, 0, 0, 0, 0, 0, 0, 0, 0, 0),
('secondary-links', 247, 0, 'user/account', 'user/account', 'My Account', 'a:2:{s:10:"attributes";a:1:{s:5:"title";s:0:"";}s:5:"alter";b:1;}', 'menu', 0, 0, 0, 0, -50, 1, 1, 247, 0, 0, 0, 0, 0, 0, 0, 0, 0),
('secondary-links', 248, 0, 'user/login', 'user/login', 'Login', 'a:2:{s:10:"attributes";a:1:{s:5:"title";s:0:"";}s:5:"query";s:24:"destination=user/account";}', 'menu', 0, 0, 0, 0, -47, 1, 1, 248, 0, 0, 0, 0, 0, 0, 0, 0, 0),
('secondary-links', 249, 0, 'user/register', 'user/register', 'Sign Up', 'a:2:{s:10:"attributes";a:1:{s:5:"title";s:0:"";}s:5:"query";s:44:"destination=content/welcome-register-my-info";}', 'menu', 0, 0, 0, 0, -48, 1, 1, 249, 0, 0, 0, 0, 0, 0, 0, 0, 0),
('secondary-links', 250, 0, 'logout', 'logout', 'Log out', 'a:1:{s:10:"attributes";a:1:{s:5:"title";s:0:"";}}', 'menu', 0, 0, 0, 0, -49, 1, 1, 250, 0, 0, 0, 0, 0, 0, 0, 0, 0),
('navigation', 251, 38, 'admin/build/menu-customize/menu-my-account-nav', 'admin/build/menu-customize/%', 'My Account menu', 'a:0:{}', 'menu', 0, 0, 0, 0, 0, 4, 0, 2, 17, 38, 251, 0, 0, 0, 0, 0, 0),
('navigation', 252, 0, 'user/account', 'user/account', 'My Account', 'a:1:{s:10:"attributes";a:1:{s:5:"title";s:39:"View the list of available data groups.";}}', 'system', 0, 0, 0, 0, 0, 1, 0, 252, 0, 0, 0, 0, 0, 0, 0, 0, 0),
('navigation', 253, 0, 'node/%/data/submission/%/delete/%', 'node/%/data/submission/%/delete/%', 'Delete', 'a:0:{}', 'system', 0, 0, 0, 0, 0, 1, 0, 253, 0, 0, 0, 0, 0, 0, 0, 0, 0),
('menu-my-account-nav', 255, 0, 'user/contacts', 'user/contacts', 'Contacts', 'a:1:{s:10:"attributes";a:1:{s:5:"title";s:0:"";}}', 'menu', 0, 0, 0, 0, -49, 1, 1, 255, 0, 0, 0, 0, 0, 0, 0, 0, 0),
('menu-my-account-nav', 256, 0, '<front>', '', 'Change Password', 'a:2:{s:5:"alter";b:1;s:10:"attributes";a:1:{s:5:"title";s:0:"";}}', 'menu', 0, 1, 0, 0, -48, 1, 1, 256, 0, 0, 0, 0, 0, 0, 0, 0, 0),
('navigation', 257, 0, 'user/contacts', 'user/contacts', 'My Contacts', 'a:1:{s:10:"attributes";a:1:{s:5:"title";s:26:"View Contacts of the User.";}}', 'system', 0, 0, 1, 0, 0, 1, 0, 257, 0, 0, 0, 0, 0, 0, 0, 0, 0),
('navigation', 258, 257, 'user/contacts/%', 'user/contacts/%', 'My Contacts', 'a:1:{s:10:"attributes";a:1:{s:5:"title";s:45:"View shared data groups of the users contact.";}}', 'system', 0, 0, 0, 0, 0, 2, 0, 257, 258, 0, 0, 0, 0, 0, 0, 0, 0),
('navigation', 259, 15, 'admin/help/contacts', 'admin/help/contacts', 'contacts', 'a:0:{}', 'system', -1, 0, 0, 0, 0, 3, 0, 2, 15, 259, 0, 0, 0, 0, 0, 0, 0),
('navigation', 260, 0, 'user/contact/data/%/%', 'user/contact/data/%/%', 'My Contacts', 'a:1:{s:10:"attributes";a:1:{s:5:"title";s:45:"View shared data groups of the users contact.";}}', 'system', 0, 0, 0, 0, 0, 1, 0, 260, 0, 0, 0, 0, 0, 0, 0, 0, 0),
('navigation', 261, 0, 'user/contact/datagroup/detail/%/%/%', 'user/contact/datagroup/detail/%/%/%', 'My datagroup details', 'a:0:{}', 'system', 0, 0, 0, 0, 0, 1, 0, 261, 0, 0, 0, 0, 0, 0, 0, 0, 0),
('navigation', 262, 0, 'user/contact/subdatagroup/detail/%/%/%', 'user/contact/subdatagroup/detail/%/%/%', 'My subdatagroups details', 'a:0:{}', 'system', 0, 0, 0, 0, 0, 1, 0, 262, 0, 0, 0, 0, 0, 0, 0, 0, 0),
('navigation', 263, 0, 'webform_addmore/js/remove/subdatagroup', 'webform_addmore/js/remove/subdatagroup', '', 'a:0:{}', 'system', 0, 0, 0, 0, 0, 1, 0, 263, 0, 0, 0, 0, 0, 0, 0, 0, 0),
('navigation', 264, 0, 'print/data', 'print/data', '', 'a:1:{s:10:"attributes";a:1:{s:5:"title";s:46:"Print the submission of repective data groups.";}}', 'system', 0, 0, 0, 0, 0, 1, 0, 264, 0, 0, 0, 0, 0, 0, 0, 0, 0);

-- --------------------------------------------------------

--
-- Table structure for table `menu_router`
--

CREATE TABLE IF NOT EXISTS `menu_router` (
  `path` varchar(255) NOT NULL DEFAULT '',
  `load_functions` text NOT NULL,
  `to_arg_functions` text NOT NULL,
  `access_callback` varchar(255) NOT NULL DEFAULT '',
  `access_arguments` text,
  `page_callback` varchar(255) NOT NULL DEFAULT '',
  `page_arguments` text,
  `fit` int(11) NOT NULL DEFAULT '0',
  `number_parts` smallint(6) NOT NULL DEFAULT '0',
  `tab_parent` varchar(255) NOT NULL DEFAULT '',
  `tab_root` varchar(255) NOT NULL DEFAULT '',
  `title` varchar(255) NOT NULL DEFAULT '',
  `title_callback` varchar(255) NOT NULL DEFAULT '',
  `title_arguments` varchar(255) NOT NULL DEFAULT '',
  `type` int(11) NOT NULL DEFAULT '0',
  `block_callback` varchar(255) NOT NULL DEFAULT '',
  `description` text NOT NULL,
  `position` varchar(255) NOT NULL DEFAULT '',
  `weight` int(11) NOT NULL DEFAULT '0',
  `file` mediumtext,
  PRIMARY KEY (`path`),
  KEY `fit` (`fit`),
  KEY `tab_parent` (`tab_parent`),
  KEY `tab_root_weight_title` (`tab_root`(64),`weight`,`title`)
) ENGINE=MyISAM DEFAULT CHARSET=utf8;

--
-- Dumping data for table `menu_router`
--

INSERT INTO `menu_router` (`path`, `load_functions`, `to_arg_functions`, `access_callback`, `access_arguments`, `page_callback`, `page_arguments`, `fit`, `number_parts`, `tab_parent`, `tab_root`, `title`, `title_callback`, `title_arguments`, `type`, `block_callback`, `description`, `position`, `weight`, `file`) VALUES
('crossdomain.xml', '', '', 'services_access_menu', 'a:0:{}', 'services_crossdomain_xml', 'a:0:{}', 1, 1, '', 'crossdomain.xml', '', 't', '', 4, '', '', '', 0, ''),
('node', '', '', 'user_access', 'a:1:{i:0;s:14:"access content";}', 'node_page_default', 'a:0:{}', 1, 1, '', 'node', 'Content', 't', '', 4, '', '', '', 0, ''),
('rss.xml', '', '', 'user_access', 'a:1:{i:0;s:14:"access content";}', 'node_feed', 'a:0:{}', 1, 1, '', 'rss.xml', 'RSS feed', 't', '', 4, '', '', '', 0, ''),
('ahah_helper_demo', '', '', '1', 'a:0:{}', 'drupal_get_form', 'a:1:{i:0;s:21:"ahah_helper_demo_form";}', 1, 1, '', 'ahah_helper_demo', '', 't', '', 4, '', '', '', 0, ''),
('batch', '', '', '1', 'a:0:{}', 'system_batch_page', 'a:0:{}', 1, 1, '', 'batch', '', 't', '', 4, '', '', '', 0, 'modules/system/system.admin.inc'),
('admin', '', '', 'user_access', 'a:1:{i:0;s:27:"access administration pages";}', 'system_main_admin_page', 'a:0:{}', 1, 1, '', 'admin', 'Administer', 't', '', 6, '', '', '', 9, 'modules/system/system.admin.inc'),
('logout', '', '', 'user_is_logged_in', 'a:0:{}', 'user_logout', 'a:0:{}', 1, 1, '', 'logout', 'Log out', 't', '', 6, '', '', '', 10, 'modules/user/user.pages.inc'),
('search', '', '', 'user_access', 'a:1:{i:0;s:14:"search content";}', 'search_view', 'a:0:{}', 1, 1, '', 'search', 'Search', 't', '', 20, '', '', '', 0, 'modules/search/search.pages.inc'),
('user', '', '', '1', 'a:0:{}', 'user_page', 'a:0:{}', 1, 1, '', 'user', 'User account', 't', '', 4, '', '', '', 0, 'modules/user/user.pages.inc'),
('profile', '', '', 'user_access', 'a:1:{i:0;s:20:"access user profiles";}', 'profile_browse', 'a:0:{}', 1, 1, '', 'profile', 'User list', 't', '', 20, '', '', '', 0, 'modules/profile/profile.pages.inc'),
('user/login', '', '', 'user_is_anonymous', 'a:0:{}', 'user_page', 'a:0:{}', 3, 2, 'user', 'user', 'Log in', 't', '', 136, '', '', '', 0, 'modules/user/user.pages.inc'),
('system/files', '', '', '1', 'a:0:{}', 'file_download', 'a:0:{}', 3, 2, '', 'system/files', 'File download', 't', '', 4, '', '', '', 0, ''),
('toboggan/denied', '', '', '1', 'a:0:{}', 'logintoboggan_denied', 'a:0:{}', 3, 2, '', 'toboggan/denied', 'Access denied', 't', '', 4, '', '', '', 0, ''),
('ahah_helper/%', 'a:1:{i:1;s:26:"ahah_helper_form_item_load";}', '', '1', 'a:0:{}', 'ahah_helper_render', 'a:1:{i:0;i:1;}', 2, 2, '', 'ahah_helper/%', '', 't', '', 4, '', '', '', 0, ''),
('taxonomy/autocomplete', '', '', 'user_access', 'a:1:{i:0;s:14:"access content";}', 'taxonomy_autocomplete', 'a:0:{}', 3, 2, '', 'taxonomy/autocomplete', 'Autocomplete taxonomy', 't', '', 4, '', '', '', 0, 'modules/taxonomy/taxonomy.pages.inc'),
('admin/by-module', '', '', 'user_access', 'a:1:{i:0;s:27:"access administration pages";}', 'system_admin_by_module', 'a:0:{}', 3, 2, 'admin', 'admin', 'By module', 't', '', 128, '', '', '', 2, 'modules/system/system.admin.inc'),
('filter/tips', '', '', '1', 'a:0:{}', 'filter_tips_long', 'a:0:{}', 3, 2, '', 'filter/tips', 'Compose tips', 't', '', 20, '', '', '', 0, 'modules/filter/filter.pages.inc'),
('node/add', '', '', '_node_add_access', 'a:0:{}', 'node_add_page', 'a:0:{}', 3, 2, '', 'node/add', 'Create content', 't', '', 6, '', '', '', 1, 'modules/node/node.pages.inc'),
('comment/delete', '', '', 'user_access', 'a:1:{i:0;s:19:"administer comments";}', 'comment_delete', 'a:0:{}', 3, 2, '', 'comment/delete', 'Delete comment', 't', '', 4, '', '', '', 0, 'modules/comment/comment.admin.inc'),
('comment/edit', '', '', 'user_access', 'a:1:{i:0;s:13:"post comments";}', 'comment_edit', 'a:0:{}', 3, 2, '', 'comment/edit', 'Edit comment', 't', '', 4, '', '', '', 0, 'modules/comment/comment.pages.inc'),
('profile/autocomplete', '', '', 'user_access', 'a:1:{i:0;s:20:"access user profiles";}', 'profile_autocomplete', 'a:0:{}', 3, 2, '', 'profile/autocomplete', 'Profile autocomplete', 't', '', 4, '', '', '', 0, 'modules/profile/profile.pages.inc'),
('services/%', 'a:1:{i:1;N;}', '', 'services_access_menu', 'a:0:{}', 'services_server', 'a:1:{i:0;i:1;}', 2, 2, '', 'services/%', 'Services', 't', '', 4, '', '', '', 0, ''),
('print/data', '', '', 'user_access', 'a:1:{i:0;s:26:"access all webform results";}', 'print_data_submission', 'a:0:{}', 3, 2, '', 'print/data', '', 't', '', 6, '', 'Print the submission of repective data groups.', '', 0, ''),
('admin/by-task', '', '', 'user_access', 'a:1:{i:0;s:27:"access administration pages";}', 'system_main_admin_page', 'a:0:{}', 3, 2, 'admin', 'admin', 'By task', 't', '', 136, '', '', '', 0, 'modules/system/system.admin.inc'),
('admin/compact', '', '', 'user_access', 'a:1:{i:0;s:27:"access administration pages";}', 'system_admin_compact_page', 'a:0:{}', 3, 2, '', 'admin/compact', 'Compact mode', 't', '', 4, '', '', '', 0, 'modules/system/system.admin.inc'),
('admin/help', '', '', 'user_access', 'a:1:{i:0;s:27:"access administration pages";}', 'help_main', 'a:0:{}', 3, 2, '', 'admin/help', 'Help', 't', '', 6, '', '', '', 9, 'modules/help/help.admin.inc'),
('user/account', '', '', 'user_access', 'a:1:{i:0;s:26:"access all webform results";}', 'myaccount_page', 'a:0:{}', 3, 2, '', 'user/account', 'My Account', 't', '', 6, '', 'View the list of available data groups.', '', 0, ''),
('user/contacts', '', '', 'user_access', 'a:1:{i:0;s:20:"access user contacts";}', 'contacts_view', 'a:0:{}', 3, 2, '', 'user/contacts', 'My Contacts', 't', '', 6, '', 'View Contacts of the User.', '', 0, ''),
('user/register', '', '', 'user_register_access', 'a:0:{}', 'drupal_get_form', 'a:1:{i:0;s:13:"user_register";}', 3, 2, 'user', 'user', 'Create new account', 't', '', 128, '', '', '', 0, 'modules/user/user.pages.inc'),
('user/password', '', '', 'user_is_anonymous', 'a:0:{}', 'drupal_get_form', 'a:1:{i:0;s:9:"user_pass";}', 3, 2, 'user', 'user', 'Request new password', 't', '', 128, '', '', '', 0, 'modules/user/user.pages.inc'),
('user/autocomplete', '', '', 'user_access', 'a:1:{i:0;s:20:"access user profiles";}', 'user_autocomplete', 'a:0:{}', 3, 2, '', 'user/autocomplete', 'User autocomplete', 't', '', 4, '', '', '', 0, 'modules/user/user.pages.inc'),
('admin/content', '', '', 'user_access', 'a:1:{i:0;s:27:"access administration pages";}', 'system_admin_menu_block_page', 'a:0:{}', 3, 2, '', 'admin/content', 'Content management', 't', '', 6, '', 'Manage your site''s content.', 'left', -10, 'modules/system/system.admin.inc'),
('admin/reports', '', '', 'user_access', 'a:1:{i:0;s:19:"access site reports";}', 'system_admin_menu_block_page', 'a:0:{}', 3, 2, '', 'admin/reports', 'Reports', 't', '', 6, '', 'View reports from system logs and other status information.', 'left', 5, 'modules/system/system.admin.inc'),
('admin/build', '', '', 'user_access', 'a:1:{i:0;s:27:"access administration pages";}', 'system_admin_menu_block_page', 'a:0:{}', 3, 2, '', 'admin/build', 'Site building', 't', '', 6, '', 'Control how your site looks and feels.', 'right', -10, 'modules/system/system.admin.inc'),
('admin/settings', '', '', 'user_access', 'a:1:{i:0;s:27:"access administration pages";}', 'system_settings_overview', 'a:0:{}', 3, 2, '', 'admin/settings', 'Site configuration', 't', '', 6, '', 'Adjust basic site configuration options.', 'right', -5, 'modules/system/system.admin.inc'),
('node/%', 'a:1:{i:1;s:9:"node_load";}', '', 'node_access', 'a:2:{i:0;s:4:"view";i:1;i:1;}', 'node_page_view', 'a:1:{i:0;i:1;}', 2, 2, '', 'node/%', '', 'node_page_title', 'a:1:{i:0;i:1;}', 4, '', '', '', 0, ''),
('admin/user', '', '', 'user_access', 'a:1:{i:0;s:27:"access administration pages";}', 'system_admin_menu_block_page', 'a:0:{}', 3, 2, '', 'admin/user', 'User management', 't', '', 6, '', 'Manage your site''s users, groups and access to site features.', 'left', 0, 'modules/system/system.admin.inc'),
('user/%', 'a:1:{i:1;s:22:"user_uid_optional_load";}', 'a:1:{i:1;s:24:"user_uid_optional_to_arg";}', 'user_view_access', 'a:1:{i:0;i:1;}', 'user_view', 'a:1:{i:0;i:1;}', 2, 2, '', 'user/%', 'My account', 'user_page_title', 'a:1:{i:0;i:1;}', 6, '', '', '', 0, 'modules/user/user.pages.inc'),
('node/%/view', 'a:1:{i:1;s:9:"node_load";}', '', 'node_access', 'a:2:{i:0;s:4:"view";i:1;i:1;}', 'node_page_view', 'a:1:{i:0;i:1;}', 5, 3, 'node/%', 'node/%', 'View', 't', '', 136, '', '', '', -10, ''),
('user/%/view', 'a:1:{i:1;s:9:"user_load";}', '', 'user_view_access', 'a:1:{i:0;i:1;}', 'user_view', 'a:1:{i:0;i:1;}', 5, 3, 'user/%', 'user/%', 'View', 't', '', 136, '', '', '', -10, 'modules/user/user.pages.inc'),
('admin/settings/actions', '', '', 'user_access', 'a:1:{i:0;s:18:"administer actions";}', 'system_actions_manage', 'a:0:{}', 7, 3, '', 'admin/settings/actions', 'Actions', 't', '', 6, '', 'Manage the actions defined for your site.', '', 0, ''),
('user/contacts/%', 'a:1:{i:2;N;}', '', 'user_access', 'a:1:{i:0;s:20:"access user contacts";}', 'contacts_view_data_groups', 'a:0:{}', 6, 3, '', 'user/contacts/%', 'My Contacts', 't', '', 6, '', 'View shared data groups of the users contact.', '', 0, ''),
('admin/user/rules', '', '', 'user_access', 'a:1:{i:0;s:22:"administer permissions";}', 'user_admin_access', 'a:0:{}', 7, 3, '', 'admin/user/rules', 'Access rules', 't', '', 6, '', 'List and create rules to disallow usernames, e-mail addresses, and IP addresses.', '', 0, 'modules/user/user.admin.inc'),
('admin/reports/updates', '', '', 'user_access', 'a:1:{i:0;s:29:"administer site configuration";}', 'update_status', 'a:0:{}', 7, 3, '', 'admin/reports/updates', 'Available updates', 't', '', 6, '', 'Get a status report about available updates for your installed modules and themes.', '', 10, 'modules/update/update.report.inc'),
('admin/build/block', '', '', 'user_access', 'a:1:{i:0;s:17:"administer blocks";}', 'block_admin_display', 'a:0:{}', 7, 3, '', 'admin/build/block', 'Blocks', 't', '', 6, '', 'Configure what block content appears in your site''s sidebars and other regions.', '', 0, 'modules/block/block.admin.inc'),
('admin/content/comment', '', '', 'user_access', 'a:1:{i:0;s:19:"administer comments";}', 'comment_admin', 'a:0:{}', 7, 3, '', 'admin/content/comment', 'Comments', 't', '', 6, '', 'List and edit site comments and the comment moderation queue.', '', 0, 'modules/comment/comment.admin.inc'),
('admin/content/types', '', '', 'user_access', 'a:1:{i:0;s:24:"administer content types";}', 'node_overview_types', 'a:0:{}', 7, 3, '', 'admin/content/types', 'Content types', 't', '', 6, '', 'Manage posts by content type, including default status, front page promotion, etc.', '', 0, 'modules/node/content_types.inc'),
('admin/settings/logging', '', '', 'user_access', 'a:1:{i:0;s:29:"administer site configuration";}', 'system_logging_overview', 'a:0:{}', 7, 3, '', 'admin/settings/logging', 'Logging and alerts', 't', '', 6, '', 'Settings for logging and alerts modules. Various modules can route Drupal''s system events to different destination, such as syslog, database, email, ...etc.', '', 0, 'modules/system/system.admin.inc'),
('toboggan/revalidate/%', 'a:1:{i:2;s:9:"user_load";}', '', 'logintoboggan_revalidate_access', 'a:1:{i:0;i:2;}', 'logintoboggan_resend_validation', 'a:1:{i:0;i:2;}', 6, 3, '', 'toboggan/revalidate/%', 'Re-send validation e-mail', 't', '', 4, '', '', '', 0, ''),
('admin/reports/dblog', '', '', 'user_access', 'a:1:{i:0;s:19:"access site reports";}', 'dblog_overview', 'a:0:{}', 7, 3, '', 'admin/reports/dblog', 'Recent log entries', 't', '', 6, '', 'View events that have recently been logged.', '', -1, 'modules/dblog/dblog.admin.inc'),
('admin/build/services', '', '', 'user_access', 'a:1:{i:0;s:19:"administer services";}', 'services_admin_browse_index', 'a:0:{}', 7, 3, '', 'admin/build/services', 'Services', 't', '', 6, '', 'Allows external applications to communicate with Drupal.', '', 0, 'sites/all/modules/services/services_admin_browse.inc'),
('admin/reports/status', '', '', 'user_access', 'a:1:{i:0;s:29:"administer site configuration";}', 'system_status', 'a:0:{}', 7, 3, '', 'admin/reports/status', 'Status report', 't', '', 6, '', 'Get a status report about your site''s operation and any detected problems.', '', 10, 'modules/system/system.admin.inc'),
('taxonomy/term/%', 'a:1:{i:2;N;}', '', 'user_access', 'a:1:{i:0;s:14:"access content";}', 'taxonomy_term_page', 'a:1:{i:0;i:2;}', 6, 3, '', 'taxonomy/term/%', 'Taxonomy term', 't', '', 4, '', '', '', 0, 'modules/taxonomy/taxonomy.pages.inc'),
('admin/build/path', '', '', 'user_access', 'a:1:{i:0;s:22:"administer url aliases";}', 'path_admin_overview', 'a:0:{}', 7, 3, '', 'admin/build/path', 'URL aliases', 't', '', 6, '', 'Change your site''s URL paths by aliasing them.', '', 0, 'modules/path/path.admin.inc'),
('node/%/done', 'a:1:{i:1;s:17:"webform_menu_load";}', '', 'node_access', 'a:2:{i:0;s:4:"view";i:1;i:1;}', '_webform_confirmation', 'a:1:{i:0;i:1;}', 5, 3, '', 'node/%/done', 'Webform confirmation', 't', '', 4, '', '', '', 0, ''),
('view/attachments/%', 'a:1:{i:2;N;}', '', 'user_access', 'a:1:{i:0;s:31:"access datagroup uploaded files";}', 'custom_view_attachments', 'a:0:{}', 6, 3, '', 'view/attachments/%', 'Webforms', 't', '', 6, '', 'View and edit all the available webforms on your site.', '', 0, ''),
('admin/help/block', '', '', 'user_access', 'a:1:{i:0;s:27:"access administration pages";}', 'help_page', 'a:1:{i:0;i:2;}', 7, 3, '', 'admin/help/block', 'block', 't', '', 4, '', '', '', 0, 'modules/help/help.admin.inc'),
('admin/help/color', '', '', 'user_access', 'a:1:{i:0;s:27:"access administration pages";}', 'help_page', 'a:1:{i:0;i:2;}', 7, 3, '', 'admin/help/color', 'color', 't', '', 4, '', '', '', 0, 'modules/help/help.admin.inc'),
('admin/help/comment', '', '', 'user_access', 'a:1:{i:0;s:27:"access administration pages";}', 'help_page', 'a:1:{i:0;i:2;}', 7, 3, '', 'admin/help/comment', 'comment', 't', '', 4, '', '', '', 0, 'modules/help/help.admin.inc'),
('admin/help/contacts', '', '', 'user_access', 'a:1:{i:0;s:27:"access administration pages";}', 'help_page', 'a:1:{i:0;i:2;}', 7, 3, '', 'admin/help/contacts', 'contacts', 't', '', 4, '', '', '', 0, 'modules/help/help.admin.inc'),
('admin/help/custom', '', '', 'user_access', 'a:1:{i:0;s:27:"access administration pages";}', 'help_page', 'a:1:{i:0;i:2;}', 7, 3, '', 'admin/help/custom', 'custom', 't', '', 4, '', '', '', 0, 'modules/help/help.admin.inc'),
('admin/help/datagroup_services', '', '', 'user_access', 'a:1:{i:0;s:27:"access administration pages";}', 'help_page', 'a:1:{i:0;i:2;}', 7, 3, '', 'admin/help/datagroup_services', 'datagroup_services', 't', '', 4, '', '', '', 0, 'modules/help/help.admin.inc'),
('admin/help/dblog', '', '', 'user_access', 'a:1:{i:0;s:27:"access administration pages";}', 'help_page', 'a:1:{i:0;i:2;}', 7, 3, '', 'admin/help/dblog', 'dblog', 't', '', 4, '', '', '', 0, 'modules/help/help.admin.inc'),
('admin/help/filter', '', '', 'user_access', 'a:1:{i:0;s:27:"access administration pages";}', 'help_page', 'a:1:{i:0;i:2;}', 7, 3, '', 'admin/help/filter', 'filter', 't', '', 4, '', '', '', 0, 'modules/help/help.admin.inc'),
('admin/help/help', '', '', 'user_access', 'a:1:{i:0;s:27:"access administration pages";}', 'help_page', 'a:1:{i:0;i:2;}', 7, 3, '', 'admin/help/help', 'help', 't', '', 4, '', '', '', 0, 'modules/help/help.admin.inc'),
('admin/help/logintoboggan', '', '', 'user_access', 'a:1:{i:0;s:27:"access administration pages";}', 'help_page', 'a:1:{i:0;i:2;}', 7, 3, '', 'admin/help/logintoboggan', 'logintoboggan', 't', '', 4, '', '', '', 0, 'modules/help/help.admin.inc'),
('admin/help/menu', '', '', 'user_access', 'a:1:{i:0;s:27:"access administration pages";}', 'help_page', 'a:1:{i:0;i:2;}', 7, 3, '', 'admin/help/menu', 'menu', 't', '', 4, '', '', '', 0, 'modules/help/help.admin.inc'),
('admin/help/node', '', '', 'user_access', 'a:1:{i:0;s:27:"access administration pages";}', 'help_page', 'a:1:{i:0;i:2;}', 7, 3, '', 'admin/help/node', 'node', 't', '', 4, '', '', '', 0, 'modules/help/help.admin.inc'),
('admin/help/path', '', '', 'user_access', 'a:1:{i:0;s:27:"access administration pages";}', 'help_page', 'a:1:{i:0;i:2;}', 7, 3, '', 'admin/help/path', 'path', 't', '', 4, '', '', '', 0, 'modules/help/help.admin.inc'),
('admin/help/pathauto', '', '', 'user_access', 'a:1:{i:0;s:27:"access administration pages";}', 'help_page', 'a:1:{i:0;i:2;}', 7, 3, '', 'admin/help/pathauto', 'pathauto', 't', '', 4, '', '', '', 0, 'modules/help/help.admin.inc'),
('admin/help/profile', '', '', 'user_access', 'a:1:{i:0;s:27:"access administration pages";}', 'help_page', 'a:1:{i:0;i:2;}', 7, 3, '', 'admin/help/profile', 'profile', 't', '', 4, '', '', '', 0, 'modules/help/help.admin.inc'),
('admin/help/search', '', '', 'user_access', 'a:1:{i:0;s:27:"access administration pages";}', 'help_page', 'a:1:{i:0;i:2;}', 7, 3, '', 'admin/help/search', 'search', 't', '', 4, '', '', '', 0, 'modules/help/help.admin.inc'),
('admin/help/services', '', '', 'user_access', 'a:1:{i:0;s:27:"access administration pages";}', 'help_page', 'a:1:{i:0;i:2;}', 7, 3, '', 'admin/help/services', 'services', 't', '', 4, '', '', '', 0, 'modules/help/help.admin.inc'),
('admin/help/system', '', '', 'user_access', 'a:1:{i:0;s:27:"access administration pages";}', 'help_page', 'a:1:{i:0;i:2;}', 7, 3, '', 'admin/help/system', 'system', 't', '', 4, '', '', '', 0, 'modules/help/help.admin.inc'),
('admin/help/taxonomy', '', '', 'user_access', 'a:1:{i:0;s:27:"access administration pages";}', 'help_page', 'a:1:{i:0;i:2;}', 7, 3, '', 'admin/help/taxonomy', 'taxonomy', 't', '', 4, '', '', '', 0, 'modules/help/help.admin.inc'),
('admin/help/token', '', '', 'user_access', 'a:1:{i:0;s:27:"access administration pages";}', 'help_page', 'a:1:{i:0;i:2;}', 7, 3, '', 'admin/help/token', 'token', 't', '', 4, '', '', '', 0, 'modules/help/help.admin.inc'),
('admin/help/update', '', '', 'user_access', 'a:1:{i:0;s:27:"access administration pages";}', 'help_page', 'a:1:{i:0;i:2;}', 7, 3, '', 'admin/help/update', 'update', 't', '', 4, '', '', '', 0, 'modules/help/help.admin.inc'),
('admin/help/user', '', '', 'user_access', 'a:1:{i:0;s:27:"access administration pages";}', 'help_page', 'a:1:{i:0;i:2;}', 7, 3, '', 'admin/help/user', 'user', 't', '', 4, '', '', '', 0, 'modules/help/help.admin.inc'),
('admin/help/view_data', '', '', 'user_access', 'a:1:{i:0;s:27:"access administration pages";}', 'help_page', 'a:1:{i:0;i:2;}', 7, 3, '', 'admin/help/view_data', 'view_data', 't', '', 4, '', '', '', 0, 'modules/help/help.admin.inc'),
('admin/help/webform', '', '', 'user_access', 'a:1:{i:0;s:27:"access administration pages";}', 'help_page', 'a:1:{i:0;i:2;}', 7, 3, '', 'admin/help/webform', 'webform', 't', '', 4, '', '', '', 0, 'modules/help/help.admin.inc'),
('node/%/access', 'a:1:{i:1;s:9:"node_load";}', '', 'content_access_node_page_access', 'a:1:{i:0;i:1;}', 'drupal_get_form', 'a:2:{i:0;s:19:"content_access_page";i:1;i:1;}', 5, 3, 'node/%', 'node/%', 'Access control', 't', '', 128, '', '', '', 3, 'sites/all/modules/content_access/content_access.admin.inc'),
('admin/settings/clean-urls', '', '', 'user_access', 'a:1:{i:0;s:29:"administer site configuration";}', 'drupal_get_form', 'a:1:{i:0;s:25:"system_clean_url_settings";}', 7, 3, '', 'admin/settings/clean-urls', 'Clean URLs', 't', '', 6, '', 'Enable or disable clean URLs for your site.', '', 0, 'modules/system/system.admin.inc'),
('admin/content/node', '', '', 'user_access', 'a:1:{i:0;s:16:"administer nodes";}', 'drupal_get_form', 'a:1:{i:0;s:18:"node_admin_content";}', 7, 3, '', 'admin/content/node', 'Content', 't', '', 6, '', 'View, edit, and delete your site''s content.', '', 0, 'modules/node/node.admin.inc'),
('admin/settings/date-time', '', '', 'user_access', 'a:1:{i:0;s:29:"administer site configuration";}', 'drupal_get_form', 'a:1:{i:0;s:25:"system_date_time_settings";}', 7, 3, '', 'admin/settings/date-time', 'Date and time', 't', '', 6, '', 'Settings for how Drupal displays date and time, as well as the system''s default timezone.', '', 0, 'modules/system/system.admin.inc'),
('node/%/delete', 'a:1:{i:1;s:9:"node_load";}', '', 'node_access', 'a:2:{i:0;s:6:"delete";i:1;i:1;}', 'drupal_get_form', 'a:2:{i:0;s:19:"node_delete_confirm";i:1;i:1;}', 5, 3, '', 'node/%/delete', 'Delete', 't', '', 4, '', '', '', 1, 'modules/node/node.pages.inc'),
('user/%/delete', 'a:1:{i:1;s:9:"user_load";}', '', 'user_delete_access', 'a:1:{i:0;i:1;}', 'drupal_get_form', 'a:2:{i:0;s:19:"user_confirm_delete";i:1;i:1;}', 5, 3, '', 'user/%/delete', 'Delete', 't', '', 4, '', '', '', 0, 'modules/user/user.pages.inc'),
('node/%/edit', 'a:1:{i:1;s:9:"node_load";}', '', 'node_access', 'a:2:{i:0;s:6:"update";i:1;i:1;}', 'node_page_edit', 'a:1:{i:0;i:1;}', 5, 3, 'node/%', 'node/%', 'Edit', 't', '', 128, '', '', '', 1, 'modules/node/node.pages.inc'),
('admin/settings/error-reporting', '', '', 'user_access', 'a:1:{i:0;s:29:"administer site configuration";}', 'drupal_get_form', 'a:1:{i:0;s:31:"system_error_reporting_settings";}', 7, 3, '', 'admin/settings/error-reporting', 'Error reporting', 't', '', 6, '', 'Control how Drupal deals with errors including 403/404 errors as well as PHP error reporting.', '', 0, 'modules/system/system.admin.inc'),
('admin/settings/file-system', '', '', 'user_access', 'a:1:{i:0;s:29:"administer site configuration";}', 'drupal_get_form', 'a:1:{i:0;s:27:"system_file_system_settings";}', 7, 3, '', 'admin/settings/file-system', 'File system', 't', '', 6, '', 'Tell Drupal where to store uploaded files and how they are accessed.', '', 0, 'modules/system/system.admin.inc'),
('admin/settings/image-toolkit', '', '', 'user_access', 'a:1:{i:0;s:29:"administer site configuration";}', 'drupal_get_form', 'a:1:{i:0;s:29:"system_image_toolkit_settings";}', 7, 3, '', 'admin/settings/image-toolkit', 'Image toolkit', 't', '', 6, '', 'Choose which image toolkit to use if you have installed optional toolkits.', '', 0, 'modules/system/system.admin.inc'),
('popdata/import/sample_data', '', '', 'user_access', 'a:1:{i:0;s:31:"import datagroup uploaded files";}', 'drupal_get_form', 'a:1:{i:0;s:31:"popdata_import_sample_data_form";}', 7, 3, '', 'popdata/import/sample_data', 'Import Sample Data', 't', '', 6, '', 'import sample data', '', 0, ''),
('admin/settings/filters', '', '', 'user_access', 'a:1:{i:0;s:18:"administer filters";}', 'drupal_get_form', 'a:1:{i:0;s:21:"filter_admin_overview";}', 7, 3, '', 'admin/settings/filters', 'Input formats', 't', '', 6, '', 'Configure how content input by users is filtered, including allowed HTML tags. Also allows enabling of module-provided filters.', '', 0, 'modules/filter/filter.admin.inc'),
('admin/user/logintoboggan', '', '', 'user_access', 'a:1:{i:0;s:29:"administer site configuration";}', 'drupal_get_form', 'a:1:{i:0;s:27:"logintoboggan_main_settings";}', 7, 3, '', 'admin/user/logintoboggan', 'LoginToboggan', 't', '', 6, '', 'Set up custom login options like instant login, login redirects, pre-authorized validation roles, etc.', '', 0, ''),
('admin/build/menu', '', '', 'user_access', 'a:1:{i:0;s:15:"administer menu";}', 'menu_overview_page', 'a:0:{}', 7, 3, '', 'admin/build/menu', 'Menus', 't', '', 6, '', 'Control your site''s navigation menu, primary links and secondary links, as well as rename and reorganize menu items.', '', 0, 'modules/menu/menu.admin.inc'),
('admin/build/modules', '', '', 'user_access', 'a:1:{i:0;s:29:"administer site configuration";}', 'drupal_get_form', 'a:1:{i:0;s:14:"system_modules";}', 7, 3, '', 'admin/build/modules', 'Modules', 't', '', 6, '', 'Enable or disable add-on modules for your site.', '', 0, 'modules/system/system.admin.inc'),
('admin/settings/performance', '', '', 'user_access', 'a:1:{i:0;s:29:"administer site configuration";}', 'drupal_get_form', 'a:1:{i:0;s:27:"system_performance_settings";}', 7, 3, '', 'admin/settings/performance', 'Performance', 't', '', 6, '', 'Enable or disable page caching for anonymous users and set CSS and JS bandwidth optimization options.', '', 0, 'modules/system/system.admin.inc'),
('admin/user/permissions', '', '', 'user_access', 'a:1:{i:0;s:22:"administer permissions";}', 'drupal_get_form', 'a:1:{i:0;s:15:"user_admin_perm";}', 7, 3, '', 'admin/user/permissions', 'Permissions', 't', '', 6, '', 'Determine access to features by selecting permissions for roles.', '', 0, 'modules/user/user.admin.inc'),
('admin/content/node-settings', '', '', 'user_access', 'a:1:{i:0;s:16:"administer nodes";}', 'drupal_get_form', 'a:1:{i:0;s:14:"node_configure";}', 7, 3, '', 'admin/content/node-settings', 'Post settings', 't', '', 6, '', 'Control posting behavior, such as teaser length, requiring previews before posting, and the number of posts on the front page.', '', 0, 'modules/node/node.admin.inc'),
('admin/user/profile', '', '', 'user_access', 'a:1:{i:0;s:16:"administer users";}', 'drupal_get_form', 'a:1:{i:0;s:22:"profile_admin_overview";}', 7, 3, '', 'admin/user/profile', 'Profiles', 't', '', 6, '', 'Create customizable fields for your users.', '', 0, 'modules/profile/profile.admin.inc'),
('admin/content/rss-publishing', '', '', 'user_access', 'a:1:{i:0;s:29:"administer site configuration";}', 'drupal_get_form', 'a:1:{i:0;s:25:"system_rss_feeds_settings";}', 7, 3, '', 'admin/content/rss-publishing', 'RSS publishing', 't', '', 6, '', 'Configure the number of items per feed and whether feeds should be titles/teasers/full-text.', '', 0, 'modules/system/system.admin.inc'),
('comment/reply/%', 'a:1:{i:2;s:9:"node_load";}', '', 'node_access', 'a:2:{i:0;s:4:"view";i:1;i:2;}', 'comment_reply', 'a:1:{i:0;i:2;}', 6, 3, '', 'comment/reply/%', 'Reply to comment', 't', '', 4, '', '', '', 0, 'modules/comment/comment.pages.inc'),
('node/%/webform-results', 'a:1:{i:1;s:17:"webform_menu_load";}', '', 'webform_results_access', 'a:1:{i:0;i:1;}', 'webform_results_submissions', 'a:3:{i:0;i:1;i:1;b:0;i:2;s:2:"50";}', 5, 3, 'node/%', 'node/%', 'Results', 't', '', 128, '', '', '', 2, 'sites/all/modules/webform/includes/webform.report.inc'),
('node/%/revisions', 'a:1:{i:1;s:9:"node_load";}', '', '_node_revision_access', 'a:1:{i:0;i:1;}', 'node_revision_overview', 'a:1:{i:0;i:1;}', 5, 3, 'node/%', 'node/%', 'Revisions', 't', '', 128, '', '', '', 2, 'modules/node/node.pages.inc'),
('admin/user/roles', '', '', 'user_access', 'a:1:{i:0;s:22:"administer permissions";}', 'drupal_get_form', 'a:1:{i:0;s:19:"user_admin_new_role";}', 7, 3, '', 'admin/user/roles', 'Roles', 't', '', 6, '', 'List, edit, or add user roles.', '', 0, 'modules/user/user.admin.inc'),
('admin/settings/search', '', '', 'user_access', 'a:1:{i:0;s:17:"administer search";}', 'drupal_get_form', 'a:1:{i:0;s:21:"search_admin_settings";}', 7, 3, '', 'admin/settings/search', 'Search settings', 't', '', 6, '', 'Configure relevance settings for search and other indexing options', '', 0, 'modules/search/search.admin.inc'),
('admin/settings/site-information', '', '', 'user_access', 'a:1:{i:0;s:29:"administer site configuration";}', 'drupal_get_form', 'a:1:{i:0;s:32:"system_site_information_settings";}', 7, 3, '', 'admin/settings/site-information', 'Site information', 't', '', 6, '', 'Change basic site information, such as the site name, slogan, e-mail address, mission, front page and more.', '', 0, 'modules/system/system.admin.inc'),
('admin/settings/site-maintenance', '', '', 'user_access', 'a:1:{i:0;s:29:"administer site configuration";}', 'drupal_get_form', 'a:1:{i:0;s:32:"system_site_maintenance_settings";}', 7, 3, '', 'admin/settings/site-maintenance', 'Site maintenance', 't', '', 6, '', 'Take the site off-line for maintenance or bring it back online.', '', 0, 'modules/system/system.admin.inc'),
('node/%/submissions', 'a:1:{i:1;s:17:"webform_menu_load";}', '', 'webform_submission_access', 'a:3:{i:0;i:1;i:1;N;i:2;s:4:"list";}', 'webform_results_submissions', 'a:3:{i:0;i:1;i:1;b:1;i:2;s:2:"50";}', 5, 3, '', 'node/%/submissions', 'Submissions', 't', '', 4, '', '', '', 0, 'sites/all/modules/webform/includes/webform.report.inc'),
('admin/content/taxonomy', '', '', 'user_access', 'a:1:{i:0;s:19:"administer taxonomy";}', 'drupal_get_form', 'a:1:{i:0;s:30:"taxonomy_overview_vocabularies";}', 7, 3, '', 'admin/content/taxonomy', 'Taxonomy', 't', '', 6, '', 'Manage tagging, categorization, and classification of your content.', '', 0, 'modules/taxonomy/taxonomy.admin.inc'),
('admin/build/themes', '', '', 'user_access', 'a:1:{i:0;s:29:"administer site configuration";}', 'drupal_get_form', 'a:2:{i:0;s:18:"system_themes_form";i:1;N;}', 7, 3, '', 'admin/build/themes', 'Themes', 't', '', 6, '', 'Change which theme your site uses or allows users to set.', '', 0, 'modules/system/system.admin.inc'),
('admin/reports/access-denied', '', '', 'user_access', 'a:1:{i:0;s:19:"access site reports";}', 'dblog_top', 'a:1:{i:0;s:13:"access denied";}', 7, 3, '', 'admin/reports/access-denied', 'Top ''access denied'' errors', 't', '', 6, '', 'View ''access denied'' errors (403s).', '', 0, 'modules/dblog/dblog.admin.inc'),
('admin/reports/page-not-found', '', '', 'user_access', 'a:1:{i:0;s:19:"access site reports";}', 'dblog_top', 'a:1:{i:0;s:14:"page not found";}', 7, 3, '', 'admin/reports/page-not-found', 'Top ''page not found'' errors', 't', '', 6, '', 'View ''page not found'' errors (404s).', '', 0, 'modules/dblog/dblog.admin.inc'),
('admin/user/settings', '', '', 'user_access', 'a:1:{i:0;s:16:"administer users";}', 'drupal_get_form', 'a:1:{i:0;s:19:"user_admin_settings";}', 7, 3, '', 'admin/user/settings', 'User settings', 't', '', 6, '', 'Configure default behavior of users, including registration requirements, e-mails, and user pictures.', '', 0, 'modules/user/user.admin.inc'),
('admin/user/user', '', '', 'user_access', 'a:1:{i:0;s:16:"administer users";}', 'user_admin', 'a:1:{i:0;s:4:"list";}', 7, 3, '', 'admin/user/user', 'Users', 't', '', 6, '', 'List, add, and edit users.', '', 0, 'modules/user/user.admin.inc'),
('node/%/webform', 'a:1:{i:1;s:17:"webform_menu_load";}', '', 'node_access', 'a:2:{i:0;s:6:"update";i:1;i:1;}', 'webform_components_page', 'a:1:{i:0;i:1;}', 5, 3, 'node/%', 'node/%', 'Webform', 't', '', 128, '', '', '', 1, 'sites/all/modules/webform/includes/webform.components.inc'),
('admin/content/webform', '', '', 'user_access', 'a:1:{i:0;s:26:"access all webform results";}', 'webform_admin_content', 'a:0:{}', 7, 3, '', 'admin/content/webform', 'Webforms', 't', '', 6, '', 'View and edit all the available webforms on your site.', '', 0, 'sites/all/modules/webform/includes/webform.admin.inc'),
('user/%/edit', 'a:1:{i:1;a:1:{s:18:"user_category_load";a:2:{i:0;s:4:"%map";i:1;s:6:"%index";}}}', '', 'user_edit_access', 'a:1:{i:0;i:1;}', 'user_edit', 'a:1:{i:0;i:1;}', 5, 3, 'user/%', 'user/%', 'Edit', 't', '', 128, '', '', '', 0, 'modules/user/user.pages.inc'),
('admin/reports/search', '', '', 'user_access', 'a:1:{i:0;s:19:"access site reports";}', 'dblog_top', 'a:1:{i:0;s:6:"search";}', 7, 3, '', 'admin/reports/search', 'Top search phrases', 't', '', 6, '', 'View most popular search phrases.', '', 0, 'modules/dblog/dblog.admin.inc'),
('admin/settings/webform', '', '', 'user_access', 'a:1:{i:0;s:29:"administer site configuration";}', 'drupal_get_form', 'a:1:{i:0;s:22:"webform_admin_settings";}', 7, 3, '', 'admin/settings/webform', 'Webform settings', 't', '', 6, '', 'Global configuration of webform functionality.', '', 0, 'sites/all/modules/webform/includes/webform.admin.inc'),
('admin/settings/admin', '', '', 'user_access', 'a:1:{i:0;s:29:"administer site configuration";}', 'drupal_get_form', 'a:1:{i:0;s:27:"system_admin_theme_settings";}', 7, 3, '', 'admin/settings/admin', 'Administration theme', 't', '', 6, 'system_admin_theme_settings', 'Settings for how your administrative pages should look.', 'left', 0, 'modules/system/system.admin.inc'),
('node/add/page', '', '', 'node_access', 'a:2:{i:0;s:6:"create";i:1;s:4:"page";}', 'node_add', 'a:1:{i:0;i:2;}', 7, 3, '', 'node/add/page', 'Page', 'check_plain', '', 6, '', 'A <em>page</em>, similar in form to a <em>story</em>, is a simple method for creating and displaying information that rarely changes, such as an "About us" section of a website. By default, a <em>page</em> entry does not allow visitor comments and is not featured on the site''s initial home page.', '', 0, 'modules/node/node.pages.inc'),
('node/add/story', '', '', 'node_access', 'a:2:{i:0;s:6:"create";i:1;s:5:"story";}', 'node_add', 'a:1:{i:0;i:2;}', 7, 3, '', 'node/add/story', 'Story', 'check_plain', '', 6, '', 'A <em>story</em>, similar in form to a <em>page</em>, is ideal for creating and displaying content that informs or engages website visitors. Press releases, site announcements, and informal blog-like entries may all be created with a <em>story</em> entry. By default, a <em>story</em> entry is automatically featured on the site''s initial home page, and provides the ability to post comments.', '', 0, 'modules/node/node.pages.inc'),
('node/add/webform', '', '', 'node_access', 'a:2:{i:0;s:6:"create";i:1;s:7:"webform";}', 'node_add', 'a:1:{i:0;i:2;}', 7, 3, '', 'node/add/webform', 'Webform', 'check_plain', '', 6, '', 'Create a new form or questionnaire accessible to users. Submission results and statistics are recorded and accessible to privileged users.', '', 0, 'modules/node/node.pages.inc'),
('search/node/%', 'a:1:{i:2;N;}', 'a:1:{i:2;s:16:"menu_tail_to_arg";}', '_search_menu', 'a:1:{i:0;s:4:"node";}', 'search_view', 'a:1:{i:0;s:4:"node";}', 6, 3, 'search', 'search', '', 'module_invoke', 'a:4:{i:0;s:4:"node";i:1;s:6:"search";i:2;s:4:"name";i:3;b:1;}', 128, '', '', '', 0, 'modules/search/search.pages.inc'),
('search/user/%', 'a:1:{i:2;N;}', 'a:1:{i:2;s:16:"menu_tail_to_arg";}', '_search_menu', 'a:1:{i:0;s:4:"user";}', 'search_view', 'a:1:{i:0;s:4:"user";}', 6, 3, 'search', 'search', '', 'module_invoke', 'a:4:{i:0;s:4:"user";i:1;s:6:"search";i:2;s:4:"name";i:3;b:1;}', 128, '', '', '', 0, 'modules/search/search.pages.inc'),
('admin/build/block/list', '', '', 'user_access', 'a:1:{i:0;s:17:"administer blocks";}', 'block_admin_display', 'a:0:{}', 15, 4, 'admin/build/block', 'admin/build/block', 'List', 't', '', 136, '', '', '', -10, 'modules/block/block.admin.inc'),
('admin/content/node/overview', '', '', 'user_access', 'a:1:{i:0;s:16:"administer nodes";}', 'drupal_get_form', 'a:1:{i:0;s:18:"node_admin_content";}', 15, 4, 'admin/content/node', 'admin/content/node', 'List', 't', '', 136, '', '', '', -10, 'modules/node/node.admin.inc'),
('admin/settings/filters/list', '', '', 'user_access', 'a:1:{i:0;s:18:"administer filters";}', 'drupal_get_form', 'a:1:{i:0;s:21:"filter_admin_overview";}', 15, 4, 'admin/settings/filters', 'admin/settings/filters', 'List', 't', '', 136, '', '', '', 0, 'modules/filter/filter.admin.inc'),
('admin/content/types/list', '', '', 'user_access', 'a:1:{i:0;s:24:"administer content types";}', 'node_overview_types', 'a:0:{}', 15, 4, 'admin/content/types', 'admin/content/types', 'List', 't', '', 136, '', '', '', -10, 'modules/node/content_types.inc'),
('admin/build/path/list', '', '', 'user_access', 'a:1:{i:0;s:22:"administer url aliases";}', 'path_admin_overview', 'a:0:{}', 15, 4, 'admin/build/path', 'admin/build/path', 'List', 't', '', 136, '', '', '', -10, 'modules/path/path.admin.inc'),
('admin/content/taxonomy/list', '', '', 'user_access', 'a:1:{i:0;s:19:"administer taxonomy";}', 'drupal_get_form', 'a:1:{i:0;s:30:"taxonomy_overview_vocabularies";}', 15, 4, 'admin/content/taxonomy', 'admin/content/taxonomy', 'List', 't', '', 136, '', '', '', -10, 'modules/taxonomy/taxonomy.admin.inc'),
('admin/build/modules/list', '', '', 'user_access', 'a:1:{i:0;s:29:"administer site configuration";}', 'drupal_get_form', 'a:1:{i:0;s:14:"system_modules";}', 15, 4, 'admin/build/modules', 'admin/build/modules', 'List', 't', '', 136, '', '', '', 0, 'modules/system/system.admin.inc'),
('admin/user/rules/list', '', '', 'user_access', 'a:1:{i:0;s:22:"administer permissions";}', 'user_admin_access', 'a:0:{}', 15, 4, 'admin/user/rules', 'admin/user/rules', 'List', 't', '', 136, '', '', '', -10, 'modules/user/user.admin.inc'),
('admin/user/user/list', '', '', 'user_access', 'a:1:{i:0;s:16:"administer users";}', 'user_admin', 'a:1:{i:0;s:4:"list";}', 15, 4, 'admin/user/user', 'admin/user/user', 'List', 't', '', 136, '', '', '', -10, 'modules/user/user.admin.inc'),
('admin/content/comment/new', '', '', 'user_access', 'a:1:{i:0;s:19:"administer comments";}', 'comment_admin', 'a:0:{}', 15, 4, 'admin/content/comment', 'admin/content/comment', 'Published comments', 't', '', 136, '', '', '', -10, 'modules/comment/comment.admin.inc'),
('user/%/edit/account', 'a:1:{i:1;a:1:{s:18:"user_category_load";a:2:{i:0;s:4:"%map";i:1;s:6:"%index";}}}', '', 'user_edit_access', 'a:1:{i:0;i:1;}', 'user_edit', 'a:1:{i:0;i:1;}', 11, 4, 'user/%/edit', 'user/%', 'Account', 't', '', 136, '', '', '', 0, 'modules/user/user.pages.inc'),
('admin/build/services/browse', '', '', 'user_access', 'a:1:{i:0;s:19:"administer services";}', 'services_admin_browse_index', 'a:0:{}', 15, 4, 'admin/build/services', 'admin/build/services', 'Browse', 't', '', 136, '', 'Browse and test available remote services.', '', -10, 'sites/all/modules/services/services_admin_browse.inc'),
('admin/build/themes/select', '', '', 'user_access', 'a:1:{i:0;s:29:"administer site configuration";}', 'drupal_get_form', 'a:2:{i:0;s:18:"system_themes_form";i:1;N;}', 15, 4, 'admin/build/themes', 'admin/build/themes', 'List', 't', '', 136, '', 'Select the default theme.', '', -1, 'modules/system/system.admin.inc'),
('admin/build/menu/list', '', '', 'user_access', 'a:1:{i:0;s:15:"administer menu";}', 'menu_overview_page', 'a:0:{}', 15, 4, 'admin/build/menu', 'admin/build/menu', 'List menus', 't', '', 136, '', '', '', -10, 'modules/menu/menu.admin.inc'),
('admin/settings/actions/manage', '', '', 'user_access', 'a:1:{i:0;s:18:"administer actions";}', 'system_actions_manage', 'a:0:{}', 15, 4, 'admin/settings/actions', 'admin/settings/actions', 'Manage actions', 't', '', 136, '', 'Manage the actions defined for your site.', '', -2, ''),
('webform_addmore/js/remove/subdatagroup', '', '', '1', 'a:0:{}', 'webform_addmore_js_remove_subdatagroup', 'a:0:{}', 15, 4, '', 'webform_addmore/js/remove/subdatagroup', '', 't', '', 6, '', '', '', 0, ''),
('admin/build/themes/settings', '', '', 'user_access', 'a:1:{i:0;s:29:"administer site configuration";}', 'drupal_get_form', 'a:1:{i:0;s:21:"system_theme_settings";}', 15, 4, 'admin/build/themes', 'admin/build/themes', 'Configure', 't', '', 128, '', '', '', 0, 'modules/system/system.admin.inc'),
('admin/settings/actions/orphan', '', '', 'user_access', 'a:1:{i:0;s:18:"administer actions";}', 'system_actions_remove_orphans', 'a:0:{}', 15, 4, '', 'admin/settings/actions/orphan', 'Remove orphans', 't', '', 4, '', '', '', 0, ''),
('admin/build/modules/uninstall', '', '', 'user_access', 'a:1:{i:0;s:29:"administer site configuration";}', 'drupal_get_form', 'a:1:{i:0;s:24:"system_modules_uninstall";}', 15, 4, 'admin/build/modules', 'admin/build/modules', 'Uninstall', 't', '', 128, '', '', '', 0, 'modules/system/system.admin.inc'),
('admin/build/path/add', '', '', 'user_access', 'a:1:{i:0;s:22:"administer url aliases";}', 'path_admin_edit', 'a:0:{}', 15, 4, 'admin/build/path', 'admin/build/path', 'Add alias', 't', '', 128, '', '', '', 0, 'modules/path/path.admin.inc'),
('admin/settings/filters/add', '', '', 'user_access', 'a:1:{i:0;s:18:"administer filters";}', 'filter_admin_format_page', 'a:0:{}', 15, 4, 'admin/settings/filters', 'admin/settings/filters', 'Add input format', 't', '', 128, '', '', '', 1, 'modules/filter/filter.admin.inc'),
('admin/services/ahah/security-options', '', '', 'user_access', 'a:1:{i:0;s:19:"administer services";}', '_services_ahah_security_options', 'a:0:{}', 15, 4, '', 'admin/services/ahah/security-options', '', 't', '', 4, '', '', '', 0, 'sites/all/modules/services/services_admin_browse.inc'),
('admin/user/rules/add', '', '', 'user_access', 'a:1:{i:0;s:22:"administer permissions";}', 'user_admin_access_add', 'a:0:{}', 15, 4, 'admin/user/rules', 'admin/user/rules', 'Add rule', 't', '', 128, '', '', '', 0, 'modules/user/user.admin.inc'),
('admin/user/user/create', '', '', 'user_access', 'a:1:{i:0;s:16:"administer users";}', 'user_admin', 'a:1:{i:0;s:6:"create";}', 15, 4, 'admin/user/user', 'admin/user/user', 'Add user', 't', '', 128, '', '', '', 0, 'modules/user/user.admin.inc'),
('admin/content/comment/approval', '', '', 'user_access', 'a:1:{i:0;s:19:"administer comments";}', 'comment_admin', 'a:1:{i:0;s:8:"approval";}', 15, 4, 'admin/content/comment', 'admin/content/comment', 'Approval queue', 't', '', 128, '', '', '', 0, 'modules/comment/comment.admin.inc'),
('admin/user/rules/check', '', '', 'user_access', 'a:1:{i:0;s:22:"administer permissions";}', 'user_admin_access_check', 'a:0:{}', 15, 4, 'admin/user/rules', 'admin/user/rules', 'Check rules', 't', '', 128, '', '', '', 0, 'modules/user/user.admin.inc'),
('admin/settings/clean-urls/check', '', '', '1', 'a:0:{}', 'drupal_json', 'a:1:{i:0;a:1:{s:6:"status";b:1;}}', 15, 4, '', 'admin/settings/clean-urls/check', 'Clean URL check', 't', '', 4, '', '', '', 0, ''),
('admin/settings/actions/configure', '', '', 'user_access', 'a:1:{i:0;s:18:"administer actions";}', 'drupal_get_form', 'a:1:{i:0;s:24:"system_actions_configure";}', 15, 4, '', 'admin/settings/actions/configure', 'Configure an advanced action', 't', '', 4, '', '', '', 0, ''),
('admin/settings/date-time/lookup', '', '', 'user_access', 'a:1:{i:0;s:29:"administer site configuration";}', 'system_date_time_lookup', 'a:0:{}', 15, 4, '', 'admin/settings/date-time/lookup', 'Date and time lookup', 't', '', 4, '', '', '', 0, 'modules/system/system.admin.inc'),
('admin/build/path/edit', '', '', 'user_access', 'a:1:{i:0;s:22:"administer url aliases";}', 'path_admin_edit', 'a:0:{}', 15, 4, '', 'admin/build/path/edit', 'Edit alias', 't', '', 4, '', '', '', 0, 'modules/path/path.admin.inc'),
('admin/user/roles/edit', '', '', 'user_access', 'a:1:{i:0;s:22:"administer permissions";}', 'drupal_get_form', 'a:1:{i:0;s:15:"user_admin_role";}', 15, 4, '', 'admin/user/roles/edit', 'Edit role', 't', '', 4, '', '', '', 0, 'modules/user/user.admin.inc'),
('admin/user/rules/edit', '', '', 'user_access', 'a:1:{i:0;s:22:"administer permissions";}', 'user_admin_access_edit', 'a:0:{}', 15, 4, '', 'admin/user/rules/edit', 'Edit rule', 't', '', 4, '', '', '', 0, 'modules/user/user.admin.inc'),
('admin/reports/updates/list', '', '', 'user_access', 'a:1:{i:0;s:29:"administer site configuration";}', 'update_status', 'a:0:{}', 15, 4, 'admin/reports/updates', 'admin/reports/updates', 'List', 't', '', 136, '', '', '', 0, 'modules/update/update.report.inc'),
('admin/reports/updates/check', '', '', 'user_access', 'a:1:{i:0;s:29:"administer site configuration";}', 'update_manual_status', 'a:0:{}', 15, 4, '', 'admin/reports/updates/check', 'Manual update check', 't', '', 4, '', '', '', 0, 'modules/update/update.fetch.inc'),
('view/data/%/%', 'a:2:{i:2;s:9:"node_load";i:3;s:9:"user_load";}', '', 'user_access', 'a:1:{i:0;s:26:"access all webform results";}', 'view_data_submission', 'a:0:{}', 12, 4, '', 'view/data/%/%', '', 't', '', 6, '', 'View the list of submission of repective data groups.', '', 0, ''),
('admin/reports/status/php', '', '', 'user_access', 'a:1:{i:0;s:29:"administer site configuration";}', 'system_php', 'a:0:{}', 15, 4, '', 'admin/reports/status/php', 'PHP', 't', '', 4, '', '', '', 0, 'modules/system/system.admin.inc'),
('admin/user/profile/autocomplete', '', '', 'user_access', 'a:1:{i:0;s:16:"administer users";}', 'profile_admin_settings_autocomplete', 'a:0:{}', 15, 4, '', 'admin/user/profile/autocomplete', 'Profile category autocomplete', 't', '', 4, '', '', '', 0, 'modules/profile/profile.admin.inc'),
('admin/content/node-settings/rebuild', '', '', 'user_access', 'a:1:{i:0;s:27:"access administration pages";}', 'drupal_get_form', 'a:1:{i:0;s:30:"node_configure_rebuild_confirm";}', 15, 4, '', 'admin/content/node-settings/rebuild', 'Rebuild permissions', 't', '', 4, '', '', '', 0, 'modules/node/node.admin.inc'),
('admin/reports/status/run-cron', '', '', 'user_access', 'a:1:{i:0;s:29:"administer site configuration";}', 'system_run_cron', 'a:0:{}', 15, 4, '', 'admin/reports/status/run-cron', 'Run cron', 't', '', 4, '', '', '', 0, 'modules/system/system.admin.inc'),
('admin/reports/status/sql', '', '', 'user_access', 'a:1:{i:0;s:29:"administer site configuration";}', 'system_sql', 'a:0:{}', 15, 4, '', 'admin/reports/status/sql', 'SQL', 't', '', 4, '', '', '', 0, 'modules/system/system.admin.inc'),
('admin/build/block/add', '', '', 'user_access', 'a:1:{i:0;s:17:"administer blocks";}', 'drupal_get_form', 'a:1:{i:0;s:20:"block_add_block_form";}', 15, 4, 'admin/build/block', 'admin/build/block', 'Add block', 't', '', 128, '', '', '', 0, 'modules/block/block.admin.inc'),
('admin/content/types/add', '', '', 'user_access', 'a:1:{i:0;s:24:"administer content types";}', 'drupal_get_form', 'a:1:{i:0;s:14:"node_type_form";}', 15, 4, 'admin/content/types', 'admin/content/types', 'Add content type', 't', '', 128, '', '', '', 0, 'modules/node/content_types.inc'),
('admin/user/profile/add', '', '', 'user_access', 'a:1:{i:0;s:16:"administer users";}', 'drupal_get_form', 'a:1:{i:0;s:18:"profile_field_form";}', 15, 4, '', 'admin/user/profile/add', 'Add field', 't', '', 4, '', '', '', 0, 'modules/profile/profile.admin.inc'),
('admin/build/menu/add', '', '', 'user_access', 'a:1:{i:0;s:15:"administer menu";}', 'drupal_get_form', 'a:2:{i:0;s:14:"menu_edit_menu";i:1;s:3:"add";}', 15, 4, 'admin/build/menu', 'admin/build/menu', 'Add menu', 't', '', 128, '', '', '', 0, 'modules/menu/menu.admin.inc'),
('admin/build/path/pathauto', '', '', 'user_access', 'a:1:{i:0;s:19:"administer pathauto";}', 'drupal_get_form', 'a:1:{i:0;s:23:"pathauto_admin_settings";}', 15, 4, 'admin/build/path', 'admin/build/path', 'Automated alias settings', 't', '', 128, '', '', '', 10, 'sites/all/modules/pathauto/pathauto.admin.inc'),
('admin/settings/search/wipe', '', '', 'user_access', 'a:1:{i:0;s:17:"administer search";}', 'drupal_get_form', 'a:1:{i:0;s:19:"search_wipe_confirm";}', 15, 4, '', 'admin/settings/search/wipe', 'Clear index', 't', '', 4, '', '', '', 0, 'modules/search/search.admin.inc'),
('admin/build/block/configure', '', '', 'user_access', 'a:1:{i:0;s:17:"administer blocks";}', 'drupal_get_form', 'a:1:{i:0;s:21:"block_admin_configure";}', 15, 4, '', 'admin/build/block/configure', 'Configure block', 't', '', 4, '', '', '', 0, 'modules/block/block.admin.inc'),
('admin/build/path/delete', '', '', 'user_access', 'a:1:{i:0;s:22:"administer url aliases";}', 'drupal_get_form', 'a:1:{i:0;s:25:"path_admin_delete_confirm";}', 15, 4, '', 'admin/build/path/delete', 'Delete alias', 't', '', 4, '', '', '', 0, 'modules/path/path.admin.inc'),
('admin/build/path/delete_bulk', '', '', 'user_access', 'a:1:{i:0;s:22:"administer url aliases";}', 'drupal_get_form', 'a:1:{i:0;s:21:"pathauto_admin_delete";}', 15, 4, 'admin/build/path', 'admin/build/path', 'Delete aliases', 't', '', 128, '', '', '', 30, 'sites/all/modules/pathauto/pathauto.admin.inc'),
('admin/build/block/delete', '', '', 'user_access', 'a:1:{i:0;s:17:"administer blocks";}', 'drupal_get_form', 'a:1:{i:0;s:16:"block_box_delete";}', 15, 4, '', 'admin/build/block/delete', 'Delete block', 't', '', 4, '', '', '', 0, 'modules/block/block.admin.inc'),
('admin/user/profile/delete', '', '', 'user_access', 'a:1:{i:0;s:16:"administer users";}', 'drupal_get_form', 'a:1:{i:0;s:20:"profile_field_delete";}', 15, 4, '', 'admin/user/profile/delete', 'Delete field', 't', '', 4, '', '', '', 0, 'modules/profile/profile.admin.inc'),
('admin/settings/filters/delete', '', '', 'user_access', 'a:1:{i:0;s:18:"administer filters";}', 'drupal_get_form', 'a:1:{i:0;s:19:"filter_admin_delete";}', 15, 4, '', 'admin/settings/filters/delete', 'Delete input format', 't', '', 4, '', '', '', 0, 'modules/filter/filter.admin.inc'),
('admin/user/rules/delete', '', '', 'user_access', 'a:1:{i:0;s:22:"administer permissions";}', 'drupal_get_form', 'a:1:{i:0;s:32:"user_admin_access_delete_confirm";}', 15, 4, '', 'admin/user/rules/delete', 'Delete rule', 't', '', 4, '', '', '', 0, 'modules/user/user.admin.inc'),
('admin/reports/event/%', 'a:1:{i:3;N;}', '', 'user_access', 'a:1:{i:0;s:19:"access site reports";}', 'dblog_event', 'a:1:{i:0;i:3;}', 14, 4, '', 'admin/reports/event/%', 'Details', 't', '', 4, '', '', '', 0, 'modules/dblog/dblog.admin.inc'),
('admin/user/profile/edit', '', '', 'user_access', 'a:1:{i:0;s:16:"administer users";}', 'drupal_get_form', 'a:1:{i:0;s:18:"profile_field_form";}', 15, 4, '', 'admin/user/profile/edit', 'Edit field', 't', '', 4, '', '', '', 0, 'modules/profile/profile.admin.inc'),
('admin/content/taxonomy/%', 'a:1:{i:3;s:24:"taxonomy_vocabulary_load";}', '', 'user_access', 'a:1:{i:0;s:19:"administer taxonomy";}', 'drupal_get_form', 'a:2:{i:0;s:23:"taxonomy_overview_terms";i:1;i:3;}', 14, 4, '', 'admin/content/taxonomy/%', 'List terms', 't', '', 4, '', '', '', 0, 'modules/taxonomy/taxonomy.admin.inc'),
('admin/content/node-type/page', '', '', 'user_access', 'a:1:{i:0;s:24:"administer content types";}', 'drupal_get_form', 'a:2:{i:0;s:14:"node_type_form";i:1;O:8:"stdClass":14:{s:4:"type";s:4:"page";s:4:"name";s:4:"Page";s:6:"module";s:4:"node";s:11:"description";s:296:"A <em>page</em>, similar in form to a <em>story</em>, is a simple method for creating and displaying information that rarely changes, such as an "About us" section of a website. By default, a <em>page</em> entry does not allow visitor comments and is not featured on the site''s initial home page.";s:4:"help";s:0:"";s:9:"has_title";s:1:"1";s:11:"title_label";s:5:"Title";s:8:"has_body";s:1:"1";s:10:"body_label";s:4:"Body";s:14:"min_word_count";s:1:"0";s:6:"custom";s:1:"1";s:8:"modified";s:1:"1";s:6:"locked";s:1:"0";s:9:"orig_type";s:4:"page";}}', 15, 4, '', 'admin/content/node-type/page', 'Page', 't', '', 4, '', '', '', 0, 'modules/node/content_types.inc'),
('admin/build/menu/settings', '', '', 'user_access', 'a:1:{i:0;s:15:"administer menu";}', 'drupal_get_form', 'a:1:{i:0;s:14:"menu_configure";}', 15, 4, 'admin/build/menu', 'admin/build/menu', 'Settings', 't', '', 128, '', '', '', 5, 'modules/menu/menu.admin.inc');
INSERT INTO `menu_router` (`path`, `load_functions`, `to_arg_functions`, `access_callback`, `access_arguments`, `page_callback`, `page_arguments`, `fit`, `number_parts`, `tab_parent`, `tab_root`, `title`, `title_callback`, `title_arguments`, `type`, `block_callback`, `description`, `position`, `weight`, `file`) VALUES
('admin/reports/updates/settings', '', '', 'user_access', 'a:1:{i:0;s:29:"administer site configuration";}', 'drupal_get_form', 'a:1:{i:0;s:15:"update_settings";}', 15, 4, 'admin/reports/updates', 'admin/reports/updates', 'Settings', 't', '', 128, '', '', '', 0, 'modules/update/update.settings.inc'),
('admin/content/node-type/story', '', '', 'user_access', 'a:1:{i:0;s:24:"administer content types";}', 'drupal_get_form', 'a:2:{i:0;s:14:"node_type_form";i:1;O:8:"stdClass":14:{s:4:"type";s:5:"story";s:4:"name";s:5:"Story";s:6:"module";s:4:"node";s:11:"description";s:392:"A <em>story</em>, similar in form to a <em>page</em>, is ideal for creating and displaying content that informs or engages website visitors. Press releases, site announcements, and informal blog-like entries may all be created with a <em>story</em> entry. By default, a <em>story</em> entry is automatically featured on the site''s initial home page, and provides the ability to post comments.";s:4:"help";s:0:"";s:9:"has_title";s:1:"1";s:11:"title_label";s:5:"Title";s:8:"has_body";s:1:"1";s:10:"body_label";s:4:"Body";s:14:"min_word_count";s:1:"0";s:6:"custom";s:1:"1";s:8:"modified";s:1:"1";s:6:"locked";s:1:"0";s:9:"orig_type";s:5:"story";}}', 15, 4, '', 'admin/content/node-type/story', 'Story', 't', '', 4, '', '', '', 0, 'modules/node/content_types.inc'),
('admin/content/node-type/webform', '', '', 'user_access', 'a:1:{i:0;s:24:"administer content types";}', 'drupal_get_form', 'a:2:{i:0;s:14:"node_type_form";i:1;O:8:"stdClass":14:{s:4:"type";s:7:"webform";s:4:"name";s:7:"Webform";s:6:"module";s:4:"node";s:11:"description";s:138:"Create a new form or questionnaire accessible to users. Submission results and statistics are recorded and accessible to privileged users.";s:4:"help";s:0:"";s:9:"has_title";s:1:"1";s:11:"title_label";s:5:"Title";s:8:"has_body";s:1:"1";s:10:"body_label";s:4:"Body";s:14:"min_word_count";s:1:"0";s:6:"custom";s:1:"1";s:8:"modified";s:1:"1";s:6:"locked";s:1:"0";s:9:"orig_type";s:7:"webform";}}', 15, 4, '', 'admin/content/node-type/webform', 'Webform', 't', '', 4, '', '', '', 0, 'modules/node/content_types.inc'),
('node/%/webform-results/analysis', 'a:1:{i:1;s:17:"webform_menu_load";}', '', 'webform_results_access', 'a:1:{i:0;i:1;}', 'webform_results_analysis', 'a:1:{i:0;i:1;}', 11, 4, 'node/%/webform-results', 'node/%', 'Analysis', 't', '', 128, '', '', '', 5, 'sites/all/modules/webform/includes/webform.report.inc'),
('node/%/webform-results/clear', 'a:1:{i:1;s:17:"webform_menu_load";}', '', 'webform_results_clear_access', 'a:1:{i:0;i:1;}', 'drupal_get_form', 'a:2:{i:0;s:26:"webform_results_clear_form";i:1;i:1;}', 11, 4, 'node/%/webform-results', 'node/%', 'Clear', 't', '', 128, '', '', '', 8, 'sites/all/modules/webform/includes/webform.report.inc'),
('admin/settings/logging/dblog', '', '', 'user_access', 'a:1:{i:0;s:29:"administer site configuration";}', 'drupal_get_form', 'a:1:{i:0;s:20:"dblog_admin_settings";}', 15, 4, '', 'admin/settings/logging/dblog', 'Database logging', 't', '', 6, '', 'Settings for logging to the Drupal database logs. This is the most common method for small to medium sites on shared hosting. The logs are viewable from the admin pages.', '', 0, 'modules/dblog/dblog.admin.inc'),
('node/%/webform-results/download', 'a:1:{i:1;s:17:"webform_menu_load";}', '', 'webform_results_access', 'a:1:{i:0;i:1;}', 'drupal_get_form', 'a:2:{i:0;s:29:"webform_results_download_form";i:1;i:1;}', 11, 4, 'node/%/webform-results', 'node/%', 'Download', 't', '', 128, '', '', '', 7, 'sites/all/modules/webform/includes/webform.report.inc'),
('node/%/webform/emails', 'a:1:{i:1;s:17:"webform_menu_load";}', '', 'node_access', 'a:2:{i:0;s:6:"update";i:1;i:1;}', 'drupal_get_form', 'a:2:{i:0;s:19:"webform_emails_form";i:1;i:1;}', 11, 4, 'node/%/webform', 'node/%', 'E-mails', 't', '', 128, '', '', '', 1, 'sites/all/modules/webform/includes/webform.emails.inc'),
('node/%/webform/components', 'a:1:{i:1;s:17:"webform_menu_load";}', '', 'node_access', 'a:2:{i:0;s:6:"update";i:1;i:1;}', 'webform_components_page', 'a:1:{i:0;i:1;}', 11, 4, 'node/%/webform', 'node/%', 'Form components', 't', '', 136, '', '', '', 0, 'sites/all/modules/webform/includes/webform.components.inc'),
('node/%/webform/configure', 'a:1:{i:1;s:17:"webform_menu_load";}', '', 'node_access', 'a:2:{i:0;s:6:"update";i:1;i:1;}', 'drupal_get_form', 'a:2:{i:0;s:22:"webform_configure_form";i:1;i:1;}', 11, 4, 'node/%/webform', 'node/%', 'Form settings', 't', '', 128, '', '', '', 2, 'sites/all/modules/webform/includes/webform.pages.inc'),
('node/%/webform/validation', 'a:1:{i:1;s:17:"webform_menu_load";}', '', 'node_access', 'a:2:{i:0;s:6:"update";i:1;i:1;}', 'webform_validation_manage', 'a:1:{i:0;i:1;}', 11, 4, 'node/%/webform', 'node/%', 'Form validation', 't', '', 128, '', '', '', 3, 'sites/all/modules/webform_validation/webform_validation.admin.inc'),
('admin/build/services/settings', '', '', 'user_access', 'a:1:{i:0;s:19:"administer services";}', 'drupal_get_form', 'a:1:{i:0;s:23:"services_admin_settings";}', 15, 4, 'admin/build/services', 'admin/build/services', 'Settings', 't', '', 128, '', 'Configure service settings.', '', 0, 'sites/all/modules/services/services_admin_browse.inc'),
('node/%/webform-results/submissions', 'a:1:{i:1;s:17:"webform_menu_load";}', '', 'webform_results_access', 'a:1:{i:0;i:1;}', 'webform_results_submissions', 'a:3:{i:0;i:1;i:1;b:0;i:2;s:2:"50";}', 11, 4, 'node/%/webform-results', 'node/%', 'Submissions', 't', '', 136, '', '', '', 4, 'sites/all/modules/webform/includes/webform.report.inc'),
('node/%/webform-results/table', 'a:1:{i:1;s:17:"webform_menu_load";}', '', 'webform_results_access', 'a:1:{i:0;i:1;}', 'webform_results_table', 'a:2:{i:0;i:1;i:1;s:2:"50";}', 11, 4, 'node/%/webform-results', 'node/%', 'Table', 't', '', 128, '', '', '', 6, 'sites/all/modules/webform/includes/webform.report.inc'),
('webform/ajax/options/%', 'a:1:{i:3;a:1:{s:17:"webform_menu_load";a:1:{i:0;i:3;}}}', '', 'node_access', 'a:2:{i:0;s:6:"update";i:1;i:3;}', 'webform_select_options_ajax', 'a:0:{}', 14, 4, '', 'webform/ajax/options/%', '', 't', '', 4, '', '', '', 0, 'sites/all/modules/webform/components/select.inc'),
('admin/settings/filters/%', 'a:1:{i:3;s:18:"filter_format_load";}', '', 'user_access', 'a:1:{i:0;s:18:"administer filters";}', 'filter_admin_format_page', 'a:1:{i:0;i:3;}', 14, 4, '', 'admin/settings/filters/%', '', 'filter_admin_format_title', 'a:1:{i:0;i:3;}', 4, '', '', '', 0, 'modules/filter/filter.admin.inc'),
('admin/build/menu-customize/%', 'a:1:{i:3;s:9:"menu_load";}', '', 'user_access', 'a:1:{i:0;s:15:"administer menu";}', 'drupal_get_form', 'a:2:{i:0;s:18:"menu_overview_form";i:1;i:3;}', 14, 4, '', 'admin/build/menu-customize/%', 'Customize menu', 'menu_overview_title', 'a:1:{i:0;i:3;}', 4, '', '', '', 0, 'modules/menu/menu.admin.inc'),
('user/%/edit/chgpwd', 'a:1:{i:1;a:1:{s:18:"user_category_load";a:2:{i:0;s:4:"%map";i:1;s:6:"%index";}}}', '', 'user_edit_access', 'a:1:{i:0;i:1;}', 'chgpwd_chgpwd_page', 'a:1:{i:0;i:1;}', 11, 4, 'user/%/edit', 'user/%', 'Change password', 't', '', 128, '', '', '', 0, 'modules/user//user.pages.inc'),
('node/%/submission/%', 'a:2:{i:1;a:1:{s:17:"webform_menu_load";a:1:{i:0;i:1;}}i:3;a:1:{s:28:"webform_menu_submission_load";a:1:{i:0;i:1;}}}', '', 'webform_submission_access', 'a:3:{i:0;i:1;i:1;i:3;i:2;s:4:"view";}', 'webform_submission_page', 'a:3:{i:0;i:1;i:1;i:3;i:2;s:4:"html";}', 10, 4, '', 'node/%/submission/%', 'Webform submission', 'webform_submission_title', 'a:2:{i:0;i:1;i:1;i:3;}', 4, '', '', '', 0, 'sites/all/modules/webform/includes/webform.submissions.inc'),
('user/%/edit/Personal information', 'a:1:{i:1;a:1:{s:18:"user_category_load";a:2:{i:0;s:4:"%map";i:1;s:6:"%index";}}}', '', 'profile_category_access', 'a:2:{i:0;i:1;i:1;s:20:"Personal information";}', 'user_edit', 'a:2:{i:0;i:1;i:1;i:3;}', 11, 4, 'user/%/edit', 'user/%', '', 'check_plain', 'a:1:{i:0;s:20:"Personal information";}', 128, '', '', '', 3, 'modules/user/user.pages.inc'),
('admin/content/node-type/page/edit', '', '', 'user_access', 'a:1:{i:0;s:24:"administer content types";}', 'drupal_get_form', 'a:2:{i:0;s:14:"node_type_form";i:1;O:8:"stdClass":14:{s:4:"type";s:4:"page";s:4:"name";s:4:"Page";s:6:"module";s:4:"node";s:11:"description";s:296:"A <em>page</em>, similar in form to a <em>story</em>, is a simple method for creating and displaying information that rarely changes, such as an "About us" section of a website. By default, a <em>page</em> entry does not allow visitor comments and is not featured on the site''s initial home page.";s:4:"help";s:0:"";s:9:"has_title";s:1:"1";s:11:"title_label";s:5:"Title";s:8:"has_body";s:1:"1";s:10:"body_label";s:4:"Body";s:14:"min_word_count";s:1:"0";s:6:"custom";s:1:"1";s:8:"modified";s:1:"1";s:6:"locked";s:1:"0";s:9:"orig_type";s:4:"page";}}', 31, 5, 'admin/content/node-type/page', 'admin/content/node-type/page', 'Edit', 't', '', 136, '', '', '', 0, 'modules/node/content_types.inc'),
('admin/content/node-type/story/edit', '', '', 'user_access', 'a:1:{i:0;s:24:"administer content types";}', 'drupal_get_form', 'a:2:{i:0;s:14:"node_type_form";i:1;O:8:"stdClass":14:{s:4:"type";s:5:"story";s:4:"name";s:5:"Story";s:6:"module";s:4:"node";s:11:"description";s:392:"A <em>story</em>, similar in form to a <em>page</em>, is ideal for creating and displaying content that informs or engages website visitors. Press releases, site announcements, and informal blog-like entries may all be created with a <em>story</em> entry. By default, a <em>story</em> entry is automatically featured on the site''s initial home page, and provides the ability to post comments.";s:4:"help";s:0:"";s:9:"has_title";s:1:"1";s:11:"title_label";s:5:"Title";s:8:"has_body";s:1:"1";s:10:"body_label";s:4:"Body";s:14:"min_word_count";s:1:"0";s:6:"custom";s:1:"1";s:8:"modified";s:1:"1";s:6:"locked";s:1:"0";s:9:"orig_type";s:5:"story";}}', 31, 5, 'admin/content/node-type/story', 'admin/content/node-type/story', 'Edit', 't', '', 136, '', '', '', 0, 'modules/node/content_types.inc'),
('admin/content/node-type/webform/edit', '', '', 'user_access', 'a:1:{i:0;s:24:"administer content types";}', 'drupal_get_form', 'a:2:{i:0;s:14:"node_type_form";i:1;O:8:"stdClass":14:{s:4:"type";s:7:"webform";s:4:"name";s:7:"Webform";s:6:"module";s:4:"node";s:11:"description";s:138:"Create a new form or questionnaire accessible to users. Submission results and statistics are recorded and accessible to privileged users.";s:4:"help";s:0:"";s:9:"has_title";s:1:"1";s:11:"title_label";s:5:"Title";s:8:"has_body";s:1:"1";s:10:"body_label";s:4:"Body";s:14:"min_word_count";s:1:"0";s:6:"custom";s:1:"1";s:8:"modified";s:1:"1";s:6:"locked";s:1:"0";s:9:"orig_type";s:7:"webform";}}', 31, 5, 'admin/content/node-type/webform', 'admin/content/node-type/webform', 'Edit', 't', '', 136, '', '', '', 0, 'modules/node/content_types.inc'),
('admin/build/themes/settings/global', '', '', 'user_access', 'a:1:{i:0;s:29:"administer site configuration";}', 'drupal_get_form', 'a:1:{i:0;s:21:"system_theme_settings";}', 31, 5, 'admin/build/themes/settings', 'admin/build/themes', 'Global settings', 't', '', 136, '', '', '', -1, 'modules/system/system.admin.inc'),
('admin/content/taxonomy/%/list', 'a:1:{i:3;s:24:"taxonomy_vocabulary_load";}', '', 'user_access', 'a:1:{i:0;s:19:"administer taxonomy";}', 'drupal_get_form', 'a:2:{i:0;s:23:"taxonomy_overview_terms";i:1;i:3;}', 29, 5, 'admin/content/taxonomy/%', 'admin/content/taxonomy/%', 'List', 't', '', 136, '', '', '', -10, 'modules/taxonomy/taxonomy.admin.inc'),
('admin/settings/filters/%/edit', 'a:1:{i:3;s:18:"filter_format_load";}', '', 'user_access', 'a:1:{i:0;s:18:"administer filters";}', 'filter_admin_format_page', 'a:1:{i:0;i:3;}', 29, 5, 'admin/settings/filters/%', 'admin/settings/filters/%', 'Edit', 't', '', 136, '', '', '', 0, 'modules/filter/filter.admin.inc'),
('admin/build/modules/list/confirm', '', '', 'user_access', 'a:1:{i:0;s:29:"administer site configuration";}', 'drupal_get_form', 'a:1:{i:0;s:14:"system_modules";}', 31, 5, '', 'admin/build/modules/list/confirm', 'List', 't', '', 4, '', '', '', 0, 'modules/system/system.admin.inc'),
('admin/build/menu-customize/%/list', 'a:1:{i:3;s:9:"menu_load";}', '', 'user_access', 'a:1:{i:0;s:15:"administer menu";}', 'drupal_get_form', 'a:2:{i:0;s:18:"menu_overview_form";i:1;i:3;}', 29, 5, 'admin/build/menu-customize/%', 'admin/build/menu-customize/%', 'List items', 't', '', 136, '', '', '', -10, 'modules/menu/menu.admin.inc'),
('admin/build/modules/uninstall/confirm', '', '', 'user_access', 'a:1:{i:0;s:29:"administer site configuration";}', 'drupal_get_form', 'a:1:{i:0;s:24:"system_modules_uninstall";}', 31, 5, '', 'admin/build/modules/uninstall/confirm', 'Uninstall', 't', '', 4, '', '', '', 0, 'modules/system/system.admin.inc'),
('admin/build/themes/settings/bluemarine', '', '', '_system_themes_access', 'a:1:{i:0;O:8:"stdClass":12:{s:8:"filename";s:33:"themes/bluemarine/bluemarine.info";s:4:"name";s:10:"bluemarine";s:4:"type";s:5:"theme";s:5:"owner";s:45:"themes/engines/phptemplate/phptemplate.engine";s:6:"status";s:1:"0";s:8:"throttle";s:1:"0";s:9:"bootstrap";s:1:"0";s:14:"schema_version";s:2:"-1";s:6:"weight";s:1:"0";s:4:"info";a:13:{s:4:"name";s:10:"Bluemarine";s:11:"description";s:66:"Table-based multi-column theme with a marine and ash color scheme.";s:7:"version";s:4:"6.26";s:4:"core";s:3:"6.x";s:6:"engine";s:11:"phptemplate";s:7:"project";s:6:"drupal";s:9:"datestamp";s:10:"1335977158";s:7:"regions";a:5:{s:4:"left";s:12:"Left sidebar";s:5:"right";s:13:"Right sidebar";s:7:"content";s:7:"Content";s:6:"header";s:6:"Header";s:6:"footer";s:6:"Footer";}s:8:"features";a:10:{i:0;s:20:"comment_user_picture";i:1;s:7:"favicon";i:2;s:7:"mission";i:3;s:4:"logo";i:4;s:4:"name";i:5;s:17:"node_user_picture";i:6;s:6:"search";i:7;s:6:"slogan";i:8;s:13:"primary_links";i:9;s:15:"secondary_links";}s:11:"stylesheets";a:1:{s:3:"all";a:1:{s:9:"style.css";s:27:"themes/bluemarine/style.css";}}s:7:"scripts";a:1:{s:9:"script.js";s:27:"themes/bluemarine/script.js";}s:10:"screenshot";s:32:"themes/bluemarine/screenshot.png";s:3:"php";s:5:"4.3.5";}s:11:"stylesheets";a:1:{s:3:"all";a:1:{s:9:"style.css";s:27:"themes/bluemarine/style.css";}}s:6:"engine";s:11:"phptemplate";}}', 'drupal_get_form', 'a:2:{i:0;s:21:"system_theme_settings";i:1;s:10:"bluemarine";}', 31, 5, 'admin/build/themes/settings', 'admin/build/themes', 'Bluemarine', 't', '', 128, '', '', '', 0, 'modules/system/system.admin.inc'),
('admin/build/themes/settings/chameleon', '', '', '_system_themes_access', 'a:1:{i:0;O:8:"stdClass":11:{s:8:"filename";s:31:"themes/chameleon/chameleon.info";s:4:"name";s:9:"chameleon";s:4:"type";s:5:"theme";s:5:"owner";s:32:"themes/chameleon/chameleon.theme";s:6:"status";s:1:"0";s:8:"throttle";s:1:"0";s:9:"bootstrap";s:1:"0";s:14:"schema_version";s:2:"-1";s:6:"weight";s:1:"0";s:4:"info";a:12:{s:4:"name";s:9:"Chameleon";s:11:"description";s:42:"Minimalist tabled theme with light colors.";s:7:"regions";a:2:{s:4:"left";s:12:"Left sidebar";s:5:"right";s:13:"Right sidebar";}s:8:"features";a:4:{i:0;s:4:"logo";i:1;s:7:"favicon";i:2;s:4:"name";i:3;s:6:"slogan";}s:11:"stylesheets";a:1:{s:3:"all";a:2:{s:9:"style.css";s:26:"themes/chameleon/style.css";s:10:"common.css";s:27:"themes/chameleon/common.css";}}s:7:"version";s:4:"6.26";s:4:"core";s:3:"6.x";s:7:"project";s:6:"drupal";s:9:"datestamp";s:10:"1335977158";s:7:"scripts";a:1:{s:9:"script.js";s:26:"themes/chameleon/script.js";}s:10:"screenshot";s:31:"themes/chameleon/screenshot.png";s:3:"php";s:5:"4.3.5";}s:11:"stylesheets";a:1:{s:3:"all";a:2:{s:9:"style.css";s:26:"themes/chameleon/style.css";s:10:"common.css";s:27:"themes/chameleon/common.css";}}}}', 'drupal_get_form', 'a:2:{i:0;s:21:"system_theme_settings";i:1;s:9:"chameleon";}', 31, 5, 'admin/build/themes/settings', 'admin/build/themes', 'Chameleon', 't', '', 128, '', '', '', 0, 'modules/system/system.admin.inc'),
('admin/content/node-type/page/delete', '', '', 'user_access', 'a:1:{i:0;s:24:"administer content types";}', 'drupal_get_form', 'a:2:{i:0;s:24:"node_type_delete_confirm";i:1;O:8:"stdClass":14:{s:4:"type";s:4:"page";s:4:"name";s:4:"Page";s:6:"module";s:4:"node";s:11:"description";s:296:"A <em>page</em>, similar in form to a <em>story</em>, is a simple method for creating and displaying information that rarely changes, such as an "About us" section of a website. By default, a <em>page</em> entry does not allow visitor comments and is not featured on the site''s initial home page.";s:4:"help";s:0:"";s:9:"has_title";s:1:"1";s:11:"title_label";s:5:"Title";s:8:"has_body";s:1:"1";s:10:"body_label";s:4:"Body";s:14:"min_word_count";s:1:"0";s:6:"custom";s:1:"1";s:8:"modified";s:1:"1";s:6:"locked";s:1:"0";s:9:"orig_type";s:4:"page";}}', 31, 5, '', 'admin/content/node-type/page/delete', 'Delete', 't', '', 4, '', '', '', 0, 'modules/node/content_types.inc'),
('admin/content/node-type/story/delete', '', '', 'user_access', 'a:1:{i:0;s:24:"administer content types";}', 'drupal_get_form', 'a:2:{i:0;s:24:"node_type_delete_confirm";i:1;O:8:"stdClass":14:{s:4:"type";s:5:"story";s:4:"name";s:5:"Story";s:6:"module";s:4:"node";s:11:"description";s:392:"A <em>story</em>, similar in form to a <em>page</em>, is ideal for creating and displaying content that informs or engages website visitors. Press releases, site announcements, and informal blog-like entries may all be created with a <em>story</em> entry. By default, a <em>story</em> entry is automatically featured on the site''s initial home page, and provides the ability to post comments.";s:4:"help";s:0:"";s:9:"has_title";s:1:"1";s:11:"title_label";s:5:"Title";s:8:"has_body";s:1:"1";s:10:"body_label";s:4:"Body";s:14:"min_word_count";s:1:"0";s:6:"custom";s:1:"1";s:8:"modified";s:1:"1";s:6:"locked";s:1:"0";s:9:"orig_type";s:5:"story";}}', 31, 5, '', 'admin/content/node-type/story/delete', 'Delete', 't', '', 4, '', '', '', 0, 'modules/node/content_types.inc'),
('admin/content/node-type/webform/delete', '', '', 'user_access', 'a:1:{i:0;s:24:"administer content types";}', 'drupal_get_form', 'a:2:{i:0;s:24:"node_type_delete_confirm";i:1;O:8:"stdClass":14:{s:4:"type";s:7:"webform";s:4:"name";s:7:"Webform";s:6:"module";s:4:"node";s:11:"description";s:138:"Create a new form or questionnaire accessible to users. Submission results and statistics are recorded and accessible to privileged users.";s:4:"help";s:0:"";s:9:"has_title";s:1:"1";s:11:"title_label";s:5:"Title";s:8:"has_body";s:1:"1";s:10:"body_label";s:4:"Body";s:14:"min_word_count";s:1:"0";s:6:"custom";s:1:"1";s:8:"modified";s:1:"1";s:6:"locked";s:1:"0";s:9:"orig_type";s:7:"webform";}}', 31, 5, '', 'admin/content/node-type/webform/delete', 'Delete', 't', '', 4, '', '', '', 0, 'modules/node/content_types.inc'),
('admin/content/taxonomy/edit/term', '', '', 'user_access', 'a:1:{i:0;s:19:"administer taxonomy";}', 'taxonomy_admin_term_edit', 'a:0:{}', 31, 5, '', 'admin/content/taxonomy/edit/term', 'Edit term', 't', '', 4, '', '', '', 0, 'modules/taxonomy/taxonomy.admin.inc'),
('admin/build/themes/settings/garland', '', '', '_system_themes_access', 'a:1:{i:0;O:8:"stdClass":12:{s:8:"filename";s:27:"themes/garland/garland.info";s:4:"name";s:7:"garland";s:4:"type";s:5:"theme";s:5:"owner";s:45:"themes/engines/phptemplate/phptemplate.engine";s:6:"status";s:1:"1";s:8:"throttle";s:1:"0";s:9:"bootstrap";s:1:"0";s:14:"schema_version";s:2:"-1";s:6:"weight";s:1:"0";s:4:"info";a:13:{s:4:"name";s:7:"Garland";s:11:"description";s:66:"Tableless, recolorable, multi-column, fluid width theme (default).";s:7:"version";s:4:"6.26";s:4:"core";s:3:"6.x";s:6:"engine";s:11:"phptemplate";s:11:"stylesheets";a:2:{s:3:"all";a:1:{s:9:"style.css";s:24:"themes/garland/style.css";}s:5:"print";a:1:{s:9:"print.css";s:24:"themes/garland/print.css";}}s:7:"project";s:6:"drupal";s:9:"datestamp";s:10:"1335977158";s:7:"regions";a:5:{s:4:"left";s:12:"Left sidebar";s:5:"right";s:13:"Right sidebar";s:7:"content";s:7:"Content";s:6:"header";s:6:"Header";s:6:"footer";s:6:"Footer";}s:8:"features";a:10:{i:0;s:20:"comment_user_picture";i:1;s:7:"favicon";i:2;s:7:"mission";i:3;s:4:"logo";i:4;s:4:"name";i:5;s:17:"node_user_picture";i:6;s:6:"search";i:7;s:6:"slogan";i:8;s:13:"primary_links";i:9;s:15:"secondary_links";}s:7:"scripts";a:1:{s:9:"script.js";s:24:"themes/garland/script.js";}s:10:"screenshot";s:29:"themes/garland/screenshot.png";s:3:"php";s:5:"4.3.5";}s:11:"stylesheets";a:2:{s:3:"all";a:1:{s:9:"style.css";s:24:"themes/garland/style.css";}s:5:"print";a:1:{s:9:"print.css";s:24:"themes/garland/print.css";}}s:6:"engine";s:11:"phptemplate";}}', 'drupal_get_form', 'a:2:{i:0;s:21:"system_theme_settings";i:1;s:7:"garland";}', 31, 5, 'admin/build/themes/settings', 'admin/build/themes', 'Garland', 't', '', 128, '', '', '', 0, 'modules/system/system.admin.inc'),
('admin/build/block/list/js', '', '', 'user_access', 'a:1:{i:0;s:17:"administer blocks";}', 'block_admin_display_js', 'a:0:{}', 31, 5, '', 'admin/build/block/list/js', 'JavaScript List Form', 't', '', 4, '', '', '', 0, 'modules/block/block.admin.inc'),
('admin/build/themes/settings/marvin', '', '', '_system_themes_access', 'a:1:{i:0;O:8:"stdClass":12:{s:8:"filename";s:35:"themes/chameleon/marvin/marvin.info";s:4:"name";s:6:"marvin";s:4:"type";s:5:"theme";s:5:"owner";s:0:"";s:6:"status";s:1:"0";s:8:"throttle";s:1:"0";s:9:"bootstrap";s:1:"0";s:14:"schema_version";s:2:"-1";s:6:"weight";s:1:"0";s:4:"info";a:13:{s:4:"name";s:6:"Marvin";s:11:"description";s:31:"Boxy tabled theme in all grays.";s:7:"regions";a:2:{s:4:"left";s:12:"Left sidebar";s:5:"right";s:13:"Right sidebar";}s:7:"version";s:4:"6.26";s:4:"core";s:3:"6.x";s:10:"base theme";s:9:"chameleon";s:7:"project";s:6:"drupal";s:9:"datestamp";s:10:"1335977158";s:8:"features";a:10:{i:0;s:20:"comment_user_picture";i:1;s:7:"favicon";i:2;s:7:"mission";i:3;s:4:"logo";i:4;s:4:"name";i:5;s:17:"node_user_picture";i:6;s:6:"search";i:7;s:6:"slogan";i:8;s:13:"primary_links";i:9;s:15:"secondary_links";}s:11:"stylesheets";a:1:{s:3:"all";a:1:{s:9:"style.css";s:33:"themes/chameleon/marvin/style.css";}}s:7:"scripts";a:1:{s:9:"script.js";s:33:"themes/chameleon/marvin/script.js";}s:10:"screenshot";s:38:"themes/chameleon/marvin/screenshot.png";s:3:"php";s:5:"4.3.5";}s:11:"stylesheets";a:1:{s:3:"all";a:1:{s:9:"style.css";s:33:"themes/chameleon/marvin/style.css";}}s:10:"base_theme";s:9:"chameleon";}}', 'drupal_get_form', 'a:2:{i:0;s:21:"system_theme_settings";i:1;s:6:"marvin";}', 31, 5, 'admin/build/themes/settings', 'admin/build/themes', 'Marvin', 't', '', 128, '', '', '', 0, 'modules/system/system.admin.inc'),
('admin/build/themes/settings/minnelli', '', '', '_system_themes_access', 'a:1:{i:0;O:8:"stdClass":13:{s:8:"filename";s:37:"themes/garland/minnelli/minnelli.info";s:4:"name";s:8:"minnelli";s:4:"type";s:5:"theme";s:5:"owner";s:45:"themes/engines/phptemplate/phptemplate.engine";s:6:"status";s:1:"0";s:8:"throttle";s:1:"0";s:9:"bootstrap";s:1:"0";s:14:"schema_version";s:2:"-1";s:6:"weight";s:1:"0";s:4:"info";a:14:{s:4:"name";s:8:"Minnelli";s:11:"description";s:56:"Tableless, recolorable, multi-column, fixed width theme.";s:7:"version";s:4:"6.26";s:4:"core";s:3:"6.x";s:10:"base theme";s:7:"garland";s:11:"stylesheets";a:1:{s:3:"all";a:1:{s:12:"minnelli.css";s:36:"themes/garland/minnelli/minnelli.css";}}s:7:"project";s:6:"drupal";s:9:"datestamp";s:10:"1335977158";s:7:"regions";a:5:{s:4:"left";s:12:"Left sidebar";s:5:"right";s:13:"Right sidebar";s:7:"content";s:7:"Content";s:6:"header";s:6:"Header";s:6:"footer";s:6:"Footer";}s:8:"features";a:10:{i:0;s:20:"comment_user_picture";i:1;s:7:"favicon";i:2;s:7:"mission";i:3;s:4:"logo";i:4;s:4:"name";i:5;s:17:"node_user_picture";i:6;s:6:"search";i:7;s:6:"slogan";i:8;s:13:"primary_links";i:9;s:15:"secondary_links";}s:7:"scripts";a:1:{s:9:"script.js";s:33:"themes/garland/minnelli/script.js";}s:10:"screenshot";s:38:"themes/garland/minnelli/screenshot.png";s:3:"php";s:5:"4.3.5";s:6:"engine";s:11:"phptemplate";}s:11:"stylesheets";a:1:{s:3:"all";a:1:{s:12:"minnelli.css";s:36:"themes/garland/minnelli/minnelli.css";}}s:6:"engine";s:11:"phptemplate";s:10:"base_theme";s:7:"garland";}}', 'drupal_get_form', 'a:2:{i:0;s:21:"system_theme_settings";i:1;s:8:"minnelli";}', 31, 5, 'admin/build/themes/settings', 'admin/build/themes', 'Minnelli', 't', '', 128, '', '', '', 0, 'modules/system/system.admin.inc'),
('user/contact/data/%/%', 'a:2:{i:3;N;i:4;N;}', '', 'user_access', 'a:1:{i:0;s:20:"access user contacts";}', 'contacts_view_data_group_listing', 'a:0:{}', 28, 5, '', 'user/contact/data/%/%', 'My Contacts', 't', '', 6, '', 'View shared data groups of the users contact.', '', 0, ''),
('admin/build/themes/settings/pushbutton', '', '', '_system_themes_access', 'a:1:{i:0;O:8:"stdClass":12:{s:8:"filename";s:33:"themes/pushbutton/pushbutton.info";s:4:"name";s:10:"pushbutton";s:4:"type";s:5:"theme";s:5:"owner";s:45:"themes/engines/phptemplate/phptemplate.engine";s:6:"status";s:1:"0";s:8:"throttle";s:1:"0";s:9:"bootstrap";s:1:"0";s:14:"schema_version";s:2:"-1";s:6:"weight";s:1:"0";s:4:"info";a:13:{s:4:"name";s:10:"Pushbutton";s:11:"description";s:52:"Tabled, multi-column theme in blue and orange tones.";s:7:"version";s:4:"6.26";s:4:"core";s:3:"6.x";s:6:"engine";s:11:"phptemplate";s:7:"project";s:6:"drupal";s:9:"datestamp";s:10:"1335977158";s:7:"regions";a:5:{s:4:"left";s:12:"Left sidebar";s:5:"right";s:13:"Right sidebar";s:7:"content";s:7:"Content";s:6:"header";s:6:"Header";s:6:"footer";s:6:"Footer";}s:8:"features";a:10:{i:0;s:20:"comment_user_picture";i:1;s:7:"favicon";i:2;s:7:"mission";i:3;s:4:"logo";i:4;s:4:"name";i:5;s:17:"node_user_picture";i:6;s:6:"search";i:7;s:6:"slogan";i:8;s:13:"primary_links";i:9;s:15:"secondary_links";}s:11:"stylesheets";a:1:{s:3:"all";a:1:{s:9:"style.css";s:27:"themes/pushbutton/style.css";}}s:7:"scripts";a:1:{s:9:"script.js";s:27:"themes/pushbutton/script.js";}s:10:"screenshot";s:32:"themes/pushbutton/screenshot.png";s:3:"php";s:5:"4.3.5";}s:11:"stylesheets";a:1:{s:3:"all";a:1:{s:9:"style.css";s:27:"themes/pushbutton/style.css";}}s:6:"engine";s:11:"phptemplate";}}', 'drupal_get_form', 'a:2:{i:0;s:21:"system_theme_settings";i:1;s:10:"pushbutton";}', 31, 5, 'admin/build/themes/settings', 'admin/build/themes', 'Pushbutton', 't', '', 128, '', '', '', 0, 'modules/system/system.admin.inc'),
('admin/build/themes/settings/rmi', '', '', '_system_themes_access', 'a:1:{i:0;O:8:"stdClass":13:{s:8:"filename";s:29:"sites/all/themes/rmi/rmi.info";s:4:"name";s:3:"rmi";s:4:"type";s:5:"theme";s:5:"owner";s:45:"themes/engines/phptemplate/phptemplate.engine";s:6:"status";s:1:"1";s:8:"throttle";s:1:"0";s:9:"bootstrap";s:1:"0";s:14:"schema_version";s:2:"-1";s:6:"weight";s:1:"0";s:4:"info";a:13:{s:4:"name";s:16:"Register My Info";s:11:"description";s:69:"Tableless, recolorable, multi-column, fluid width theme for RMI site.";s:7:"version";s:4:"6.26";s:4:"core";s:3:"6.x";s:6:"engine";s:11:"phptemplate";s:7:"regions";a:6:{s:4:"left";s:12:"Left sidebar";s:5:"right";s:13:"Right sidebar";s:7:"content";s:7:"Content";s:6:"header";s:6:"Header";s:6:"footer";s:6:"Footer";s:10:"accountnav";s:15:"My account menu";}s:11:"stylesheets";a:1:{s:3:"all";a:1:{s:9:"style.css";s:30:"sites/all/themes/rmi/style.css";}}s:7:"scripts";a:1:{s:10:"sign-up.js";s:31:"sites/all/themes/rmi/sign-up.js";}s:7:"project";s:6:"drupal";s:9:"datestamp";s:10:"1341320410";s:8:"features";a:10:{i:0;s:20:"comment_user_picture";i:1;s:7:"favicon";i:2;s:7:"mission";i:3;s:4:"logo";i:4;s:4:"name";i:5;s:17:"node_user_picture";i:6;s:6:"search";i:7;s:6:"slogan";i:8;s:13:"primary_links";i:9;s:15:"secondary_links";}s:10:"screenshot";s:35:"sites/all/themes/rmi/screenshot.png";s:3:"php";s:5:"4.3.5";}s:11:"stylesheets";a:1:{s:3:"all";a:1:{s:9:"style.css";s:30:"sites/all/themes/rmi/style.css";}}s:7:"scripts";a:1:{s:10:"sign-up.js";s:31:"sites/all/themes/rmi/sign-up.js";}s:6:"engine";s:11:"phptemplate";}}', 'drupal_get_form', 'a:2:{i:0;s:21:"system_theme_settings";i:1;s:3:"rmi";}', 31, 5, 'admin/build/themes/settings', 'admin/build/themes', 'Register My Info', 't', '', 128, '', '', '', 0, 'modules/system/system.admin.inc'),
('admin/build/menu-customize/%/add', 'a:1:{i:3;s:9:"menu_load";}', '', 'user_access', 'a:1:{i:0;s:15:"administer menu";}', 'drupal_get_form', 'a:4:{i:0;s:14:"menu_edit_item";i:1;s:3:"add";i:2;N;i:3;i:3;}', 29, 5, 'admin/build/menu-customize/%', 'admin/build/menu-customize/%', 'Add item', 't', '', 128, '', '', '', 0, 'modules/menu/menu.admin.inc'),
('admin/build/block/list/bluemarine', '', '', '_block_themes_access', 'a:1:{i:0;O:8:"stdClass":12:{s:8:"filename";s:33:"themes/bluemarine/bluemarine.info";s:4:"name";s:10:"bluemarine";s:4:"type";s:5:"theme";s:5:"owner";s:45:"themes/engines/phptemplate/phptemplate.engine";s:6:"status";s:1:"0";s:8:"throttle";s:1:"0";s:9:"bootstrap";s:1:"0";s:14:"schema_version";s:2:"-1";s:6:"weight";s:1:"0";s:4:"info";a:13:{s:4:"name";s:10:"Bluemarine";s:11:"description";s:66:"Table-based multi-column theme with a marine and ash color scheme.";s:7:"version";s:4:"6.26";s:4:"core";s:3:"6.x";s:6:"engine";s:11:"phptemplate";s:7:"project";s:6:"drupal";s:9:"datestamp";s:10:"1335977158";s:7:"regions";a:5:{s:4:"left";s:12:"Left sidebar";s:5:"right";s:13:"Right sidebar";s:7:"content";s:7:"Content";s:6:"header";s:6:"Header";s:6:"footer";s:6:"Footer";}s:8:"features";a:10:{i:0;s:20:"comment_user_picture";i:1;s:7:"favicon";i:2;s:7:"mission";i:3;s:4:"logo";i:4;s:4:"name";i:5;s:17:"node_user_picture";i:6;s:6:"search";i:7;s:6:"slogan";i:8;s:13:"primary_links";i:9;s:15:"secondary_links";}s:11:"stylesheets";a:1:{s:3:"all";a:1:{s:9:"style.css";s:27:"themes/bluemarine/style.css";}}s:7:"scripts";a:1:{s:9:"script.js";s:27:"themes/bluemarine/script.js";}s:10:"screenshot";s:32:"themes/bluemarine/screenshot.png";s:3:"php";s:5:"4.3.5";}s:11:"stylesheets";a:1:{s:3:"all";a:1:{s:9:"style.css";s:27:"themes/bluemarine/style.css";}}s:6:"engine";s:11:"phptemplate";}}', 'block_admin_display', 'a:1:{i:0;s:10:"bluemarine";}', 31, 5, 'admin/build/block/list', 'admin/build/block', 'Bluemarine', 't', '', 128, '', '', '', 0, 'modules/block/block.admin.inc'),
('admin/build/block/list/chameleon', '', '', '_block_themes_access', 'a:1:{i:0;O:8:"stdClass":11:{s:8:"filename";s:31:"themes/chameleon/chameleon.info";s:4:"name";s:9:"chameleon";s:4:"type";s:5:"theme";s:5:"owner";s:32:"themes/chameleon/chameleon.theme";s:6:"status";s:1:"0";s:8:"throttle";s:1:"0";s:9:"bootstrap";s:1:"0";s:14:"schema_version";s:2:"-1";s:6:"weight";s:1:"0";s:4:"info";a:12:{s:4:"name";s:9:"Chameleon";s:11:"description";s:42:"Minimalist tabled theme with light colors.";s:7:"regions";a:2:{s:4:"left";s:12:"Left sidebar";s:5:"right";s:13:"Right sidebar";}s:8:"features";a:4:{i:0;s:4:"logo";i:1;s:7:"favicon";i:2;s:4:"name";i:3;s:6:"slogan";}s:11:"stylesheets";a:1:{s:3:"all";a:2:{s:9:"style.css";s:26:"themes/chameleon/style.css";s:10:"common.css";s:27:"themes/chameleon/common.css";}}s:7:"version";s:4:"6.26";s:4:"core";s:3:"6.x";s:7:"project";s:6:"drupal";s:9:"datestamp";s:10:"1335977158";s:7:"scripts";a:1:{s:9:"script.js";s:26:"themes/chameleon/script.js";}s:10:"screenshot";s:31:"themes/chameleon/screenshot.png";s:3:"php";s:5:"4.3.5";}s:11:"stylesheets";a:1:{s:3:"all";a:2:{s:9:"style.css";s:26:"themes/chameleon/style.css";s:10:"common.css";s:27:"themes/chameleon/common.css";}}}}', 'block_admin_display', 'a:1:{i:0;s:9:"chameleon";}', 31, 5, 'admin/build/block/list', 'admin/build/block', 'Chameleon', 't', '', 128, '', '', '', 0, 'modules/block/block.admin.inc'),
('admin/settings/filters/%/configure', 'a:1:{i:3;s:18:"filter_format_load";}', '', 'user_access', 'a:1:{i:0;s:18:"administer filters";}', 'filter_admin_configure_page', 'a:1:{i:0;i:3;}', 29, 5, 'admin/settings/filters/%', 'admin/settings/filters/%', 'Configure', 't', '', 128, '', '', '', 1, 'modules/filter/filter.admin.inc'),
('admin/settings/actions/delete/%', 'a:1:{i:4;s:12:"actions_load";}', '', 'user_access', 'a:1:{i:0;s:18:"administer actions";}', 'drupal_get_form', 'a:2:{i:0;s:26:"system_actions_delete_form";i:1;i:4;}', 30, 5, '', 'admin/settings/actions/delete/%', 'Delete action', 't', '', 4, '', 'Delete an action.', '', 0, ''),
('admin/build/menu-customize/%/delete', 'a:1:{i:3;s:9:"menu_load";}', '', 'user_access', 'a:1:{i:0;s:15:"administer menu";}', 'menu_delete_menu_page', 'a:1:{i:0;i:3;}', 29, 5, '', 'admin/build/menu-customize/%/delete', 'Delete menu', 't', '', 4, '', '', '', 0, 'modules/menu/menu.admin.inc'),
('admin/build/menu-customize/%/edit', 'a:1:{i:3;s:9:"menu_load";}', '', 'user_access', 'a:1:{i:0;s:15:"administer menu";}', 'drupal_get_form', 'a:3:{i:0;s:14:"menu_edit_menu";i:1;s:4:"edit";i:2;i:3;}', 29, 5, 'admin/build/menu-customize/%', 'admin/build/menu-customize/%', 'Edit menu', 't', '', 128, '', '', '', 0, 'modules/menu/menu.admin.inc'),
('admin/build/block/list/garland', '', '', '_block_themes_access', 'a:1:{i:0;O:8:"stdClass":12:{s:8:"filename";s:27:"themes/garland/garland.info";s:4:"name";s:7:"garland";s:4:"type";s:5:"theme";s:5:"owner";s:45:"themes/engines/phptemplate/phptemplate.engine";s:6:"status";s:1:"1";s:8:"throttle";s:1:"0";s:9:"bootstrap";s:1:"0";s:14:"schema_version";s:2:"-1";s:6:"weight";s:1:"0";s:4:"info";a:13:{s:4:"name";s:7:"Garland";s:11:"description";s:66:"Tableless, recolorable, multi-column, fluid width theme (default).";s:7:"version";s:4:"6.26";s:4:"core";s:3:"6.x";s:6:"engine";s:11:"phptemplate";s:11:"stylesheets";a:2:{s:3:"all";a:1:{s:9:"style.css";s:24:"themes/garland/style.css";}s:5:"print";a:1:{s:9:"print.css";s:24:"themes/garland/print.css";}}s:7:"project";s:6:"drupal";s:9:"datestamp";s:10:"1335977158";s:7:"regions";a:5:{s:4:"left";s:12:"Left sidebar";s:5:"right";s:13:"Right sidebar";s:7:"content";s:7:"Content";s:6:"header";s:6:"Header";s:6:"footer";s:6:"Footer";}s:8:"features";a:10:{i:0;s:20:"comment_user_picture";i:1;s:7:"favicon";i:2;s:7:"mission";i:3;s:4:"logo";i:4;s:4:"name";i:5;s:17:"node_user_picture";i:6;s:6:"search";i:7;s:6:"slogan";i:8;s:13:"primary_links";i:9;s:15:"secondary_links";}s:7:"scripts";a:1:{s:9:"script.js";s:24:"themes/garland/script.js";}s:10:"screenshot";s:29:"themes/garland/screenshot.png";s:3:"php";s:5:"4.3.5";}s:11:"stylesheets";a:2:{s:3:"all";a:1:{s:9:"style.css";s:24:"themes/garland/style.css";}s:5:"print";a:1:{s:9:"print.css";s:24:"themes/garland/print.css";}}s:6:"engine";s:11:"phptemplate";}}', 'block_admin_display', 'a:1:{i:0;s:7:"garland";}', 31, 5, 'admin/build/block/list', 'admin/build/block', 'Garland', 't', '', 128, '', '', '', 0, 'modules/block/block.admin.inc'),
('admin/build/block/list/marvin', '', '', '_block_themes_access', 'a:1:{i:0;O:8:"stdClass":12:{s:8:"filename";s:35:"themes/chameleon/marvin/marvin.info";s:4:"name";s:6:"marvin";s:4:"type";s:5:"theme";s:5:"owner";s:0:"";s:6:"status";s:1:"0";s:8:"throttle";s:1:"0";s:9:"bootstrap";s:1:"0";s:14:"schema_version";s:2:"-1";s:6:"weight";s:1:"0";s:4:"info";a:13:{s:4:"name";s:6:"Marvin";s:11:"description";s:31:"Boxy tabled theme in all grays.";s:7:"regions";a:2:{s:4:"left";s:12:"Left sidebar";s:5:"right";s:13:"Right sidebar";}s:7:"version";s:4:"6.26";s:4:"core";s:3:"6.x";s:10:"base theme";s:9:"chameleon";s:7:"project";s:6:"drupal";s:9:"datestamp";s:10:"1335977158";s:8:"features";a:10:{i:0;s:20:"comment_user_picture";i:1;s:7:"favicon";i:2;s:7:"mission";i:3;s:4:"logo";i:4;s:4:"name";i:5;s:17:"node_user_picture";i:6;s:6:"search";i:7;s:6:"slogan";i:8;s:13:"primary_links";i:9;s:15:"secondary_links";}s:11:"stylesheets";a:1:{s:3:"all";a:1:{s:9:"style.css";s:33:"themes/chameleon/marvin/style.css";}}s:7:"scripts";a:1:{s:9:"script.js";s:33:"themes/chameleon/marvin/script.js";}s:10:"screenshot";s:38:"themes/chameleon/marvin/screenshot.png";s:3:"php";s:5:"4.3.5";}s:11:"stylesheets";a:1:{s:3:"all";a:1:{s:9:"style.css";s:33:"themes/chameleon/marvin/style.css";}}s:10:"base_theme";s:9:"chameleon";}}', 'block_admin_display', 'a:1:{i:0;s:6:"marvin";}', 31, 5, 'admin/build/block/list', 'admin/build/block', 'Marvin', 't', '', 128, '', '', '', 0, 'modules/block/block.admin.inc'),
('admin/build/block/list/minnelli', '', '', '_block_themes_access', 'a:1:{i:0;O:8:"stdClass":13:{s:8:"filename";s:37:"themes/garland/minnelli/minnelli.info";s:4:"name";s:8:"minnelli";s:4:"type";s:5:"theme";s:5:"owner";s:45:"themes/engines/phptemplate/phptemplate.engine";s:6:"status";s:1:"0";s:8:"throttle";s:1:"0";s:9:"bootstrap";s:1:"0";s:14:"schema_version";s:2:"-1";s:6:"weight";s:1:"0";s:4:"info";a:14:{s:4:"name";s:8:"Minnelli";s:11:"description";s:56:"Tableless, recolorable, multi-column, fixed width theme.";s:7:"version";s:4:"6.26";s:4:"core";s:3:"6.x";s:10:"base theme";s:7:"garland";s:11:"stylesheets";a:1:{s:3:"all";a:1:{s:12:"minnelli.css";s:36:"themes/garland/minnelli/minnelli.css";}}s:7:"project";s:6:"drupal";s:9:"datestamp";s:10:"1335977158";s:7:"regions";a:5:{s:4:"left";s:12:"Left sidebar";s:5:"right";s:13:"Right sidebar";s:7:"content";s:7:"Content";s:6:"header";s:6:"Header";s:6:"footer";s:6:"Footer";}s:8:"features";a:10:{i:0;s:20:"comment_user_picture";i:1;s:7:"favicon";i:2;s:7:"mission";i:3;s:4:"logo";i:4;s:4:"name";i:5;s:17:"node_user_picture";i:6;s:6:"search";i:7;s:6:"slogan";i:8;s:13:"primary_links";i:9;s:15:"secondary_links";}s:7:"scripts";a:1:{s:9:"script.js";s:33:"themes/garland/minnelli/script.js";}s:10:"screenshot";s:38:"themes/garland/minnelli/screenshot.png";s:3:"php";s:5:"4.3.5";s:6:"engine";s:11:"phptemplate";}s:11:"stylesheets";a:1:{s:3:"all";a:1:{s:12:"minnelli.css";s:36:"themes/garland/minnelli/minnelli.css";}}s:6:"engine";s:11:"phptemplate";s:10:"base_theme";s:7:"garland";}}', 'block_admin_display', 'a:1:{i:0;s:8:"minnelli";}', 31, 5, 'admin/build/block/list', 'admin/build/block', 'Minnelli', 't', '', 128, '', '', '', 0, 'modules/block/block.admin.inc'),
('admin/build/block/list/pushbutton', '', '', '_block_themes_access', 'a:1:{i:0;O:8:"stdClass":12:{s:8:"filename";s:33:"themes/pushbutton/pushbutton.info";s:4:"name";s:10:"pushbutton";s:4:"type";s:5:"theme";s:5:"owner";s:45:"themes/engines/phptemplate/phptemplate.engine";s:6:"status";s:1:"0";s:8:"throttle";s:1:"0";s:9:"bootstrap";s:1:"0";s:14:"schema_version";s:2:"-1";s:6:"weight";s:1:"0";s:4:"info";a:13:{s:4:"name";s:10:"Pushbutton";s:11:"description";s:52:"Tabled, multi-column theme in blue and orange tones.";s:7:"version";s:4:"6.26";s:4:"core";s:3:"6.x";s:6:"engine";s:11:"phptemplate";s:7:"project";s:6:"drupal";s:9:"datestamp";s:10:"1335977158";s:7:"regions";a:5:{s:4:"left";s:12:"Left sidebar";s:5:"right";s:13:"Right sidebar";s:7:"content";s:7:"Content";s:6:"header";s:6:"Header";s:6:"footer";s:6:"Footer";}s:8:"features";a:10:{i:0;s:20:"comment_user_picture";i:1;s:7:"favicon";i:2;s:7:"mission";i:3;s:4:"logo";i:4;s:4:"name";i:5;s:17:"node_user_picture";i:6;s:6:"search";i:7;s:6:"slogan";i:8;s:13:"primary_links";i:9;s:15:"secondary_links";}s:11:"stylesheets";a:1:{s:3:"all";a:1:{s:9:"style.css";s:27:"themes/pushbutton/style.css";}}s:7:"scripts";a:1:{s:9:"script.js";s:27:"themes/pushbutton/script.js";}s:10:"screenshot";s:32:"themes/pushbutton/screenshot.png";s:3:"php";s:5:"4.3.5";}s:11:"stylesheets";a:1:{s:3:"all";a:1:{s:9:"style.css";s:27:"themes/pushbutton/style.css";}}s:6:"engine";s:11:"phptemplate";}}', 'block_admin_display', 'a:1:{i:0;s:10:"pushbutton";}', 31, 5, 'admin/build/block/list', 'admin/build/block', 'Pushbutton', 't', '', 128, '', '', '', 0, 'modules/block/block.admin.inc'),
('admin/settings/filters/%/order', 'a:1:{i:3;s:18:"filter_format_load";}', '', 'user_access', 'a:1:{i:0;s:18:"administer filters";}', 'filter_admin_order_page', 'a:1:{i:0;i:3;}', 29, 5, 'admin/settings/filters/%', 'admin/settings/filters/%', 'Rearrange', 't', '', 128, '', '', '', 2, 'modules/filter/filter.admin.inc'),
('admin/build/block/list/rmi', '', '', '_block_themes_access', 'a:1:{i:0;O:8:"stdClass":13:{s:8:"filename";s:29:"sites/all/themes/rmi/rmi.info";s:4:"name";s:3:"rmi";s:4:"type";s:5:"theme";s:5:"owner";s:45:"themes/engines/phptemplate/phptemplate.engine";s:6:"status";s:1:"1";s:8:"throttle";s:1:"0";s:9:"bootstrap";s:1:"0";s:14:"schema_version";s:2:"-1";s:6:"weight";s:1:"0";s:4:"info";a:13:{s:4:"name";s:16:"Register My Info";s:11:"description";s:69:"Tableless, recolorable, multi-column, fluid width theme for RMI site.";s:7:"version";s:4:"6.26";s:4:"core";s:3:"6.x";s:6:"engine";s:11:"phptemplate";s:7:"regions";a:6:{s:4:"left";s:12:"Left sidebar";s:5:"right";s:13:"Right sidebar";s:7:"content";s:7:"Content";s:6:"header";s:6:"Header";s:6:"footer";s:6:"Footer";s:10:"accountnav";s:15:"My account menu";}s:11:"stylesheets";a:1:{s:3:"all";a:1:{s:9:"style.css";s:30:"sites/all/themes/rmi/style.css";}}s:7:"scripts";a:1:{s:10:"sign-up.js";s:31:"sites/all/themes/rmi/sign-up.js";}s:7:"project";s:6:"drupal";s:9:"datestamp";s:10:"1341320410";s:8:"features";a:10:{i:0;s:20:"comment_user_picture";i:1;s:7:"favicon";i:2;s:7:"mission";i:3;s:4:"logo";i:4;s:4:"name";i:5;s:17:"node_user_picture";i:6;s:6:"search";i:7;s:6:"slogan";i:8;s:13:"primary_links";i:9;s:15:"secondary_links";}s:10:"screenshot";s:35:"sites/all/themes/rmi/screenshot.png";s:3:"php";s:5:"4.3.5";}s:11:"stylesheets";a:1:{s:3:"all";a:1:{s:9:"style.css";s:30:"sites/all/themes/rmi/style.css";}}s:7:"scripts";a:1:{s:10:"sign-up.js";s:31:"sites/all/themes/rmi/sign-up.js";}s:6:"engine";s:11:"phptemplate";}}', 'block_admin_display', 'a:1:{i:0;s:3:"rmi";}', 31, 5, 'admin/build/block/list', 'admin/build/block', 'Register My Info', 't', '', 136, '', '', '', -10, 'modules/block/block.admin.inc'),
('user/reset/%/%/%', 'a:3:{i:2;N;i:3;N;i:4;N;}', '', '1', 'a:0:{}', 'drupal_get_form', 'a:4:{i:0;s:15:"user_pass_reset";i:1;i:2;i:2;i:3;i:3;i:4;}', 24, 5, '', 'user/reset/%/%/%', 'Reset password', 't', '', 4, '', '', '', 0, 'modules/user/user.pages.inc'),
('user/validate/%/%/%', 'a:3:{i:2;s:9:"user_load";i:3;N;i:4;N;}', '', 'logintoboggan_validate_email_access', 'a:2:{i:0;i:2;i:1;i:3;}', 'logintoboggan_validate_email', 'a:3:{i:0;i:2;i:1;i:3;i:2;i:4;}', 24, 5, '', 'user/validate/%/%/%', 'Validate e-mail address', 't', '', 4, '', '', '', 0, ''),
('admin/content/taxonomy/add/vocabulary', '', '', 'user_access', 'a:1:{i:0;s:19:"administer taxonomy";}', 'drupal_get_form', 'a:1:{i:0;s:24:"taxonomy_form_vocabulary";}', 31, 5, 'admin/content/taxonomy', 'admin/content/taxonomy', 'Add vocabulary', 't', '', 128, '', '', '', 0, 'modules/taxonomy/taxonomy.admin.inc'),
('node/%/webform/emails/%', 'a:2:{i:1;a:1:{s:17:"webform_menu_load";a:1:{i:0;i:1;}}i:4;a:1:{s:23:"webform_menu_email_load";a:1:{i:0;i:1;}}}', '', 'node_access', 'a:2:{i:0;s:6:"update";i:1;i:1;}', 'drupal_get_form', 'a:3:{i:0;s:23:"webform_email_edit_form";i:1;i:1;i:2;i:4;}', 22, 5, '', 'node/%/webform/emails/%', 'Edit e-mail settings', 't', '', 4, '', '', '', 0, 'sites/all/modules/webform/includes/webform.emails.inc'),
('admin/build/services/settings/general', '', '', 'user_access', 'a:1:{i:0;s:19:"administer services";}', 'drupal_get_form', 'a:1:{i:0;s:23:"services_admin_settings";}', 31, 5, 'admin/build/services/settings', 'admin/build/services', 'General', 't', '', 136, '', 'Configure service settings.', '', -10, 'sites/all/modules/services/services_admin_browse.inc'),
('node/%/revisions/%/view', 'a:2:{i:1;a:1:{s:9:"node_load";a:1:{i:0;i:3;}}i:3;N;}', '', '_node_revision_access', 'a:1:{i:0;i:1;}', 'node_show', 'a:3:{i:0;i:1;i:1;N;i:2;b:1;}', 21, 5, '', 'node/%/revisions/%/view', 'Revisions', 't', '', 4, '', '', '', 0, ''),
('admin/build/services/browse/%', 'a:1:{i:4;s:20:"services_method_load";}', '', 'user_access', 'a:1:{i:0;s:19:"administer services";}', 'services_admin_browse_method', 'a:1:{i:0;i:4;}', 30, 5, 'admin/build/services/browse', 'admin/build/services', 'Services', 't', '', 128, '', 'Calls a Services method.', '', 0, 'sites/all/modules/services/services_admin_browse.inc'),
('admin/content/node-type/page/access', '', '', 'content_access_admin_settings_access', 'a:0:{}', 'drupal_get_form', 'a:2:{i:0;s:29:"content_access_admin_settings";i:1;s:4:"page";}', 31, 5, 'admin/content/node-type/page', 'admin/content/node-type/page', 'Access control', 't', '', 128, '', 'Configure content access control.', '', 1, 'sites/all/modules/content_access/content_access.admin.inc'),
('admin/content/node-type/story/access', '', '', 'content_access_admin_settings_access', 'a:0:{}', 'drupal_get_form', 'a:2:{i:0;s:29:"content_access_admin_settings";i:1;s:5:"story";}', 31, 5, 'admin/content/node-type/story', 'admin/content/node-type/story', 'Access control', 't', '', 128, '', 'Configure content access control.', '', 1, 'sites/all/modules/content_access/content_access.admin.inc'),
('admin/content/node-type/webform/access', '', '', 'content_access_admin_settings_access', 'a:0:{}', 'drupal_get_form', 'a:2:{i:0;s:29:"content_access_admin_settings";i:1;s:7:"webform";}', 31, 5, 'admin/content/node-type/webform', 'admin/content/node-type/webform', 'Access control', 't', '', 128, '', 'Configure content access control.', '', 1, 'sites/all/modules/content_access/content_access.admin.inc'),
('node/%/webform-results/analysis/%', 'a:2:{i:1;a:1:{s:17:"webform_menu_load";a:2:{i:0;i:1;i:1;i:4;}}i:4;a:1:{s:27:"webform_menu_component_load";a:2:{i:0;i:1;i:1;i:4;}}}', '', 'webform_results_access', 'a:1:{i:0;i:1;}', 'webform_results_analysis', 'a:3:{i:0;i:1;i:1;a:0:{}i:2;i:4;}', 22, 5, '', 'node/%/webform-results/analysis/%', 'Analysis', 't', '', 4, '', '', '', 0, 'sites/all/modules/webform/includes/webform.report.inc'),
('node/%/submission/%/delete', 'a:2:{i:1;a:1:{s:17:"webform_menu_load";a:1:{i:0;i:1;}}i:3;a:1:{s:28:"webform_menu_submission_load";a:1:{i:0;i:1;}}}', '', 'webform_submission_access', 'a:3:{i:0;i:1;i:1;i:3;i:2;s:6:"delete";}', 'drupal_get_form', 'a:3:{i:0;s:30:"webform_submission_delete_form";i:1;i:1;i:2;i:3;}', 21, 5, 'node/%/submission/%', 'node/%/submission/%', 'Delete', 't', '', 128, '', '', '', 2, 'sites/all/modules/webform/includes/webform.submissions.inc'),
('node/%/revisions/%/delete', 'a:2:{i:1;a:1:{s:9:"node_load";a:1:{i:0;i:3;}}i:3;N;}', '', '_node_revision_access', 'a:2:{i:0;i:1;i:1;s:6:"delete";}', 'drupal_get_form', 'a:2:{i:0;s:28:"node_revision_delete_confirm";i:1;i:1;}', 21, 5, '', 'node/%/revisions/%/delete', 'Delete earlier revision', 't', '', 4, '', '', '', 0, 'modules/node/node.pages.inc'),
('node/%/submission/%/edit', 'a:2:{i:1;a:1:{s:17:"webform_menu_load";a:1:{i:0;i:1;}}i:3;a:1:{s:28:"webform_menu_submission_load";a:1:{i:0;i:1;}}}', '', 'webform_submission_access', 'a:3:{i:0;i:1;i:1;i:3;i:2;s:4:"edit";}', 'webform_submission_page', 'a:3:{i:0;i:1;i:1;i:3;i:2;s:4:"form";}', 21, 5, 'node/%/submission/%', 'node/%/submission/%', 'Edit', 't', '', 128, '', '', '', 1, 'sites/all/modules/webform/includes/webform.submissions.inc'),
('node/%/submission/%/resend', 'a:2:{i:1;a:1:{s:17:"webform_menu_load";a:1:{i:0;i:1;}}i:3;a:1:{s:28:"webform_menu_submission_load";a:1:{i:0;i:1;}}}', '', 'webform_results_access', 'a:1:{i:0;i:1;}', 'drupal_get_form', 'a:3:{i:0;s:25:"webform_submission_resend";i:1;i:1;i:2;i:3;}', 21, 5, '', 'node/%/submission/%/resend', 'Resend e-mails', 't', '', 4, '', '', '', 0, 'sites/all/modules/webform/includes/webform.submissions.inc'),
('node/%/revisions/%/revert', 'a:2:{i:1;a:1:{s:9:"node_load";a:1:{i:0;i:3;}}i:3;N;}', '', '_node_revision_access', 'a:2:{i:0;i:1;i:1;s:6:"update";}', 'drupal_get_form', 'a:2:{i:0;s:28:"node_revision_revert_confirm";i:1;i:1;}', 21, 5, '', 'node/%/revisions/%/revert', 'Revert to earlier revision', 't', '', 4, '', '', '', 0, 'modules/node/node.pages.inc'),
('node/%/submission/%/view', 'a:2:{i:1;a:1:{s:17:"webform_menu_load";a:1:{i:0;i:1;}}i:3;a:1:{s:28:"webform_menu_submission_load";a:1:{i:0;i:1;}}}', '', 'webform_submission_access', 'a:3:{i:0;i:1;i:1;i:3;i:2;s:4:"view";}', 'webform_submission_page', 'a:3:{i:0;i:1;i:1;i:3;i:2;s:4:"html";}', 21, 5, 'node/%/submission/%', 'node/%/submission/%', 'View', 't', '', 136, '', '', '', 0, 'sites/all/modules/webform/includes/webform.submissions.inc'),
('node/%/webform/components/%', 'a:2:{i:1;a:1:{s:17:"webform_menu_load";a:2:{i:0;i:1;i:1;i:5;}}i:4;a:1:{s:27:"webform_menu_component_load";a:2:{i:0;i:1;i:1;i:5;}}}', '', 'node_access', 'a:2:{i:0;s:6:"update";i:1;i:1;}', 'drupal_get_form', 'a:4:{i:0;s:27:"webform_component_edit_form";i:1;i:1;i:2;i:4;i:3;b:0;}', 22, 5, 'node/%/webform/components', 'node/%', '', 't', '', 128, '', '', '', 0, 'sites/all/modules/webform/includes/webform.components.inc'),
('node/%/webform/emails/%/delete', 'a:2:{i:1;a:1:{s:17:"webform_menu_load";a:1:{i:0;i:1;}}i:4;a:1:{s:23:"webform_menu_email_load";a:1:{i:0;i:1;}}}', '', 'node_access', 'a:2:{i:0;s:6:"update";i:1;i:1;}', 'drupal_get_form', 'a:3:{i:0;s:25:"webform_email_delete_form";i:1;i:1;i:2;i:4;}', 45, 6, '', 'node/%/webform/emails/%/delete', 'Delete e-mail settings', 't', '', 4, '', '', '', 0, 'sites/all/modules/webform/includes/webform.emails.inc'),
('admin/build/menu/item/%/delete', 'a:1:{i:4;s:14:"menu_link_load";}', '', 'user_access', 'a:1:{i:0;s:15:"administer menu";}', 'menu_item_delete_page', 'a:1:{i:0;i:4;}', 61, 6, '', 'admin/build/menu/item/%/delete', 'Delete menu item', 't', '', 4, '', '', '', 0, 'modules/menu/menu.admin.inc'),
('admin/build/menu/item/%/edit', 'a:1:{i:4;s:14:"menu_link_load";}', '', 'user_access', 'a:1:{i:0;s:15:"administer menu";}', 'drupal_get_form', 'a:4:{i:0;s:14:"menu_edit_item";i:1;s:4:"edit";i:2;i:4;i:3;N;}', 61, 6, '', 'admin/build/menu/item/%/edit', 'Edit menu item', 't', '', 4, '', '', '', 0, 'modules/menu/menu.admin.inc'),
('admin/content/taxonomy/edit/vocabulary/%', 'a:1:{i:5;s:24:"taxonomy_vocabulary_load";}', '', 'user_access', 'a:1:{i:0;s:19:"administer taxonomy";}', 'taxonomy_admin_vocabulary_edit', 'a:1:{i:0;i:5;}', 62, 6, '', 'admin/content/taxonomy/edit/vocabulary/%', 'Edit vocabulary', 't', '', 4, '', '', '', 0, 'modules/taxonomy/taxonomy.admin.inc');
INSERT INTO `menu_router` (`path`, `load_functions`, `to_arg_functions`, `access_callback`, `access_arguments`, `page_callback`, `page_arguments`, `fit`, `number_parts`, `tab_parent`, `tab_root`, `title`, `title_callback`, `title_arguments`, `type`, `block_callback`, `description`, `position`, `weight`, `file`) VALUES
('admin/build/menu/item/%/reset', 'a:1:{i:4;s:14:"menu_link_load";}', '', 'user_access', 'a:1:{i:0;s:15:"administer menu";}', 'drupal_get_form', 'a:2:{i:0;s:23:"menu_reset_item_confirm";i:1;i:4;}', 61, 6, '', 'admin/build/menu/item/%/reset', 'Reset menu item', 't', '', 4, '', '', '', 0, 'modules/menu/menu.admin.inc'),
('admin/content/taxonomy/%/add/term', 'a:1:{i:3;s:24:"taxonomy_vocabulary_load";}', '', 'user_access', 'a:1:{i:0;s:19:"administer taxonomy";}', 'taxonomy_add_term_page', 'a:1:{i:0;i:3;}', 59, 6, 'admin/content/taxonomy/%', 'admin/content/taxonomy/%', 'Add term', 't', '', 128, '', '', '', 0, 'modules/taxonomy/taxonomy.admin.inc'),
('node/%/webform/validation/add/%', 'a:2:{i:1;s:17:"webform_menu_load";i:5;N;}', '', 'node_access', 'a:2:{i:0;s:6:"update";i:1;i:1;}', 'drupal_get_form', 'a:4:{i:0;s:30:"webform_validation_manage_rule";i:1;i:1;i:2;s:3:"add";i:3;i:5;}', 46, 6, '', 'node/%/webform/validation/add/%', 'Add validation', 't', '', 4, '', '', '', 0, 'sites/all/modules/webform_validation/webform_validation.admin.inc'),
('node/%/webform/validation/delete/%', 'a:2:{i:1;s:17:"webform_menu_load";i:5;s:28:"webform_validation_rule_load";}', '', 'node_access', 'a:2:{i:0;s:6:"update";i:1;i:1;}', 'drupal_get_form', 'a:2:{i:0;s:30:"webform_validation_delete_rule";i:1;i:5;}', 46, 6, '', 'node/%/webform/validation/delete/%', 'Delete rule', 't', '', 4, '', '', '', 0, 'sites/all/modules/webform_validation/webform_validation.admin.inc'),
('node/%/webform/components/%/delete', 'a:2:{i:1;a:1:{s:17:"webform_menu_load";a:2:{i:0;i:1;i:1;i:5;}}i:4;a:1:{s:27:"webform_menu_component_load";a:2:{i:0;i:1;i:1;i:5;}}}', '', 'node_access', 'a:2:{i:0;s:6:"update";i:1;i:1;}', 'drupal_get_form', 'a:3:{i:0;s:29:"webform_component_delete_form";i:1;i:1;i:2;i:4;}', 45, 6, 'node/%/webform/components/%', 'node/%', '', 't', '', 128, '', '', '', 0, 'sites/all/modules/webform/includes/webform.components.inc'),
('node/%/webform/components/%/clone', 'a:2:{i:1;a:1:{s:17:"webform_menu_load";a:2:{i:0;i:1;i:1;i:5;}}i:4;a:1:{s:27:"webform_menu_component_load";a:2:{i:0;i:1;i:1;i:5;}}}', '', 'node_access', 'a:2:{i:0;s:6:"update";i:1;i:1;}', 'drupal_get_form', 'a:4:{i:0;s:27:"webform_component_edit_form";i:1;i:1;i:2;i:4;i:3;b:1;}', 45, 6, 'node/%/webform/components/%', 'node/%', '', 't', '', 128, '', '', '', 0, 'sites/all/modules/webform/includes/webform.components.inc'),
('user/contact/datagroup/detail/%/%/%', 'a:3:{i:4;N;i:5;N;i:6;N;}', '', 'user_access', 'a:1:{i:0;s:20:"access user contacts";}', 'contacts_share_datagroup_detail', 'a:0:{}', 120, 7, '', 'user/contact/datagroup/detail/%/%/%', 'My datagroup details', 't', '', 6, '', '', '', 0, ''),
('user/contact/subdatagroup/detail/%/%/%', 'a:3:{i:4;N;i:5;N;i:6;N;}', '', 'user_access', 'a:1:{i:0;s:20:"access user contacts";}', 'contacts_share_subdatagroup_detail', 'a:0:{}', 120, 7, '', 'user/contact/subdatagroup/detail/%/%/%', 'My subdatagroups details', 't', '', 6, '', '', '', 0, ''),
('node/%/data/submission/%/delete/%', 'a:3:{i:1;N;i:4;N;i:6;N;}', '', 'user_access', 'a:1:{i:0;s:26:"access all webform results";}', 'drupal_get_form', 'a:1:{i:0;s:32:"view_data_submission_delete_form";}', 90, 7, '', 'node/%/data/submission/%/delete/%', 'Delete', 't', '', 6, '', '', '', 0, ''),
('node/%/data/submission/%/edit/%', 'a:3:{i:1;N;i:4;N;i:6;N;}', '', 'user_access', 'a:1:{i:0;s:26:"access all webform results";}', 'view_data_submission_edit_page', 'a:2:{i:0;i:1;i:1;i:4;}', 90, 7, '', 'node/%/data/submission/%/edit/%', 'Edit', 't', '', 6, '', '', '', 0, ''),
('node/%/webform/validation/edit/%/%', 'a:3:{i:1;s:17:"webform_menu_load";i:5;N;i:6;s:28:"webform_validation_rule_load";}', '', 'node_access', 'a:2:{i:0;s:6:"update";i:1;i:1;}', 'drupal_get_form', 'a:5:{i:0;s:30:"webform_validation_manage_rule";i:1;i:1;i:2;s:4:"edit";i:3;i:5;i:4;i:6;}', 92, 7, '', 'node/%/webform/validation/edit/%/%', 'Edit rule', 't', '', 4, '', '', '', 0, 'sites/all/modules/webform_validation/webform_validation.admin.inc');

-- --------------------------------------------------------

--
-- Table structure for table `menu_token`
--

CREATE TABLE IF NOT EXISTS `menu_token` (
  `mlid` int(10) unsigned NOT NULL,
  `link_path` varchar(255) NOT NULL DEFAULT '',
  PRIMARY KEY (`mlid`)
) ENGINE=MyISAM DEFAULT CHARSET=utf8;

--
-- Dumping data for table `menu_token`
--

INSERT INTO `menu_token` (`mlid`, `link_path`) VALUES
(256, 'user/[user-id]/edit/chgpwd');

-- --------------------------------------------------------

--
-- Table structure for table `node`
--

CREATE TABLE IF NOT EXISTS `node` (
  `nid` int(10) unsigned NOT NULL AUTO_INCREMENT,
  `vid` int(10) unsigned NOT NULL DEFAULT '0',
  `type` varchar(32) NOT NULL DEFAULT '',
  `language` varchar(12) NOT NULL DEFAULT '',
  `title` varchar(255) NOT NULL DEFAULT '',
  `uid` int(11) NOT NULL DEFAULT '0',
  `status` int(11) NOT NULL DEFAULT '1',
  `created` int(11) NOT NULL DEFAULT '0',
  `changed` int(11) NOT NULL DEFAULT '0',
  `comment` int(11) NOT NULL DEFAULT '0',
  `promote` int(11) NOT NULL DEFAULT '0',
  `moderate` int(11) NOT NULL DEFAULT '0',
  `sticky` int(11) NOT NULL DEFAULT '0',
  `tnid` int(10) unsigned NOT NULL DEFAULT '0',
  `translate` int(11) NOT NULL DEFAULT '0',
  PRIMARY KEY (`nid`),
  UNIQUE KEY `vid` (`vid`),
  KEY `node_changed` (`changed`),
  KEY `node_created` (`created`),
  KEY `node_moderate` (`moderate`),
  KEY `node_promote_status` (`promote`,`status`),
  KEY `node_status_type` (`status`,`type`,`nid`),
  KEY `node_title_type` (`title`,`type`(4)),
  KEY `node_type` (`type`(4)),
  KEY `uid` (`uid`),
  KEY `tnid` (`tnid`),
  KEY `translate` (`translate`)
) ENGINE=MyISAM  DEFAULT CHARSET=utf8 AUTO_INCREMENT=24 ;

--
-- Dumping data for table `node`
--

INSERT INTO `node` (`nid`, `vid`, `type`, `language`, `title`, `uid`, `status`, `created`, `changed`, `comment`, `promote`, `moderate`, `sticky`, `tnid`, `translate`) VALUES
(14, 14, 'webform', '', 'Contact Info', 1, 1, 1340106356, 1343803565, 0, 1, 0, 0, 0, 0),
(2, 2, 'webform', '', 'Personal Data', 1, 1, 1339680736, 1343798403, 0, 1, 0, 0, 0, 0),
(3, 3, 'webform', '', 'Financial', 1, 1, 1340016692, 1343798427, 0, 1, 0, 0, 0, 0),
(4, 4, 'webform', '', 'Employment Info', 1, 1, 1340031450, 1343798988, 0, 1, 0, 0, 0, 0),
(5, 5, 'webform', '', 'Medical History', 1, 1, 1340031867, 1343799203, 0, 1, 0, 0, 0, 0),
(6, 6, 'webform', '', 'Expenses', 1, 1, 1340033503, 1343799236, 0, 1, 0, 0, 0, 0),
(7, 7, 'webform', '', 'Maintenance & Recalls', 1, 1, 1340033896, 1343799337, 0, 1, 0, 0, 0, 0),
(8, 8, 'webform', '', 'Government ID', 1, 1, 1340033989, 1343799342, 0, 1, 0, 0, 0, 0),
(9, 9, 'webform', '', 'Insurance and Car Registration', 1, 1, 1340034190, 1343799409, 0, 1, 0, 0, 0, 0),
(10, 10, 'webform', '', 'Favorites', 1, 1, 1340034424, 1343799443, 0, 1, 0, 0, 0, 0),
(11, 11, 'webform', '', 'Products & Warranties', 1, 1, 1340034858, 1343799444, 0, 1, 0, 0, 0, 0),
(12, 12, 'webform', '', 'Home Registry', 1, 1, 1340035044, 1343799481, 0, 1, 0, 0, 0, 0),
(13, 13, 'webform', '', 'Web Sites', 1, 1, 1340035271, 1343799485, 0, 1, 0, 0, 0, 0),
(15, 15, 'page', '', 'Home', 1, 1, 1342074204, 1345203483, 0, 0, 0, 0, 0, 0),
(17, 17, 'page', '', 'Contact Us', 1, 1, 1343800889, 1345204502, 0, 0, 0, 0, 0, 0),
(18, 18, 'page', '', 'How Its Works', 1, 1, 1343800944, 1345203359, 0, 0, 0, 0, 0, 0),
(20, 20, 'page', '', 'About Us', 1, 1, 1343801284, 1345203634, 0, 0, 0, 0, 0, 0),
(21, 21, 'page', '', 'Welcome to Register My Info', 1, 1, 1344250663, 1345727171, 0, 0, 0, 0, 0, 0),
(22, 22, 'page', '', 'Terms', 1, 1, 1345203928, 1345203928, 0, 0, 0, 0, 0, 0),
(23, 23, 'page', '', 'Privacy Policy', 1, 1, 1345204189, 1345204418, 0, 0, 0, 0, 0, 0);

-- --------------------------------------------------------

--
-- Table structure for table `node_access`
--

CREATE TABLE IF NOT EXISTS `node_access` (
  `nid` int(10) unsigned NOT NULL DEFAULT '0',
  `gid` int(10) unsigned NOT NULL DEFAULT '0',
  `realm` varchar(255) NOT NULL DEFAULT '',
  `grant_view` tinyint(3) unsigned NOT NULL DEFAULT '0',
  `grant_update` tinyint(3) unsigned NOT NULL DEFAULT '0',
  `grant_delete` tinyint(3) unsigned NOT NULL DEFAULT '0',
  PRIMARY KEY (`nid`,`gid`,`realm`)
) ENGINE=MyISAM DEFAULT CHARSET=utf8;

--
-- Dumping data for table `node_access`
--

INSERT INTO `node_access` (`nid`, `gid`, `realm`, `grant_view`, `grant_update`, `grant_delete`) VALUES
(2, 2, 'content_access_rid', 1, 0, 0),
(3, 2, 'content_access_rid', 1, 0, 0),
(4, 2, 'content_access_rid', 1, 0, 0),
(5, 2, 'content_access_rid', 1, 0, 0),
(6, 2, 'content_access_rid', 1, 0, 0),
(7, 2, 'content_access_rid', 1, 0, 0),
(8, 2, 'content_access_rid', 1, 0, 0),
(9, 2, 'content_access_rid', 1, 0, 0),
(10, 2, 'content_access_rid', 1, 0, 0),
(11, 2, 'content_access_rid', 1, 0, 0),
(12, 2, 'content_access_rid', 1, 0, 0),
(13, 2, 'content_access_rid', 1, 0, 0),
(14, 2, 'content_access_rid', 1, 0, 0),
(15, 0, 'all', 1, 0, 0),
(17, 0, 'all', 1, 0, 0),
(18, 0, 'all', 1, 0, 0),
(20, 0, 'all', 1, 0, 0),
(21, 0, 'all', 1, 0, 0),
(22, 0, 'all', 1, 0, 0),
(23, 0, 'all', 1, 0, 0);

-- --------------------------------------------------------

--
-- Table structure for table `node_comment_statistics`
--

CREATE TABLE IF NOT EXISTS `node_comment_statistics` (
  `nid` int(10) unsigned NOT NULL DEFAULT '0',
  `last_comment_timestamp` int(11) NOT NULL DEFAULT '0',
  `last_comment_name` varchar(60) DEFAULT NULL,
  `last_comment_uid` int(11) NOT NULL DEFAULT '0',
  `comment_count` int(10) unsigned NOT NULL DEFAULT '0',
  PRIMARY KEY (`nid`),
  KEY `node_comment_timestamp` (`last_comment_timestamp`),
  KEY `comment_count` (`comment_count`),
  KEY `last_comment_uid` (`last_comment_uid`)
) ENGINE=MyISAM DEFAULT CHARSET=utf8;

--
-- Dumping data for table `node_comment_statistics`
--

INSERT INTO `node_comment_statistics` (`nid`, `last_comment_timestamp`, `last_comment_name`, `last_comment_uid`, `comment_count`) VALUES
(14, 1340106356, NULL, 1, 0),
(2, 1339680736, NULL, 1, 0),
(3, 1340016692, NULL, 1, 0),
(4, 1340031450, NULL, 1, 0),
(5, 1340031867, NULL, 1, 0),
(6, 1340033503, NULL, 1, 0),
(7, 1340033896, NULL, 1, 0),
(8, 1340033989, NULL, 1, 0),
(9, 1340034190, NULL, 1, 0),
(10, 1340034424, NULL, 1, 0),
(11, 1340034858, NULL, 1, 0),
(12, 1340035044, NULL, 1, 0),
(13, 1340035271, NULL, 1, 0),
(15, 1342074204, NULL, 1, 0),
(17, 1343800889, NULL, 1, 0),
(18, 1343800944, NULL, 1, 0),
(20, 1343801284, NULL, 1, 0),
(21, 1344250663, NULL, 1, 0),
(22, 1345203928, NULL, 1, 0),
(23, 1345204189, NULL, 1, 0);

-- --------------------------------------------------------

--
-- Table structure for table `node_counter`
--

CREATE TABLE IF NOT EXISTS `node_counter` (
  `nid` int(11) NOT NULL DEFAULT '0',
  `totalcount` bigint(20) unsigned NOT NULL DEFAULT '0',
  `daycount` mediumint(8) unsigned NOT NULL DEFAULT '0',
  `timestamp` int(10) unsigned NOT NULL DEFAULT '0',
  PRIMARY KEY (`nid`)
) ENGINE=MyISAM DEFAULT CHARSET=utf8;

--
-- Dumping data for table `node_counter`
--


-- --------------------------------------------------------

--
-- Table structure for table `node_revisions`
--

CREATE TABLE IF NOT EXISTS `node_revisions` (
  `nid` int(10) unsigned NOT NULL DEFAULT '0',
  `vid` int(10) unsigned NOT NULL AUTO_INCREMENT,
  `uid` int(11) NOT NULL DEFAULT '0',
  `title` varchar(255) NOT NULL DEFAULT '',
  `body` longtext NOT NULL,
  `teaser` longtext NOT NULL,
  `log` longtext NOT NULL,
  `timestamp` int(11) NOT NULL DEFAULT '0',
  `format` int(11) NOT NULL DEFAULT '0',
  PRIMARY KEY (`vid`),
  KEY `nid` (`nid`),
  KEY `uid` (`uid`)
) ENGINE=MyISAM  DEFAULT CHARSET=utf8 AUTO_INCREMENT=24 ;

--
-- Dumping data for table `node_revisions`
--

INSERT INTO `node_revisions` (`nid`, `vid`, `uid`, `title`, `body`, `teaser`, `log`, `timestamp`, `format`) VALUES
(14, 14, 1, 'Contact Info', '', '', '', 1343803565, 1),
(2, 2, 1, 'Personal Data', '', '', '', 1343798403, 1),
(3, 3, 1, 'Financial', '', '', '', 1343798427, 1),
(4, 4, 1, 'Employment Info', '', '', '', 1343798988, 1),
(5, 5, 1, 'Medical History', '', '', '', 1343799203, 1),
(6, 6, 1, 'Expenses', '', '', '', 1343799236, 1),
(7, 7, 1, 'Maintenance & Recalls', '', '', '', 1343799337, 1),
(8, 8, 1, 'Government ID', '', '', '', 1343799342, 1),
(9, 9, 1, 'Insurance and Car Registration', '', '', '', 1343799409, 1),
(10, 10, 1, 'Favorites', '', '', '', 1343799443, 1),
(11, 11, 1, 'Products & Warranties', '', '', '', 1343799444, 1),
(12, 12, 1, 'Home Registry', '', '', '', 1343799481, 1),
(13, 13, 1, 'Web Sites', '', '', '', 1343799485, 1),
(17, 17, 1, 'Contact Us', 'Register My Info\r\n7702 East Doubletree Ranch, Suite 300\r\nScottsdale, Arizona 85258\r\nEmail Address:\r\ninfo@registermyinfo.com\r\nTelephone number:\r\n480-348-3974', 'Register My Info\r\n7702 East Doubletree Ranch, Suite 300\r\nScottsdale, Arizona 85258\r\nEmail Address:\r\ninfo@registermyinfo.com\r\nTelephone number:\r\n480-348-3974', '', 1345204502, 1),
(15, 15, 1, 'Home', '<strong>Our Mission Statement:</strong>\r\n<br/>\r\nRegister My Info is built on the idea that individuals require an easier mechanism of communication and distribution of their personal information amongst friends, family, businesses and others than what currently exists.  Register My Info makes sure that our clients have what they need to run their lives as well as possible with maximum efficiency and reliability.  Mobile device users want everything at their fingertips and there are an increasing number of users that want or need to share certain aspects of their information.  Therefore, Register My Info will allow users the ability to no longer carry a wallet or purse as they will have all their information such as demographic, personal, financial, health, insurance and government ID information right at their fingertips with all information stored within their mobile device through the Register My Info App.  The web and app services allow users to confidently share and unshare any aspect of their information. Register My Infos reliability is critical to our success and the success of our clients, so we give our users the assurance that their personal information and we will always be there when they need it.  Our slogan is One app. One website. One Person, as we truly believe that Register My Info allows every person to have everything they need.\r\n', '<strong>Our Mission Statement:</strong>\r\n<br/>\r', '', 1345203483, 1),
(18, 18, 1, 'How Its Works', 'Users will be able to create and curate their own personal content and share and unshare their most relevant, most widely and most popular used information.  RMI is not a personal aggregator as it does not search the Internet for individual information to store like a computer or software program would search for data information.  Rather, RMI represents the most important content curation product, YOU, the individual.    RMI allows the individual user to use a closed system that allows the user to organize, maintain, manually update, and share what is most important in their daily lives.  Basically, RMI represents an updated way for individual content curation.\r\n\r\nSo how does RMI work?  Register my info (RMI) is a new web-based and mobile device application service that will help solve several needs in the fast-emerging market for data storage, content curation, and sharing.  The Company is developing a file-sharing platform and mobile app for the storage and dissemination of personal and business information.    As our parent companys name, Infinitude Inc., represents, RMI offers a platform that allows an infinite amount of content to be stored, curated and shared.  Users may enter all personal information concerning demographics, financial, employment, health, insurance, credit card information, personal identification information, social networking sites, purchased products/warranty information, likes/dislikes, recommendations/nonrecommendations, and whatever else our users can think of sharing.  Whew, like we said an infinite amount of information.\r\n\r\nHow about some examples?  Say you walk into a new doctor or dentists office and you check in and they ask for your information as well as a ton of forms to fill out. Well, we have all been there and we know how cumbersome that can be.  Here is how RMI works for this situation <strong>(will film video to insert here).</strong>   With RMI, you have prefilled in all of your information and now with a click of a button of scan of your mobile device you get to choose what information you want to share with the doctor or dentist.  Great thing also is that you can unshare the information at anytime in the future.  \r\n\r\nOr say you want to share your latest social networking schemes from Facebook, Twitter, Pinterest or others but you dont want to visit each website to choose what to share and with whom to share?   Too much time wasted doing it this way, right? RMI allows you to curate content from any site and then share with your selected friends, colleagues and/or businesses that you have selected through RMI instead of having to visit each single site and sharing through each site individually.  <strong>(video)</strong>\r\n\r\nOk another example for you.   Say you are looking for a car insurance company.  Sure there are a ton of ways you can search the Internet to find this information, but what better way than to tap into your shared RMI network of friends and colleagues to ask for a recommendation for a car insurance company.  You get the best recommendation based on your RMI networks recommendation.  In addition, your friend or colleague can share their insurance company information directly with you as they have all this information stored already.\r\n\r\nHow about purchasing products online or in a store?  RMI can help there as well.  Say you just bought a new laptop.  RMI will help you store the information on item bought purchase date, warranty information and also allow you to share this information with another individual or business.  By storing all your product information in one place, RMI will allow you to share any or all of your product information at anytime and for any reason.  Say that laptop was stolen?  Sure you can have tracking systems nowadays, but what if you could quickly pull up your serial number for law enforcement and share your information with them at time zeroyou bet you increase your chances of obtaining your items.  Also through RMIs app, you can share any stolen information stored right in your mobile device with not only law enforcement but with your insurance company, so they can start your claim at time zero.\r\n\r\nJust one of the other things RMI hopes to develop is a fully, digital, government approved identification card such as a drivers license.  Our goal at RMI is to create a personal curation that allows all users to have all their information directly in their hands via their mobile device.   Ultimately, we believe we will create the full capacity to allow users to no longer have the need to carry a wallet.   We believe safe and secure sharing is important and that is why RMI has invested in the best of the best in levels of security including adhering to all HIPPA and PCI DSS requirements.  We want our users to register and share safely, efficiently and appropriately.\r\n\r\nIn summary, RMI hopes to offer our users the ability to have everything in their mobile device for review and sharing.  The curation options are limitless or like we enjoy saying, a sharing platform used to the <em>actual infinitude of todays sharing world. </em>', 'Users will be able to create and curate their own personal content and share and unshare their most relevant, most widely and most popular used information.  RMI is not a personal aggregator as it does not search the Internet for individual information to store like a computer or software program would search for data information.  Rather, RMI represents the most important content curation product, YOU, the individual.    RMI allows the individual user to use a closed system that allows the user to organize, maintain, manually update, and share what is most important in their daily lives.', '', 1345203359, 1),
(21, 21, 1, 'Welcome to Register My Info', 'Welcome to Register My Info. Our company looks forward to serving you.  As our slogan states, we are One app.  One website. One Person.\r\n<br>\r\n<a href=''/rmi_test/user/account'' class=''get_started''>Get Started</a>', 'Welcome to Register My Info. Our company looks forward to serving you.  As our slogan states, we are One app.  One website. One Person.\r\n<br>\r\n<a href=''/rmi_test/user/account'' class=''get_started''>Get Started</a>', '', 1345727171, 1),
(20, 20, 1, 'About Us', 'Dr. Gil Ortega started register My Info (RMI) after years of frustration in not being able to carry and share data efficiently in both personal and business methods.  \r\nDr. Ortega engaged in many discussions with companies trying to help facilitate improved methods in communicating and sharing information in healthcare, financial and business markets.  However, after years of trial and tribulations while working with different companies, Dr. Ortega found that his message was always lost in translation by large companies.  The message was to provide the user with what they need right in their fingertips on their mobile devices.  It seemed too complicated for individual companies to realize that personal and business sharing of information was not being done effectively.   As was the case before RMI, users had to have several different websites and mobile applications to store and share personal and business information.  Furthermore, most of these methods of sharing were not compatible.   Finally, after years of searching for an answer to solve the problem with inefficiencies with personal and business data sharing, Dr. Ortega decided to build his own company to help fulfill the needs of every mobile device user with the bottom line desire to provide each user with everything they need right at their fingertips. ', 'Dr. Gil Ortega started register My Info (RMI) after years of frustration in not being able to carry and share data efficiently in both personal and business methods.  \r', '', 1345203634, 1),
(22, 22, 1, 'Terms', 'RMIs statement of rights and responsibilities governs the relationship between users and others that use RMI.  By engaging the uses of RMI, users agree to the following statements.', 'RMIs statement of rights and responsibilities governs the relationship between users and others that use RMI.  By engaging the uses of RMI, users agree to the following statements.', '', 1345203928, 1),
(23, 23, 1, 'Privacy Policy', 'Protecting your private information is our priority. This Statement of Privacy applies to the www.registermyinfo.com and Register My Info and governs data collection and usage. For the purposes of this Privacy Policy, unless otherwise noted, all references to Register My Info include www.registermyinfo.com and RMI. The RMI website is an information sharing site. By using the\r\nRMI website, you consent to the data practices described in this statement.\r\n\r\n<strong>TRUSTe Privacy Program</strong>\r\n\r\nRMI is a licensee of the TRUSTe Privacy Program. TRUSTe is an independent organization whose mission is to build users'' trust and confidence in the Internet by promoting the use of fair information practices. Because we want to demonstrate our commitment to your privacy, we have\r\nagreed to disclose our information practices and have our privacy practices reviewed for compliance by TRUSTe.\r\n\r\nIf you have questions or concerns regarding this policy, you should first contact us at info@registermyinfo.com. \r\n\r\n<strong>Collection of your Personal Information</strong>\r\n\r\nRMI may collect personally identifiable information, such as your name. If you purchase RMI''s products and services, we collect billing and credit card information. This information is used to complete the purchase transaction. RMI may also collect anonymous demographic information, which is not unique to you, such as your age, gender and household income. We may gather\r\nadditional personal or non-personal information in the future.\r\nInformation about your computer hardware and software may be automatically collected by RMI. This information can include: your IP address, browser type, domain names, access times and referring website addresses. This information is used for the operation of the service, to maintain quality of the service, and to provide general statistics regarding use of the RMI website.\r\nPlease keep in mind that if you directly disclose personally identifiable information or personally sensitive data through RMI''s public message boards, this information may be collected and used by others.\r\n\r\nRMI encourages you to review the privacy statements of websites you choose to link to from RMI so that you can understand how those websites collect, use and share your information. RMI is not responsible for the privacy statements or other content on websites outside of the RMI website.\r\n\r\n<strong>Use of your Personal Information</strong>\r\n\r\nRMI collects and uses your personal information to operate its website(s) and deliver the services you have requested.\r\n\r\nRMI may also use your personally identifiable information to inform you of other products or services available from RMI and its affiliates. RMI may also contact you via surveys to conduct research about your opinion of current services or of potential new services that may be offered. RMI does not sell, rent or lease its customer lists to third parties. RMI may, from time to time, contact you on behalf of external business partners about a particular offering that may be of interest to you. In those cases, your unique personally identifiable information (e-mail, name, address, telephone number) is not transferred to the third party. RMI may share data with trusted partners to help perform statistical analysis, send you email or postal mail, provide customer support, or arrange for deliveries. All such third parties are prohibited from using your personal information except to provide these services to RMI, and they are required to maintain the confidentiality of your information.\r\n\r\nRMI will disclose your personal information, without notice, only if required to do so by law or in the good faith belief that such action is necessary to: (a) conform to the edicts of the law or comply with legal process served on RMI or the site; (b) protect and defend the rights or property of RMI; and, (c) act under exigent circumstances to protect the personal safety of users of RMI, or\r\nthe public.\r\n\r\n<strong>Use of Cookies</strong>\r\n\r\nThe RMI website may use "cookies" to help you personalize your online experience. A cookie is a text file that is placed on your hard disk by a web page server. Cookies cannot be used to run programs or deliver viruses to your computer. Cookies are uniquely assigned to you, and can only\r\nbe read by a web server in the domain that issued the cookie to you.\r\nOne of the primary purposes of cookies is to provide a convenience feature to save you time. The purpose of a cookie is to tell the Web server that you have returned to a specific page. For example, if you personalize RMI pages, or register with RMI site or services, a cookie helps RMI to recall your specific information on subsequent visits. This simplifies the process of recording\r\nyour personal information, such as billing addresses, shipping addresses, and so on. When you return to the same RMI website, the information you previously provided can be retrieved, so you can easily use the RMI features that you customized. You have the ability to accept or decline cookies. Most Web browsers automatically accept cookies, but you can usually modify your browser setting to decline cookies if you prefer. If you choose to decline cookies, you may not be able to fully experience the interactive features of the\r\nRMI services or websites you visit.\r\n\r\n<strong>Security of your Personal Information</strong>\r\n\r\nVerisign When personal information (such as a credit card number) is transmitted to other websites, it is protected through the use of encryption, such as the Secure Sockets Layer (SSL) protocol. Verisign is an independent, third-party company engaged in the development of digital trust.\r\nVerisign provides authentication of Internet services, digital identity and intellectual property. By clicking on the Verisign logo, the Verisign website will serve up a web page that confirms that RMI is "Verisign Authenticated."\r\n\r\n<strong>Children Under Thirteen</strong>\r\n\r\nRMI does not knowingly collect personally identifiable information from children under the age of thirteen. If you are under the age of thirteen, you must ask your parent or guardian for permission to use this website.\r\n\r\n<strong>Opt-Out & Unsubscribe</strong>\r\n\r\nWe respect your privacy and give you an opportunity to opt-out of receiving announcements of certain information. Users may opt-out of receiving any or all communications from RMI by contacting us here:\r\n\r\nEmail: <a href=''mailto:info@registermyinfo.com'' >info@registermyinfo.com</a>\r\n\r\n<strong>Changes to this Statement</strong>\r\n\r\nRMI will occasionally update this Statement of Privacy to reflect company and customer feedback. RMI encourages you to periodically review this Statement to be informed of how RMI is protecting your information.\r\n\r\n<strong>Termination</strong>\r\n\r\nIf a user violates the voice of the applied Statement or otherwise increases risk of possible legal violations to RMI, RMI can stop allowing access to RMI functions and content.  A user in violation of the voice of the applied Statement will be notified via email and/or at next time of use of RMI by user.  As stated above, a user may also delete his/her account or application at anytime.\r\n\r\n<strong>Contact Information</strong>\r\n\r\nRMI welcomes your questions or comments regarding this Statement of Privacy. \r\n\r\nIf you believe that RMI has not adhered to this Statement, please contact RMI at:\r\n\r\nRegister My Info\r\n7702 East Doubletree Ranch, Suite 300\r\nScottsdale, Arizona 85258\r\nEmail Address:\r\ninfo@registermyinfo.com\r\nTelephone number:\r\n480-348-3974\r\nEffective as of July 07, 2012\r\n', 'Protecting your private information is our priority. This Statement of Privacy applies to the www.registermyinfo.com and Register My Info and governs data collection and usage. For the purposes of this Privacy Policy, unless otherwise noted, all references to Register My Info include www.registermyinfo.com and RMI. The RMI website is an information sharing site. By using the\r\nRMI website, you consent to the data practices described in this statement.\r\n\r\n<strong>TRUSTe Privacy Program</strong>\r\n\r', '', 1345204418, 1);

-- --------------------------------------------------------

--
-- Table structure for table `node_type`
--

CREATE TABLE IF NOT EXISTS `node_type` (
  `type` varchar(32) NOT NULL,
  `name` varchar(255) NOT NULL DEFAULT '',
  `module` varchar(255) NOT NULL,
  `description` mediumtext NOT NULL,
  `help` mediumtext NOT NULL,
  `has_title` tinyint(3) unsigned NOT NULL,
  `title_label` varchar(255) NOT NULL DEFAULT '',
  `has_body` tinyint(3) unsigned NOT NULL,
  `body_label` varchar(255) NOT NULL DEFAULT '',
  `min_word_count` smallint(5) unsigned NOT NULL,
  `custom` tinyint(4) NOT NULL DEFAULT '0',
  `modified` tinyint(4) NOT NULL DEFAULT '0',
  `locked` tinyint(4) NOT NULL DEFAULT '0',
  `orig_type` varchar(255) NOT NULL DEFAULT '',
  PRIMARY KEY (`type`)
) ENGINE=MyISAM DEFAULT CHARSET=utf8;

--
-- Dumping data for table `node_type`
--

INSERT INTO `node_type` (`type`, `name`, `module`, `description`, `help`, `has_title`, `title_label`, `has_body`, `body_label`, `min_word_count`, `custom`, `modified`, `locked`, `orig_type`) VALUES
('page', 'Page', 'node', 'A <em>page</em>, similar in form to a <em>story</em>, is a simple method for creating and displaying information that rarely changes, such as an "About us" section of a website. By default, a <em>page</em> entry does not allow visitor comments and is not featured on the site''s initial home page.', '', 1, 'Title', 1, 'Body', 0, 1, 1, 0, 'page'),
('story', 'Story', 'node', 'A <em>story</em>, similar in form to a <em>page</em>, is ideal for creating and displaying content that informs or engages website visitors. Press releases, site announcements, and informal blog-like entries may all be created with a <em>story</em> entry. By default, a <em>story</em> entry is automatically featured on the site''s initial home page, and provides the ability to post comments.', '', 1, 'Title', 1, 'Body', 0, 1, 1, 0, 'story'),
('webform', 'Webform', 'node', 'Create a new form or questionnaire accessible to users. Submission results and statistics are recorded and accessible to privileged users.', '', 1, 'Title', 1, 'Body', 0, 1, 1, 0, 'webform');

-- --------------------------------------------------------

--
-- Table structure for table `permission`
--

CREATE TABLE IF NOT EXISTS `permission` (
  `pid` int(11) NOT NULL AUTO_INCREMENT,
  `rid` int(10) unsigned NOT NULL DEFAULT '0',
  `perm` longtext,
  `tid` int(10) unsigned NOT NULL DEFAULT '0',
  PRIMARY KEY (`pid`),
  KEY `rid` (`rid`)
) ENGINE=MyISAM  DEFAULT CHARSET=utf8 AUTO_INCREMENT=19 ;

--
-- Dumping data for table `permission`
--

INSERT INTO `permission` (`pid`, `rid`, `perm`, `tid`) VALUES
(17, 1, 'access datagroup uploaded files, access content', 0),
(18, 2, 'access comments, post comments, post comments without approval, access user contacts, access datagroup uploaded files, access datagroup services, access content, create webform content, delete own webform content, edit own webform content, access all webform results, access own webform results, access own webform submissions, delete all webform submissions, delete own webform submissions, edit all webform submissions, edit own webform submissions', 0);

-- --------------------------------------------------------

--
-- Table structure for table `popdata`
--

CREATE TABLE IF NOT EXISTS `popdata` (
  `id` int(10) unsigned NOT NULL AUTO_INCREMENT,
  `datagroup_id` int(11) NOT NULL DEFAULT '0',
  `sid` int(11) NOT NULL DEFAULT '0',
  `uid` int(11) NOT NULL DEFAULT '0',
  `mail` varchar(255) NOT NULL DEFAULT '',
  `created` varchar(255) NOT NULL DEFAULT '',
  PRIMARY KEY (`id`)
) ENGINE=MyISAM  DEFAULT CHARSET=utf8 AUTO_INCREMENT=5 ;

--
-- Dumping data for table `popdata`
--

INSERT INTO `popdata` (`id`, `datagroup_id`, `sid`, `uid`, `mail`, `created`) VALUES
(1, 1, 87, 86, 'edwardtester99@gmail.com', '1344256905'),
(2, 2, 88, 87, 'emilybronte248@gmail.com', '1344256905'),
(3, 3, 89, 88, 'richardtester29@gmail.com', '1344256905'),
(4, 4, 90, 98, 'dsareen@tekyz.com', '1344256905');

-- --------------------------------------------------------

--
-- Table structure for table `profile_fields`
--

CREATE TABLE IF NOT EXISTS `profile_fields` (
  `fid` int(11) NOT NULL AUTO_INCREMENT,
  `title` varchar(255) DEFAULT NULL,
  `name` varchar(128) NOT NULL DEFAULT '',
  `explanation` text,
  `category` varchar(255) DEFAULT NULL,
  `page` varchar(255) DEFAULT NULL,
  `type` varchar(128) DEFAULT NULL,
  `weight` tinyint(4) NOT NULL DEFAULT '0',
  `required` tinyint(4) NOT NULL DEFAULT '0',
  `register` tinyint(4) NOT NULL DEFAULT '0',
  `visibility` tinyint(4) NOT NULL DEFAULT '0',
  `autocomplete` tinyint(4) NOT NULL DEFAULT '0',
  `options` text,
  PRIMARY KEY (`fid`),
  UNIQUE KEY `name` (`name`),
  KEY `category` (`category`)
) ENGINE=MyISAM  DEFAULT CHARSET=utf8 AUTO_INCREMENT=3 ;

--
-- Dumping data for table `profile_fields`
--

INSERT INTO `profile_fields` (`fid`, `title`, `name`, `explanation`, `category`, `page`, `type`, `weight`, `required`, `register`, `visibility`, `autocomplete`, `options`) VALUES
(1, 'First Name', 'profile_first_name', '', 'Personal information', '', 'textfield', 0, 1, 1, 3, 0, ''),
(2, 'Last Name', 'profile_last_name', '', 'Personal information', '', 'textfield', 0, 1, 1, 3, 0, '');

-- --------------------------------------------------------

--
-- Table structure for table `profile_values`
--

CREATE TABLE IF NOT EXISTS `profile_values` (
  `fid` int(10) unsigned NOT NULL DEFAULT '0',
  `uid` int(10) unsigned NOT NULL DEFAULT '0',
  `value` text,
  PRIMARY KEY (`uid`,`fid`),
  KEY `fid` (`fid`)
) ENGINE=MyISAM DEFAULT CHARSET=utf8;

--
-- Dumping data for table `profile_values`
--

INSERT INTO `profile_values` (`fid`, `uid`, `value`) VALUES
(2, 85, 'naseer'),
(1, 85, 'zuhaib'),
(1, 1, 'admin'),
(2, 1, 'admin'),
(2, 100, '1'),
(1, 100, '2'),
(1, 101, 'a'),
(2, 101, 'b'),
(1, 102, 's'),
(2, 102, 's'),
(1, 103, 'a'),
(2, 103, 'a'),
(1, 104, 'x'),
(2, 104, 'y'),
(1, 105, 'test1'),
(2, 105, 'test2'),
(1, 106, 'y'),
(2, 106, 'h'),
(1, 107, 'f'),
(2, 107, 'h'),
(1, 108, 'd'),
(2, 108, 'f'),
(1, 109, 'r'),
(2, 109, 'f'),
(1, 110, 'f'),
(2, 110, 'g'),
(1, 111, 't'),
(2, 111, 'y'),
(1, 112, 'Frederick '),
(2, 112, 'Orville'),
(1, 113, 'George'),
(2, 113, 'Nelson'),
(1, 114, 'rg'),
(2, 114, 'fg'),
(1, 115, 'a'),
(2, 115, 'a'),
(1, 116, 'richard'),
(2, 116, 'test'),
(1, 117, 'edward'),
(2, 117, 'test'),
(1, 118, 'emily'),
(2, 118, 'test'),
(1, 119, 'new'),
(2, 119, 'text'),
(1, 120, 'c'),
(2, 120, 'new'),
(1, 121, 'asndjajdjai239847123987498274(*&(*&#($*&@(*$&)(@#8098904:":":L"L:"L:";'''';;ll;;l''l''l6uu65&^%$^#%$@$#!@$#@!#!@#!@#%^&%*&^&(*^*(&(#!#~#!#@!$#@#%&^(*'),
(2, 121, ''''),
(1, 122, 'ad'),
(2, 122, 'asda'),
(1, 123, 'sf'),
(2, 123, 'sdf'),
(2, 125, 'test123'),
(1, 125, 'test123'),
(1, 126, 'ASD'),
(2, 126, 'ASD'),
(1, 127, 'ammarammar'),
(2, 127, 'asim'),
(1, 128, 'ali'),
(2, 128, 'akram'),
(1, 130, 'Test'),
(2, 130, 'User'),
(1, 131, 'a'),
(2, 131, 'n'),
(1, 132, 'zeeshan'),
(2, 132, 'rao'),
(1, 133, 'muhammad'),
(2, 133, 'adnan');

-- --------------------------------------------------------

--
-- Table structure for table `role`
--

CREATE TABLE IF NOT EXISTS `role` (
  `rid` int(10) unsigned NOT NULL AUTO_INCREMENT,
  `name` varchar(64) NOT NULL DEFAULT '',
  PRIMARY KEY (`rid`),
  UNIQUE KEY `name` (`name`)
) ENGINE=MyISAM  DEFAULT CHARSET=utf8 AUTO_INCREMENT=3 ;

--
-- Dumping data for table `role`
--

INSERT INTO `role` (`rid`, `name`) VALUES
(1, 'anonymous user'),
(2, 'authenticated user');

-- --------------------------------------------------------

--
-- Table structure for table `search_dataset`
--

CREATE TABLE IF NOT EXISTS `search_dataset` (
  `sid` int(10) unsigned NOT NULL DEFAULT '0',
  `type` varchar(16) DEFAULT NULL,
  `data` longtext NOT NULL,
  `reindex` int(10) unsigned NOT NULL DEFAULT '0',
  UNIQUE KEY `sid_type` (`sid`,`type`)
) ENGINE=MyISAM DEFAULT CHARSET=utf8;

--
-- Dumping data for table `search_dataset`
--

INSERT INTO `search_dataset` (`sid`, `type`, `data`, `reindex`) VALUES
(2, 'node', ' personal data dob month jan feb mar apr may jun jul aug sep oct nov dec day 1 2 3 4 5 6 7 8 9 10 11 12 13 14 15 16 17 18 19 20 21 22 23 24 25 26 27 28 29 30 31 year 1970 1971 1972 1973 1974 1975 1976 1977 1978 1979 1980 1981 1982 1983 1984 1985 1986 1987 1988 1989 1990 1991 1992 1993 1994 1995 1996 1997 1998 1999 2000 2001 2002 2003 2004 2005 2006 2007 2008 2009 2010 2011  ', 0),
(3, 'node', ' financial bank account info account type none checking savings retirement other account credit debit cards info account type none mastercard visa american express discover account expiration code month jan feb mar apr may jun jul aug sep oct nov dec day 1 2 3 4 5 6 7 8 9 10 11 12 13 14 15 16 17 18 19 20 21 22 23 24 25 26 27 28 29 30 31 year 1970 1971 1972 1973 1974 1975 1976 1977 1978 1979 1980 1981 1982 1983 1984 1985 1986 1987 1988 1989 1990 1991 1992 1993 1994 1995 1996 1997 1998 1999 2000 2001 2002 2003 2004 2005 2006 2007 2008 2009 2010 2011 2012 2013 2014 2015 2016 2017 2018 2019 2020 2021 2022 2023 2024 2025 2026 2027 2028 2029 2030 pin number credit score info date month jan feb mar apr may jun jul aug sep oct nov dec day 1 2 3 4 5 6 7 8 9 10 11 12 13 14 15 16 17 18 19 20 21 22 23 24 25 26 27 28 29 30 31 year 1970 1971 1972 1973 1974 1975 1976 1977 1978 1979 1980 1981 1982 1983 1984 1985 1986 1987 1988 1989 1990 1991 1992 1993 1994 1995 1996 1997 1998 1999 2000 2001 2002 2003 2004 2005 2006 2007 2008 2009 2010 2011 2012 2013 2014 2015 2016 2017 2018 2019 2020 2021 2022 2023 2024 2025 2026 2027 2028 2029 2030 value loans info loan type none home auto boat other date month jan feb mar apr may jun jul aug sep oct nov dec day 1 2 3 4 5 6 7 8 9 10 11 12 13 14 15 16 17 18 19 20 21 22 23 24 25 26 27 28 29 30 31 year 1970 1971 1972 1973 1974 1975 1976 1977 1978 1979 1980 1981 1982 1983 1984 1985 1986 1987 1988 1989 1990 1991 1992 1993 1994 1995 1996 1997 1998 1999 2000 2001 2002 2003 2004 2005 2006 2007 2008 2009 2010 2011 2012 2013 2014 2015 2016 2017 2018 2019 2020 2021 2022 2023 2024 2025 2026 2027 2028 2029 2030 loan amount  ', 0),
(4, 'node', ' employment info employer start date month jan feb mar apr may jun jul aug sep oct nov dec day 1 2 3 4 5 6 7 8 9 10 11 12 13 14 15 16 17 18 19 20 21 22 23 24 25 26 27 28 29 30 31 year 1940 1941 1942 1943 1944 1945 1946 1947 1948 1949 1950 1951 1952 1953 1954 1955 1956 1957 1958 1959 1960 1961 1962 1963 1964 1965 1966 1967 1968 1969 1970 1971 1972 1973 1974 1975 1976 1977 1978 1979 1980 1981 1982 1983 1984 1985 1986 1987 1988 1989 1990 1991 1992 1993 1994 1995 1996 1997 1998 1999 2000 2001 2002 2003 2004 2005 2006 2007 2008 2009 2010 2011 2012 end date month jan feb mar apr may jun jul aug sep oct nov dec day 1 2 3 4 5 6 7 8 9 10 11 12 13 14 15 16 17 18 19 20 21 22 23 24 25 26 27 28 29 30 31 year 1940 1941 1942 1943 1944 1945 1946 1947 1948 1949 1950 1951 1952 1953 1954 1955 1956 1957 1958 1959 1960 1961 1962 1963 1964 1965 1966 1967 1968 1969 1970 1971 1972 1973 1974 1975 1976 1977 1978 1979 1980 1981 1982 1983 1984 1985 1986 1987 1988 1989 1990 1991 1992 1993 1994 1995 1996 1997 1998 1999 2000 2001 2002 2003 2004 2005 2006 2007 2008 2009 2010 2011 2012 employer contact information annual salary and wages cv allowed file formats are doc docx pdf max size is 2mb letters of recommendation info date month jan feb mar apr may jun jul aug sep oct nov dec day 1 2 3 4 5 6 7 8 9 10 11 12 13 14 15 16 17 18 19 20 21 22 23 24 25 26 27 28 29 30 31 year 1940 1941 1942 1943 1944 1945 1946 1947 1948 1949 1950 1951 1952 1953 1954 1955 1956 1957 1958 1959 1960 1961 1962 1963 1964 1965 1966 1967 1968 1969 1970 1971 1972 1973 1974 1975 1976 1977 1978 1979 1980 1981 1982 1983 1984 1985 1986 1987 1988 1989 1990 1991 1992 1993 1994 1995 1996 1997 1998 1999 2000 2001 2002 2003 2004 2005 2006 2007 2008 2009 2010 2011 2012 2013 2014 2015 2016 2017 2018 2019 2020 person letter allowed file formats are doc docx pdf max size is 2mb  ', 0),
(5, 'node', ' medical history allergies medications family history smoker no smoker smoker no smoker alcohol none never occasionally daily surgeries info date month jan feb mar apr may jun jul aug sep oct nov dec day 1 2 3 4 5 6 7 8 9 10 11 12 13 14 15 16 17 18 19 20 21 22 23 24 25 26 27 28 29 30 31 year 1970 1971 1972 1973 1974 1975 1976 1977 1978 1979 1980 1981 1982 1983 1984 1985 1986 1987 1988 1989 1990 1991 1992 1993 1994 1995 1996 1997 1998 1999 2000 2001 2002 2003 2004 2005 2006 2007 2008 2009 2010 2011 2012 reason implants info date month jan feb mar apr may jun jul aug sep oct nov dec day 1 2 3 4 5 6 7 8 9 10 11 12 13 14 15 16 17 18 19 20 21 22 23 24 25 26 27 28 29 30 31 year 1970 1971 1972 1973 1974 1975 1976 1977 1978 1979 1980 1981 1982 1983 1984 1985 1986 1987 1988 1989 1990 1991 1992 1993 1994 1995 1996 1997 1998 1999 2000 2001 2002 2003 2004 2005 2006 2007 2008 2009 2010 2011 2012 2013 2014 2015 2016 2017 2018 2019 2020 type none joint replacement shoulder joint replacement elbow joint replacement hip joint replacement knee joint replacement ankle dental breast augmentation manufacturer  ', 0),
(6, 'node', ' expenses expense type select mortgage rent auto water cable phone internet groceries gas childcare other amount date due month jan feb mar apr may jun jul aug sep oct nov dec day 1 2 3 4 5 6 7 8 9 10 11 12 13 14 15 16 17 18 19 20 21 22 23 24 25 26 27 28 29 30 31 year 1970 1971 1972 1973 1974 1975 1976 1977 1978 1979 1980 1981 1982 1983 1984 1985 1986 1987 1988 1989 1990 1991 1992 1993 1994 1995 1996 1997 1998 1999 2000 2001 2002 2003 2004 2005 2006 2007 2008 2009 2010 2011 2012 2013 2014 2015 2016 2017 2018 2019 2020 2021 2022 2023 2024 2025 2026 2027 2028 2029 2030  ', 0),
(7, 'node', ' maintenance recalls type none auto service recall home date month jan feb mar apr may jun jul aug sep oct nov dec day 1 2 3 4 5 6 7 8 9 10 11 12 13 14 15 16 17 18 19 20 21 22 23 24 25 26 27 28 29 30 31 year 1970 1971 1972 1973 1974 1975 1976 1977 1978 1979 1980 1981 1982 1983 1984 1985 1986 1987 1988 1989 1990 1991 1992 1993 1994 1995 1996 1997 1998 1999 2000 2001 2002 2003 2004 2005 2006 2007 2008 2009 2010 2011 2012 2013 2014 2015 2016 2017 2018 2019 2020 2021 2022 2023 2024 2025 2026 2027 2028 2029 2030  ', 0),
(8, 'node', ' government id type none driver s license passport date issued month jan feb mar apr may jun jul aug sep oct nov dec day 1 2 3 4 5 6 7 8 9 10 11 12 13 14 15 16 17 18 19 20 21 22 23 24 25 26 27 28 29 30 31 year 1940 1941 1942 1943 1944 1945 1946 1947 1948 1949 1950 1951 1952 1953 1954 1955 1956 1957 1958 1959 1960 1961 1962 1963 1964 1965 1966 1967 1968 1969 1970 1971 1972 1973 1974 1975 1976 1977 1978 1979 1980 1981 1982 1983 1984 1985 1986 1987 1988 1989 1990 1991 1992 1993 1994 1995 1996 1997 1998 1999 2000 2001 2002 2003 2004 2005 2006 2007 2008 2009 2010 2011 2012 expiration date month jan feb mar apr may jun jul aug sep oct nov dec day 1 2 3 4 5 6 7 8 9 10 11 12 13 14 15 16 17 18 19 20 21 22 23 24 25 26 27 28 29 30 31 year 1940 1941 1942 1943 1944 1945 1946 1947 1948 1949 1950 1951 1952 1953 1954 1955 1956 1957 1958 1959 1960 1961 1962 1963 1964 1965 1966 1967 1968 1969 1970 1971 1972 1973 1974 1975 1976 1977 1978 1979 1980 1981 1982 1983 1984 1985 1986 1987 1988 1989 1990 1991 1992 1993 1994 1995 1996 1997 1998 1999 2000 2001 2002 2003 2004 2005 2006 2007 2008 2009 2010 2011 2012 2013 2014 2015 2016 2017 2018 2019 2020 2021 2022 2023 2024 2025 2026 2027 2028 2029 2030 photo allowed file formats are max size is 2mb gif jpg png bmp digital  ', 0),
(9, 'node', ' insurance and car registration type none automobile home business disability policy allowed file formats are  doc docx pdf jpg gif png txt html xls xlsx  max size is 2mb  notes  ', 0),
(10, 'node', ' favorites type none restaurant web other name telephone number for example 999 9999999  ', 0),
(11, 'node', ' products warranties product name date of purchase month jan feb mar apr may jun jul aug sep oct nov dec day 1 2 3 4 5 6 7 8 9 10 11 12 13 14 15 16 17 18 19 20 21 22 23 24 25 26 27 28 29 30 31 year 1970 1971 1972 1973 1974 1975 1976 1977 1978 1979 1980 1981 1982 1983 1984 1985 1986 1987 1988 1989 1990 1991 1992 1993 1994 1995 1996 1997 1998 1999 2000 2001 2002 2003 2004 2005 2006 2007 2008 2009 2010 2011 2012 warranty allowed file formats are max size is 2mb gif jpg png txt pdf doc docx ppt pptx xls xlsx rar tar zip manual link for example http wwwexamplecom   ', 0),
(12, 'node', ' home registry type none room furniture other photo allowed file formats are max size is 2mb gif jpg png bmp  ', 0),
(13, 'node', ' web sites type none facebook twitter linkedin pinterest web user id password  ', 0),
(14, 'node', ' contact info name address email address telephone info type none cell home office telephone number for example 999 9999999  ', 0),
(15, 'node', ' home our mission statement  register my info is built on the idea that individuals require an easier mechanism of communication and distribution of their personal information amongst friends family businesses and others than what currently exists register my info makes sure that our clients have what they need to run their lives as well as possible with maximum efficiency and reliability mobile device users want everything at their fingertips and there are an increasing number of users that want or need to share certain aspects of their information therefore register my info will allow users the ability to no longer carry a wallet or purse as they will have all their information such as demographic personal financial health insurance and government id information right at their fingertips with all information stored within their mobile device through the register my info app the web and app services allow users to confidently share and unshare any aspect of their information register my info s reliability is critical to our success and the success of our clients so we give our users the assurance that their personal information and we will always be there when they need it our slogan is one app one website one person as we truly believe that register my info allows every person to have everything they need  ', 0),
(17, 'node', ' contact us register my info 7702 east doubletree ranch suite 300 scottsdale arizona 85258 email address  info registermyinfocom telephone number 4803483974  ', 0),
(18, 'node', ' how its works users will be able to create and curate their own personal content and share and unshare their most relevant most widely and most popular used information rmi is not a personal aggregator as it does not search the internet for individual information to store like a computer or software program would search for data information rather rmi represents the most important content curation product you the individual rmi allows the individual user to use a closed system that allows the user to organize maintain manually update and share what is most important in their daily lives basically rmi represents an updated way for individual content curation so how does rmi work register my info rmi is a new webbased and mobile device application service that will help solve several needs in the fastemerging market for data storage content curation and sharing the company is developing a filesharing platform and mobile app for the storage and dissemination of personal and business information as our parent company s name infinitude inc represents rmi offers a platform that allows an infinite amount of content to be stored curated and shared users may enter all personal information concerning demographics financial employment health insurance credit card information personal identification information social networking sites purchased products warranty information likes dislikes recommendations nonrecommendations and whatever else our users can think of sharing whew like we said an infinite amount of information how about some examples say you walk into a new doctor or dentist s office and you check in and they ask for your information as well as a ton of forms to fill out well we have all been there and we know how cumbersome that can be here is how rmi works for this situation  will film video to insert here  with rmi you have prefilled in all of your information and now with a click of a button of scan of your mobile device you get to choose what information you want to share with the doctor or dentist great thing also is that you can unshare the information at anytime in the future or say you want to share your latest social networking schemes from facebook twitter pinterest or others but you don t want to visit each website to choose what to share and with whom to share too much time wasted doing it this way right rmi allows you to curate content from any site and then share with your selected friends colleagues and or businesses that you have selected through rmi instead of having to visit each single site and sharing through each site individually  video  ok another example for you say you are looking for a car insurance company sure there are a ton of ways you can search the internet to find this information but what better way than to tap into your shared rmi network of friends and colleagues to ask for a recommendation for a car insurance company you get the best recommendation based on your rmi network s recommendation in addition your friend or colleague can share their insurance company information directly with you as they have all this information stored already how about purchasing products online or in a store rmi can help there as well say you just bought a new laptop rmi will help you store the information on item bought purchase date warranty information and also allow you to share this information with another individual or business by storing all your product information in one place rmi will allow you to share any or all of your product information at anytime and for any reason say that laptop was stolen sure you can have tracking systems nowadays but what if you could quickly pull up your serial number for law enforcement and share your information with them at time zero you bet you increase your chances of obtaining your items also through rmi s app you can share any stolen information stored right in your mobile device with not only law enforcement but with your insurance company so they can start your claim at time zero just one of the other things rmi hopes to develop is a fully digital government approved identification card such as a driver s license our goal at rmi is to create a personal curation that allows all users to have all their information directly in their hands via their mobile device ultimately we believe we will create the full capacity to allow users to no longer have the need to carry a wallet we believe safe and secure sharing is important and that is why rmi has invested in the best of the best in levels of security including adhering to all hippa and pci dss requirements we want our users to register and share safely efficiently and appropriately in summary rmi hopes to offer our users the ability to have everything in their mobile device for review and sharing the curation options are limitless or like we enjoy saying a sharing platform used to the actual infinitude of today s sharing world ', 0),
(20, 'node', ' about us dr gil ortega started register my info rmi after years of frustration in not being able to carry and share data efficiently in both personal and business methods dr ortega engaged in many discussions with companies trying to help facilitate improved methods in communicating and sharing information in healthcare financial and business markets however after years of trial and tribulations while working with different companies dr ortega found that his message was always lost in translation by large companies the message was to provide the user with what they need right in their fingertips on their mobile devices it seemed too complicated for individual companies to realize that personal and business sharing of information was not being done effectively as was the case before rmi users had to have several different websites and mobile applications to store and share personal and business information furthermore most of these methods of sharing were not compatible finally after years of searching for an answer to solve the problem with inefficiencies with personal and business data sharing dr ortega decided to build his own company to help fulfill the needs of every mobile device user with the bottom line desire to provide each user with everything they need right at their fingertips  ', 0),
(21, 'node', ' welcome to register my info welcome to register my info our company looks forward to serving you as our slogan states we are one app one website one person  get started ', 0),
(22, 'node', ' terms rmi s statement of rights and responsibilities governs the relationship between users and others that use rmi by engaging the uses of rmi users agree to the following statements  ', 0),
(23, 'node', ' privacy policy protecting your private information is our priority this statement of privacy applies to the wwwregistermyinfocom and register my info and governs data collection and usage for the purposes of this privacy policy unless otherwise noted all references to register my info include wwwregistermyinfocom and rmi the rmi website is an information sharing site by using the rmi website you consent to the data practices described in this statement truste privacy program rmi is a licensee of the truste privacy program truste is an independent organization whose mission is to build users trust and confidence in the internet by promoting the use of fair information practices because we want to demonstrate our commitment to your privacy we have agreed to disclose our information practices and have our privacy practices reviewed for compliance by truste if you have questions or concerns regarding this policy you should first contact us at info registermyinfocom  collection of your personal information rmi may collect personally identifiable information such as your name if you purchase rmi s products and services we collect billing and credit card information this information is used to complete the purchase transaction rmi may also collect anonymous demographic information which is not unique to you such as your age gender and household income we may gather additional personal or nonpersonal information in the future information about your computer hardware and software may be automatically collected by rmi this information can include your ip address browser type domain names access times and referring website addresses this information is used for the operation of the service to maintain quality of the service and to provide general statistics regarding use of the rmi website please keep in mind that if you directly disclose personally identifiable information or personally sensitive data through rmi s public message boards this information may be collected and used by others rmi encourages you to review the privacy statements of websites you choose to link to from rmi so that you can understand how those websites collect use and share your information rmi is not responsible for the privacy statements or other content on websites outside of the rmi website use of your personal information rmi collects and uses your personal information to operate its website s and deliver the services you have requested rmi may also use your personally identifiable information to inform you of other products or services available from rmi and its affiliates rmi may also contact you via surveys to conduct research about your opinion of current services or of potential new services that may be offered rmi does not sell rent or lease its customer lists to third parties rmi may from time to time contact you on behalf of external business partners about a particular offering that may be of interest to you in those cases your unique personally identifiable information email name address telephone number is not transferred to the third party rmi may share data with trusted partners to help perform statistical analysis send you email or postal mail provide customer support or arrange for deliveries all such third parties are prohibited from using your personal information except to provide these services to rmi and they are required to maintain the confidentiality of your information rmi will disclose your personal information without notice only if required to do so by law or in the good faith belief that such action is necessary to a conform to the edicts of the law or comply with legal process served on rmi or the site b protect and defend the rights or property of rmi and c act under exigent circumstances to protect the personal safety of users of rmi or the public use of cookies the rmi website may use cookies to help you personalize your online experience a cookie is a text file that is placed on your hard disk by a web page server cookies cannot be used to run programs or deliver viruses to your computer cookies are uniquely assigned to you and can only be read by a web server in the domain that issued the cookie to you one of the primary purposes of cookies is to provide a convenience feature to save you time the purpose of a cookie is to tell the web server that you have returned to a specific page for example if you personalize rmi pages or register with rmi site or services a cookie helps rmi to recall your specific information on subsequent visits this simplifies the process of recording your personal information such as billing addresses shipping addresses and so on when you return to the same rmi website the information you previously provided can be retrieved so you can easily use the rmi features that you customized you have the ability to accept or decline cookies most web browsers automatically accept cookies but you can usually modify your browser setting to decline cookies if you prefer if you choose to decline cookies you may not be able to fully experience the interactive features of the rmi services or websites you visit security of your personal information verisign when personal information such as a credit card number is transmitted to other websites it is protected through the use of encryption such as the secure sockets layer ssl protocol verisign is an independent thirdparty company engaged in the development of digital trust verisign provides authentication of internet services digital identity and intellectual property by clicking on the verisign logo the verisign website will serve up a web page that confirms that rmi is verisign authenticated  children under thirteen rmi does not knowingly collect personally identifiable information from children under the age of thirteen if you are under the age of thirteen you must ask your parent or guardian for permission to use this website optout unsubscribe we respect your privacy and give you an opportunity to optout of receiving announcements of certain information users may optout of receiving any or all communications from rmi by contacting us here email  info registermyinfocom changes to this statement rmi will occasionally update this statement of privacy to reflect company and customer feedback rmi encourages you to periodically review this statement to be informed of how rmi is protecting your information termination if a user violates the voice of the applied statement or otherwise increases risk of possible legal violations to rmi rmi can stop allowing access to rmi functions and content a user in violation of the voice of the applied statement will be notified via email and or at next time of use of rmi by user as stated above a user may also delete his her account or application at anytime contact information rmi welcomes your questions or comments regarding this statement of privacy if you believe that rmi has not adhered to this statement please contact rmi at register my info 7702 east doubletree ranch suite 300 scottsdale arizona 85258 email address  info registermyinfocom telephone number 4803483974 effective as of july 07 2012  ', 0);

-- --------------------------------------------------------

--
-- Table structure for table `search_index`
--

CREATE TABLE IF NOT EXISTS `search_index` (
  `word` varchar(50) NOT NULL DEFAULT '',
  `sid` int(10) unsigned NOT NULL DEFAULT '0',
  `type` varchar(16) DEFAULT NULL,
  `score` float DEFAULT NULL,
  UNIQUE KEY `word_sid_type` (`word`,`sid`,`type`),
  KEY `sid_type` (`sid`,`type`),
  KEY `word` (`word`)
) ENGINE=MyISAM DEFAULT CHARSET=utf8;

--
-- Dumping data for table `search_index`
--

INSERT INTO `search_index` (`word`, `sid`, `type`, `score`) VALUES
('personal', 2, 'node', 26),
('data', 2, 'node', 26),
('dob', 2, 'node', 1),
('month', 2, 'node', 1),
('jan', 2, 'node', 1),
('feb', 2, 'node', 1),
('mar', 2, 'node', 1),
('apr', 2, 'node', 1),
('may', 2, 'node', 1),
('jun', 2, 'node', 1),
('jul', 2, 'node', 1),
('aug', 2, 'node', 1),
('sep', 2, 'node', 1),
('oct', 2, 'node', 1),
('nov', 2, 'node', 1),
('dec', 2, 'node', 1),
('day', 2, 'node', 1),
('1', 2, 'node', 1),
('2', 2, 'node', 1),
('3', 2, 'node', 1),
('4', 2, 'node', 1),
('5', 2, 'node', 1),
('6', 2, 'node', 1),
('7', 2, 'node', 1),
('8', 2, 'node', 1),
('9', 2, 'node', 1),
('10', 2, 'node', 1),
('11', 2, 'node', 1),
('12', 2, 'node', 1),
('13', 2, 'node', 1),
('14', 2, 'node', 1),
('15', 2, 'node', 1),
('16', 2, 'node', 1),
('17', 2, 'node', 1),
('18', 2, 'node', 1),
('19', 2, 'node', 1),
('20', 2, 'node', 1),
('21', 2, 'node', 1),
('22', 2, 'node', 1),
('23', 2, 'node', 1),
('24', 2, 'node', 1),
('25', 2, 'node', 1),
('26', 2, 'node', 1),
('27', 2, 'node', 1),
('28', 2, 'node', 1),
('29', 2, 'node', 1),
('30', 2, 'node', 1),
('31', 2, 'node', 1),
('year', 2, 'node', 1),
('1970', 2, 'node', 1),
('1971', 2, 'node', 1),
('1972', 2, 'node', 1),
('1973', 2, 'node', 1),
('1974', 2, 'node', 1),
('1975', 2, 'node', 1),
('1976', 2, 'node', 1),
('1977', 2, 'node', 1),
('1978', 2, 'node', 1),
('1979', 2, 'node', 1),
('1980', 2, 'node', 1),
('1981', 2, 'node', 1),
('1982', 2, 'node', 1),
('1983', 2, 'node', 1),
('1984', 2, 'node', 1),
('1985', 2, 'node', 1),
('1986', 2, 'node', 1),
('1987', 2, 'node', 1),
('1988', 2, 'node', 1),
('1989', 2, 'node', 1),
('1990', 2, 'node', 1),
('1991', 2, 'node', 1),
('1992', 2, 'node', 1),
('1993', 2, 'node', 1),
('1994', 2, 'node', 1),
('1995', 2, 'node', 1),
('1996', 2, 'node', 1),
('1997', 2, 'node', 1),
('1998', 2, 'node', 1),
('1999', 2, 'node', 1),
('2000', 2, 'node', 1),
('2001', 2, 'node', 1),
('2002', 2, 'node', 1),
('2003', 2, 'node', 1),
('2004', 2, 'node', 1),
('2005', 2, 'node', 1),
('2006', 2, 'node', 1),
('2007', 2, 'node', 1),
('2008', 2, 'node', 1),
('2009', 2, 'node', 1),
('2010', 2, 'node', 1),
('2011', 2, 'node', 1),
('financial', 3, 'node', 26),
('bank', 3, 'node', 1),
('account', 3, 'node', 5),
('info', 3, 'node', 3.78217),
('type', 3, 'node', 2.88282),
('none', 3, 'node', 2.88282),
('checking', 3, 'node', 1),
('savings', 3, 'node', 1),
('retirement', 3, 'node', 1),
('other', 3, 'node', 1.87313),
('credit', 3, 'node', 1.89945),
('debit', 3, 'node', 1),
('cards', 3, 'node', 1),
('mastercard', 3, 'node', 1),
('visa', 3, 'node', 1),
('american', 3, 'node', 1),
('express', 3, 'node', 1),
('discover', 3, 'node', 1),
('expiration', 3, 'node', 1),
('code', 3, 'node', 1),
('month', 3, 'node', 2.76586),
('jan', 3, 'node', 2.76586),
('feb', 3, 'node', 2.76586),
('mar', 3, 'node', 2.76586),
('apr', 3, 'node', 2.76586),
('may', 3, 'node', 2.76586),
('jun', 3, 'node', 2.76586),
('jul', 3, 'node', 2.76586),
('aug', 3, 'node', 2.76586),
('sep', 3, 'node', 2.76586),
('oct', 3, 'node', 2.76586),
('nov', 3, 'node', 2.76586),
('dec', 3, 'node', 2.76586),
('day', 3, 'node', 2.76586),
('1', 3, 'node', 2.76586),
('2', 3, 'node', 2.76586),
('3', 3, 'node', 2.76586),
('4', 3, 'node', 2.76586),
('5', 3, 'node', 2.76586),
('6', 3, 'node', 2.76586),
('7', 3, 'node', 2.76586),
('8', 3, 'node', 2.76586),
('9', 3, 'node', 2.76586),
('10', 3, 'node', 2.76586),
('11', 3, 'node', 2.76586),
('12', 3, 'node', 2.76586),
('13', 3, 'node', 2.76586),
('14', 3, 'node', 2.76586),
('15', 3, 'node', 2.76586),
('16', 3, 'node', 2.76586),
('17', 3, 'node', 2.76586),
('18', 3, 'node', 2.76586),
('19', 3, 'node', 2.76586),
('20', 3, 'node', 2.76586),
('21', 3, 'node', 2.76586),
('22', 3, 'node', 2.76586),
('23', 3, 'node', 2.76586),
('24', 3, 'node', 2.76586),
('25', 3, 'node', 2.76586),
('26', 3, 'node', 2.76586),
('27', 3, 'node', 2.76586),
('28', 3, 'node', 2.76586),
('29', 3, 'node', 2.76586),
('30', 3, 'node', 2.76586),
('31', 3, 'node', 2.76586),
('year', 3, 'node', 2.76586),
('1970', 3, 'node', 2.76586),
('1971', 3, 'node', 2.76586),
('1972', 3, 'node', 2.76586),
('1973', 3, 'node', 2.76586),
('1974', 3, 'node', 2.76586),
('1975', 3, 'node', 2.76586),
('1976', 3, 'node', 2.76586),
('1977', 3, 'node', 2.76586),
('1978', 3, 'node', 2.76586),
('1979', 3, 'node', 2.76586),
('1980', 3, 'node', 2.76586),
('1981', 3, 'node', 2.76586),
('1982', 3, 'node', 2.76586),
('1983', 3, 'node', 2.76586),
('1984', 3, 'node', 2.76586),
('1985', 3, 'node', 2.76586),
('1986', 3, 'node', 2.76586),
('1987', 3, 'node', 2.76586),
('1988', 3, 'node', 2.76586),
('1989', 3, 'node', 2.76586),
('1990', 3, 'node', 2.76586),
('1991', 3, 'node', 2.76586),
('1992', 3, 'node', 2.76586),
('1993', 3, 'node', 2.76586),
('1994', 3, 'node', 2.76586),
('1995', 3, 'node', 2.76586),
('1996', 3, 'node', 2.76586),
('1997', 3, 'node', 2.76586),
('1998', 3, 'node', 2.76586),
('1999', 3, 'node', 2.76586),
('2000', 3, 'node', 2.76586),
('2001', 3, 'node', 2.76586),
('2002', 3, 'node', 2.76586),
('2003', 3, 'node', 2.76586),
('2004', 3, 'node', 2.76586),
('2005', 3, 'node', 2.76586),
('2006', 3, 'node', 2.76586),
('2007', 3, 'node', 2.76316),
('2008', 3, 'node', 2.759),
('2009', 3, 'node', 2.75488),
('2010', 3, 'node', 2.75079),
('2011', 3, 'node', 2.74673),
('2012', 3, 'node', 2.74271),
('2013', 3, 'node', 2.73872),
('2014', 3, 'node', 2.73476),
('2015', 3, 'node', 2.73084),
('2016', 3, 'node', 2.72694),
('2017', 3, 'node', 2.72308),
('2018', 3, 'node', 2.71925),
('2019', 3, 'node', 2.71545),
('2020', 3, 'node', 2.71168),
('2021', 3, 'node', 2.70795),
('2022', 3, 'node', 2.70424),
('2023', 3, 'node', 2.70056),
('2024', 3, 'node', 2.69691),
('2025', 3, 'node', 2.69329),
('2026', 3, 'node', 2.68969),
('2027', 3, 'node', 2.68613),
('2028', 3, 'node', 2.68259),
('2029', 3, 'node', 2.67908),
('2030', 3, 'node', 2.6756),
('pin', 3, 'node', 0.906287),
('number', 3, 'node', 0.902857),
('score', 3, 'node', 0.899454),
('date', 3, 'node', 1.76921),
('value', 3, 'node', 0.892724),
('loans', 3, 'node', 0.889397),
('loan', 3, 'node', 1.75923),
('home', 3, 'node', 0.882818),
('auto', 3, 'node', 0.879565),
('boat', 3, 'node', 0.876337),
('amount', 3, 'node', 0.873132),
('employment', 4, 'node', 26),
('info', 4, 'node', 26.8544),
('employer', 4, 'node', 1.91323),
('start', 4, 'node', 1),
('date', 4, 'node', 2.76762),
('month', 4, 'node', 2.76762),
('jan', 4, 'node', 2.76762),
('feb', 4, 'node', 2.76762),
('mar', 4, 'node', 2.76762),
('apr', 4, 'node', 2.76762),
('may', 4, 'node', 2.76762),
('jun', 4, 'node', 2.76762),
('jul', 4, 'node', 2.76762),
('aug', 4, 'node', 2.76762),
('sep', 4, 'node', 2.76762),
('oct', 4, 'node', 2.76762),
('nov', 4, 'node', 2.76762),
('dec', 4, 'node', 2.76762),
('day', 4, 'node', 2.76762),
('1', 4, 'node', 2.76762),
('2', 4, 'node', 2.76762),
('3', 4, 'node', 2.76762),
('4', 4, 'node', 2.76762),
('5', 4, 'node', 2.76762),
('6', 4, 'node', 2.76762),
('7', 4, 'node', 2.76762),
('8', 4, 'node', 2.76762),
('9', 4, 'node', 2.76762),
('10', 4, 'node', 2.76762),
('11', 4, 'node', 2.76762),
('12', 4, 'node', 2.76762),
('13', 4, 'node', 2.76762),
('14', 4, 'node', 2.76762),
('15', 4, 'node', 2.76762),
('16', 4, 'node', 2.76762),
('17', 4, 'node', 2.76762),
('18', 4, 'node', 2.76762),
('19', 4, 'node', 2.76762),
('20', 4, 'node', 2.76762),
('21', 4, 'node', 2.76762),
('22', 4, 'node', 2.76762),
('23', 4, 'node', 2.76762),
('24', 4, 'node', 2.76762),
('25', 4, 'node', 2.76762),
('26', 4, 'node', 2.76762),
('27', 4, 'node', 2.76762),
('28', 4, 'node', 2.76762),
('29', 4, 'node', 2.76762),
('30', 4, 'node', 2.76762),
('31', 4, 'node', 2.76762),
('year', 4, 'node', 2.76762),
('1940', 4, 'node', 2.76762),
('1941', 4, 'node', 2.76762),
('1942', 4, 'node', 2.76762),
('1943', 4, 'node', 2.76762),
('1944', 4, 'node', 2.76762),
('1945', 4, 'node', 2.76762),
('1946', 4, 'node', 2.76762),
('1947', 4, 'node', 2.76762),
('1948', 4, 'node', 2.76762),
('1949', 4, 'node', 2.76762),
('1950', 4, 'node', 2.76762),
('1951', 4, 'node', 2.76762),
('1952', 4, 'node', 2.76762),
('1953', 4, 'node', 2.76762),
('1954', 4, 'node', 2.76762),
('1955', 4, 'node', 2.76762),
('1956', 4, 'node', 2.76762),
('1957', 4, 'node', 2.76762),
('1958', 4, 'node', 2.76762),
('1959', 4, 'node', 2.76762),
('1960', 4, 'node', 2.76762),
('1961', 4, 'node', 2.76762),
('1962', 4, 'node', 2.76762),
('1963', 4, 'node', 2.76762),
('1964', 4, 'node', 2.76762),
('1965', 4, 'node', 2.76762),
('1966', 4, 'node', 2.76762),
('1967', 4, 'node', 2.76762),
('1968', 4, 'node', 2.76762),
('1969', 4, 'node', 2.76762),
('1970', 4, 'node', 2.76762),
('1971', 4, 'node', 2.76762),
('1972', 4, 'node', 2.76762),
('1973', 4, 'node', 2.76762),
('1974', 4, 'node', 2.76762),
('1975', 4, 'node', 2.76762),
('1976', 4, 'node', 2.76762),
('1977', 4, 'node', 2.76762),
('1978', 4, 'node', 2.76762),
('1979', 4, 'node', 2.76762),
('1980', 4, 'node', 2.76762),
('1981', 4, 'node', 2.76762),
('1982', 4, 'node', 2.76762),
('1983', 4, 'node', 2.76762),
('1984', 4, 'node', 2.76762),
('1985', 4, 'node', 2.76762),
('1986', 4, 'node', 2.76762),
('1987', 4, 'node', 2.76762),
('1988', 4, 'node', 2.76762),
('1989', 4, 'node', 2.76762),
('1990', 4, 'node', 2.76762),
('1991', 4, 'node', 2.76762),
('1992', 4, 'node', 2.76492),
('1993', 4, 'node', 2.76076),
('1994', 4, 'node', 2.75664),
('1995', 4, 'node', 2.75255),
('1996', 4, 'node', 2.74849),
('1997', 4, 'node', 2.74447),
('1998', 4, 'node', 2.74048),
('1999', 4, 'node', 2.73652),
('2000', 4, 'node', 2.7326),
('2001', 4, 'node', 2.7287),
('2002', 4, 'node', 2.72484),
('2003', 4, 'node', 2.72101),
('2004', 4, 'node', 2.71721),
('2005', 4, 'node', 2.71345),
('2006', 4, 'node', 2.70971),
('2007', 4, 'node', 2.706),
('2008', 4, 'node', 2.70232),
('2009', 4, 'node', 2.69867),
('2010', 4, 'node', 2.69505),
('2011', 4, 'node', 2.69145),
('2012', 4, 'node', 2.68789),
('end', 4, 'node', 0.916736),
('contact', 4, 'node', 0.913226),
('information', 4, 'node', 0.909743),
('annual', 4, 'node', 0.906287),
('salary', 4, 'node', 0.902857),
('and', 4, 'node', 0.899454),
('wages', 4, 'node', 0.896076),
('allowed', 4, 'node', 1.71762),
('file', 4, 'node', 1.7143),
('formats', 4, 'node', 1.711),
('are', 4, 'node', 1.70772),
('doc', 4, 'node', 1.70447),
('docx', 4, 'node', 1.70124),
('pdf', 4, 'node', 1.69803),
('max', 4, 'node', 1.69485),
('size', 4, 'node', 1.69169),
('2mb', 4, 'node', 1.68856),
('letters', 4, 'node', 0.860547),
('recommendation', 4, 'node', 0.857458),
('2013', 4, 'node', 0.854391),
('2014', 4, 'node', 0.851346),
('2015', 4, 'node', 0.848323),
('2016', 4, 'node', 0.845322),
('2017', 4, 'node', 0.842342),
('2018', 4, 'node', 0.839384),
('2019', 4, 'node', 0.836446),
('2020', 4, 'node', 0.833529),
('person', 4, 'node', 0.830633),
('letter', 4, 'node', 0.827757),
('medical', 5, 'node', 26),
('history', 5, 'node', 27),
('allergies', 5, 'node', 1),
('medications', 5, 'node', 1),
('family', 5, 'node', 1),
('smoker', 5, 'node', 4),
('alcohol', 5, 'node', 1),
('none', 5, 'node', 1.9534),
('never', 5, 'node', 1),
('occasionally', 5, 'node', 1),
('daily', 5, 'node', 1),
('surgeries', 5, 'node', 1),
('info', 5, 'node', 1.98902),
('date', 5, 'node', 1.98902),
('month', 5, 'node', 1.98902),
('jan', 5, 'node', 1.98902),
('feb', 5, 'node', 1.98902),
('mar', 5, 'node', 1.98902),
('apr', 5, 'node', 1.98902),
('may', 5, 'node', 1.98902),
('jun', 5, 'node', 1.98902),
('jul', 5, 'node', 1.98902),
('aug', 5, 'node', 1.98902),
('sep', 5, 'node', 1.98902),
('oct', 5, 'node', 1.98902),
('nov', 5, 'node', 1.98902),
('dec', 5, 'node', 1.98902),
('day', 5, 'node', 1.98902),
('1', 5, 'node', 1.98902),
('2', 5, 'node', 1.98902),
('3', 5, 'node', 1.98902),
('4', 5, 'node', 1.98902),
('5', 5, 'node', 1.98902),
('6', 5, 'node', 1.98902),
('7', 5, 'node', 1.98902),
('8', 5, 'node', 1.98902),
('9', 5, 'node', 1.98902),
('10', 5, 'node', 1.98902),
('11', 5, 'node', 1.98902),
('12', 5, 'node', 1.98902),
('13', 5, 'node', 1.98902),
('14', 5, 'node', 1.98902),
('15', 5, 'node', 1.98902),
('16', 5, 'node', 1.98902),
('17', 5, 'node', 1.98902),
('18', 5, 'node', 1.98902),
('19', 5, 'node', 1.98902),
('20', 5, 'node', 1.98902),
('21', 5, 'node', 1.98902),
('22', 5, 'node', 1.98902),
('23', 5, 'node', 1.98902),
('24', 5, 'node', 1.98902),
('25', 5, 'node', 1.98902),
('26', 5, 'node', 1.98902),
('27', 5, 'node', 1.98902),
('28', 5, 'node', 1.98902),
('29', 5, 'node', 1.98902),
('30', 5, 'node', 1.98902),
('31', 5, 'node', 1.98902),
('year', 5, 'node', 1.98902),
('1970', 5, 'node', 1.98902),
('1971', 5, 'node', 1.98902),
('1972', 5, 'node', 1.98902),
('1973', 5, 'node', 1.98902),
('1974', 5, 'node', 1.98902),
('1975', 5, 'node', 1.98902),
('1976', 5, 'node', 1.98902),
('1977', 5, 'node', 1.98902),
('1978', 5, 'node', 1.98902),
('1979', 5, 'node', 1.98902),
('1980', 5, 'node', 1.98902),
('1981', 5, 'node', 1.98902),
('1982', 5, 'node', 1.98902),
('1983', 5, 'node', 1.98902),
('1984', 5, 'node', 1.98902),
('1985', 5, 'node', 1.98902),
('1986', 5, 'node', 1.98902),
('1987', 5, 'node', 1.98902),
('1988', 5, 'node', 1.98902),
('1989', 5, 'node', 1.98902),
('1990', 5, 'node', 1.98902),
('1991', 5, 'node', 1.98902),
('1992', 5, 'node', 1.98902),
('1993', 5, 'node', 1.98902),
('1994', 5, 'node', 1.98902),
('1995', 5, 'node', 1.98902),
('1996', 5, 'node', 1.98902),
('1997', 5, 'node', 1.98902),
('1998', 5, 'node', 1.98902),
('1999', 5, 'node', 1.98902),
('2000', 5, 'node', 1.98902),
('2001', 5, 'node', 1.98902),
('2002', 5, 'node', 1.98902),
('2003', 5, 'node', 1.98902),
('2004', 5, 'node', 1.98902),
('2005', 5, 'node', 1.98902),
('2006', 5, 'node', 1.98902),
('2007', 5, 'node', 1.98902),
('2008', 5, 'node', 1.98902),
('2009', 5, 'node', 1.98902),
('2010', 5, 'node', 1.98902),
('2011', 5, 'node', 1.98902),
('2012', 5, 'node', 1.98902),
('reason', 5, 'node', 0.997306),
('implants', 5, 'node', 0.993146),
('2013', 5, 'node', 0.989021),
('2014', 5, 'node', 0.98493),
('2015', 5, 'node', 0.980874),
('2016', 5, 'node', 0.976851),
('2017', 5, 'node', 0.972861),
('2018', 5, 'node', 0.968904),
('2019', 5, 'node', 0.96498),
('2020', 5, 'node', 0.961087),
('type', 5, 'node', 0.957226),
('joint', 5, 'node', 4.69962),
('replacement', 5, 'node', 4.69583),
('shoulder', 5, 'node', 0.945829),
('elbow', 5, 'node', 0.942091),
('hip', 5, 'node', 0.938382),
('knee', 5, 'node', 0.934703),
('ankle', 5, 'node', 0.931053),
('dental', 5, 'node', 0.927431),
('breast', 5, 'node', 0.923838),
('augmentation', 5, 'node', 0.920273),
('manufacturer', 5, 'node', 0.916736),
('expenses', 6, 'node', 26),
('expense', 6, 'node', 1),
('type', 6, 'node', 1),
('select', 6, 'node', 1),
('mortgage', 6, 'node', 1),
('rent', 6, 'node', 1),
('auto', 6, 'node', 1),
('water', 6, 'node', 1),
('cable', 6, 'node', 1),
('phone', 6, 'node', 1),
('internet', 6, 'node', 1),
('groceries', 6, 'node', 1),
('gas', 6, 'node', 1),
('childcare', 6, 'node', 1),
('other', 6, 'node', 1),
('amount', 6, 'node', 1),
('date', 6, 'node', 1),
('due', 6, 'node', 1),
('month', 6, 'node', 1),
('jan', 6, 'node', 1),
('feb', 6, 'node', 1),
('mar', 6, 'node', 1),
('apr', 6, 'node', 1),
('may', 6, 'node', 1),
('jun', 6, 'node', 1),
('jul', 6, 'node', 1),
('aug', 6, 'node', 1),
('sep', 6, 'node', 1),
('oct', 6, 'node', 1),
('nov', 6, 'node', 1),
('dec', 6, 'node', 1),
('day', 6, 'node', 1),
('1', 6, 'node', 1),
('2', 6, 'node', 1),
('3', 6, 'node', 1),
('4', 6, 'node', 1),
('5', 6, 'node', 1),
('6', 6, 'node', 1),
('7', 6, 'node', 1),
('8', 6, 'node', 1),
('9', 6, 'node', 1),
('10', 6, 'node', 1),
('11', 6, 'node', 1),
('12', 6, 'node', 1),
('13', 6, 'node', 1),
('14', 6, 'node', 1),
('15', 6, 'node', 1),
('16', 6, 'node', 1),
('17', 6, 'node', 1),
('18', 6, 'node', 1),
('19', 6, 'node', 1),
('20', 6, 'node', 1),
('21', 6, 'node', 1),
('22', 6, 'node', 1),
('23', 6, 'node', 1),
('24', 6, 'node', 1),
('25', 6, 'node', 1),
('26', 6, 'node', 1),
('27', 6, 'node', 1),
('28', 6, 'node', 1),
('29', 6, 'node', 1),
('30', 6, 'node', 1),
('31', 6, 'node', 1),
('year', 6, 'node', 1),
('1970', 6, 'node', 1),
('1971', 6, 'node', 1),
('1972', 6, 'node', 1),
('1973', 6, 'node', 1),
('1974', 6, 'node', 1),
('1975', 6, 'node', 1),
('1976', 6, 'node', 1),
('1977', 6, 'node', 1),
('1978', 6, 'node', 1),
('1979', 6, 'node', 1),
('1980', 6, 'node', 1),
('1981', 6, 'node', 1),
('1982', 6, 'node', 1),
('1983', 6, 'node', 1),
('1984', 6, 'node', 1),
('1985', 6, 'node', 1),
('1986', 6, 'node', 1),
('1987', 6, 'node', 1),
('1988', 6, 'node', 1),
('1989', 6, 'node', 1),
('1990', 6, 'node', 1),
('1991', 6, 'node', 1),
('1992', 6, 'node', 1),
('1993', 6, 'node', 1),
('1994', 6, 'node', 1),
('1995', 6, 'node', 1),
('1996', 6, 'node', 1),
('1997', 6, 'node', 1),
('1998', 6, 'node', 1),
('1999', 6, 'node', 1),
('2000', 6, 'node', 1),
('2001', 6, 'node', 1),
('2002', 6, 'node', 1),
('2003', 6, 'node', 1),
('2004', 6, 'node', 1),
('2005', 6, 'node', 1),
('2006', 6, 'node', 1),
('2007', 6, 'node', 1),
('2008', 6, 'node', 1),
('2009', 6, 'node', 0.997306),
('2010', 6, 'node', 0.993146),
('2011', 6, 'node', 0.989021),
('2012', 6, 'node', 0.98493),
('2013', 6, 'node', 0.980874),
('2014', 6, 'node', 0.976851),
('2015', 6, 'node', 0.972861),
('2016', 6, 'node', 0.968904),
('2017', 6, 'node', 0.96498),
('2018', 6, 'node', 0.961087),
('2019', 6, 'node', 0.957226),
('2020', 6, 'node', 0.953396),
('2021', 6, 'node', 0.949597),
('2022', 6, 'node', 0.945829),
('2023', 6, 'node', 0.942091),
('2024', 6, 'node', 0.938382),
('2025', 6, 'node', 0.934703),
('2026', 6, 'node', 0.931053),
('2027', 6, 'node', 0.927431),
('2028', 6, 'node', 0.923838),
('2029', 6, 'node', 0.920273),
('2030', 6, 'node', 0.916736),
('maintenance', 7, 'node', 26),
('recalls', 7, 'node', 26),
('type', 7, 'node', 1),
('none', 7, 'node', 1),
('auto', 7, 'node', 1),
('service', 7, 'node', 1),
('recall', 7, 'node', 1),
('home', 7, 'node', 1),
('date', 7, 'node', 1),
('month', 7, 'node', 1),
('jan', 7, 'node', 1),
('feb', 7, 'node', 1),
('mar', 7, 'node', 1),
('apr', 7, 'node', 1),
('may', 7, 'node', 1),
('jun', 7, 'node', 1),
('jul', 7, 'node', 1),
('aug', 7, 'node', 1),
('sep', 7, 'node', 1),
('oct', 7, 'node', 1),
('nov', 7, 'node', 1),
('dec', 7, 'node', 1),
('day', 7, 'node', 1),
('1', 7, 'node', 1),
('2', 7, 'node', 1),
('3', 7, 'node', 1),
('4', 7, 'node', 1),
('5', 7, 'node', 1),
('6', 7, 'node', 1),
('7', 7, 'node', 1),
('8', 7, 'node', 1),
('9', 7, 'node', 1),
('10', 7, 'node', 1),
('11', 7, 'node', 1),
('12', 7, 'node', 1),
('13', 7, 'node', 1),
('14', 7, 'node', 1),
('15', 7, 'node', 1),
('16', 7, 'node', 1),
('17', 7, 'node', 1),
('18', 7, 'node', 1),
('19', 7, 'node', 1),
('20', 7, 'node', 1),
('21', 7, 'node', 1),
('22', 7, 'node', 1),
('23', 7, 'node', 1),
('24', 7, 'node', 1),
('25', 7, 'node', 1),
('26', 7, 'node', 1),
('27', 7, 'node', 1),
('28', 7, 'node', 1),
('29', 7, 'node', 1),
('30', 7, 'node', 1),
('31', 7, 'node', 1),
('year', 7, 'node', 1),
('1970', 7, 'node', 1),
('1971', 7, 'node', 1),
('1972', 7, 'node', 1),
('1973', 7, 'node', 1),
('1974', 7, 'node', 1),
('1975', 7, 'node', 1),
('1976', 7, 'node', 1),
('1977', 7, 'node', 1),
('1978', 7, 'node', 1),
('1979', 7, 'node', 1),
('1980', 7, 'node', 1),
('1981', 7, 'node', 1),
('1982', 7, 'node', 1),
('1983', 7, 'node', 1),
('1984', 7, 'node', 1),
('1985', 7, 'node', 1),
('1986', 7, 'node', 1),
('1987', 7, 'node', 1),
('1988', 7, 'node', 1),
('1989', 7, 'node', 1),
('1990', 7, 'node', 1),
('1991', 7, 'node', 1),
('1992', 7, 'node', 1),
('1993', 7, 'node', 1),
('1994', 7, 'node', 1),
('1995', 7, 'node', 1),
('1996', 7, 'node', 1),
('1997', 7, 'node', 1),
('1998', 7, 'node', 1),
('1999', 7, 'node', 1),
('2000', 7, 'node', 1),
('2001', 7, 'node', 1),
('2002', 7, 'node', 1),
('2003', 7, 'node', 1),
('2004', 7, 'node', 1),
('2005', 7, 'node', 1),
('2006', 7, 'node', 1),
('2007', 7, 'node', 1),
('2008', 7, 'node', 1),
('2009', 7, 'node', 1),
('2010', 7, 'node', 1),
('2011', 7, 'node', 1),
('2012', 7, 'node', 1),
('2013', 7, 'node', 1),
('2014', 7, 'node', 1),
('2015', 7, 'node', 1),
('2016', 7, 'node', 1),
('2017', 7, 'node', 1),
('2018', 7, 'node', 0.997306),
('2019', 7, 'node', 0.993146),
('2020', 7, 'node', 0.989021),
('2021', 7, 'node', 0.98493),
('2022', 7, 'node', 0.980874),
('2023', 7, 'node', 0.976851),
('2024', 7, 'node', 0.972861),
('2025', 7, 'node', 0.968904),
('2026', 7, 'node', 0.96498),
('2027', 7, 'node', 0.961087),
('2028', 7, 'node', 0.957226),
('2029', 7, 'node', 0.953396),
('2030', 7, 'node', 0.949597),
('government', 8, 'node', 26),
('type', 8, 'node', 1),
('none', 8, 'node', 1),
('driver', 8, 'node', 1),
('license', 8, 'node', 1),
('passport', 8, 'node', 1),
('date', 8, 'node', 1.90286),
('issued', 8, 'node', 1),
('month', 8, 'node', 1.90286),
('jan', 8, 'node', 1.90286),
('feb', 8, 'node', 1.90286),
('mar', 8, 'node', 1.90286),
('apr', 8, 'node', 1.90286),
('may', 8, 'node', 1.90286),
('jun', 8, 'node', 1.90286),
('jul', 8, 'node', 1.90286),
('aug', 8, 'node', 1.90286),
('sep', 8, 'node', 1.90286),
('oct', 8, 'node', 1.90286),
('nov', 8, 'node', 1.90286),
('dec', 8, 'node', 1.90286),
('day', 8, 'node', 1.90286),
('1', 8, 'node', 1.90286),
('2', 8, 'node', 1.90286),
('3', 8, 'node', 1.90286),
('4', 8, 'node', 1.90286),
('5', 8, 'node', 1.90286),
('6', 8, 'node', 1.90286),
('7', 8, 'node', 1.90286),
('8', 8, 'node', 1.90286),
('9', 8, 'node', 1.90286),
('10', 8, 'node', 1.90286),
('11', 8, 'node', 1.90286),
('12', 8, 'node', 1.90286),
('13', 8, 'node', 1.90286),
('14', 8, 'node', 1.90286),
('15', 8, 'node', 1.90286),
('16', 8, 'node', 1.90286),
('17', 8, 'node', 1.90286),
('18', 8, 'node', 1.90286),
('19', 8, 'node', 1.90286),
('20', 8, 'node', 1.90286),
('21', 8, 'node', 1.90286),
('22', 8, 'node', 1.90286),
('23', 8, 'node', 1.90286),
('24', 8, 'node', 1.90286),
('25', 8, 'node', 1.90286),
('26', 8, 'node', 1.90286),
('27', 8, 'node', 1.90286),
('28', 8, 'node', 1.90286),
('29', 8, 'node', 1.90286),
('30', 8, 'node', 1.90286),
('31', 8, 'node', 1.90286),
('year', 8, 'node', 1.90286),
('1940', 8, 'node', 1.90286),
('1941', 8, 'node', 1.90286),
('1942', 8, 'node', 1.90286),
('1943', 8, 'node', 1.90286),
('1944', 8, 'node', 1.90286),
('1945', 8, 'node', 1.90286),
('1946', 8, 'node', 1.90286),
('1947', 8, 'node', 1.90286),
('1948', 8, 'node', 1.90286),
('1949', 8, 'node', 1.90286),
('1950', 8, 'node', 1.90286),
('1951', 8, 'node', 1.90286),
('1952', 8, 'node', 1.90286),
('1953', 8, 'node', 1.90286),
('1954', 8, 'node', 1.90286),
('1955', 8, 'node', 1.90286),
('1956', 8, 'node', 1.90286),
('1957', 8, 'node', 1.90286),
('1958', 8, 'node', 1.90286),
('1959', 8, 'node', 1.90286),
('1960', 8, 'node', 1.90286),
('1961', 8, 'node', 1.90286),
('1962', 8, 'node', 1.90286),
('1963', 8, 'node', 1.90286),
('1964', 8, 'node', 1.90286),
('1965', 8, 'node', 1.90286),
('1966', 8, 'node', 1.90286),
('1967', 8, 'node', 1.90286),
('1968', 8, 'node', 1.90286),
('1969', 8, 'node', 1.90286),
('1970', 8, 'node', 1.90286),
('1971', 8, 'node', 1.90286),
('1972', 8, 'node', 1.90286),
('1973', 8, 'node', 1.90286),
('1974', 8, 'node', 1.90286),
('1975', 8, 'node', 1.90286),
('1976', 8, 'node', 1.90286),
('1977', 8, 'node', 1.90286),
('1978', 8, 'node', 1.90286),
('1979', 8, 'node', 1.90286),
('1980', 8, 'node', 1.90286),
('1981', 8, 'node', 1.90286),
('1982', 8, 'node', 1.90286),
('1983', 8, 'node', 1.90286),
('1984', 8, 'node', 1.90286),
('1985', 8, 'node', 1.90286),
('1986', 8, 'node', 1.90286),
('1987', 8, 'node', 1.90286),
('1988', 8, 'node', 1.90286),
('1989', 8, 'node', 1.90016),
('1990', 8, 'node', 1.896),
('1991', 8, 'node', 1.89188),
('1992', 8, 'node', 1.88779),
('1993', 8, 'node', 1.88373),
('1994', 8, 'node', 1.87971),
('1995', 8, 'node', 1.87572),
('1996', 8, 'node', 1.87176),
('1997', 8, 'node', 1.86784),
('1998', 8, 'node', 1.86394),
('1999', 8, 'node', 1.86008),
('2000', 8, 'node', 1.85625),
('2001', 8, 'node', 1.85245),
('2002', 8, 'node', 1.84869),
('2003', 8, 'node', 1.84495),
('2004', 8, 'node', 1.84124),
('2005', 8, 'node', 1.83756),
('2006', 8, 'node', 1.83391),
('2007', 8, 'node', 1.83029),
('2008', 8, 'node', 1.8267),
('2009', 8, 'node', 1.82313),
('2010', 8, 'node', 1.81959),
('2011', 8, 'node', 1.81608),
('2012', 8, 'node', 1.8126),
('expiration', 8, 'node', 0.906287),
('2013', 8, 'node', 0.902857),
('2014', 8, 'node', 0.899454),
('2015', 8, 'node', 0.896076),
('2016', 8, 'node', 0.892724),
('2017', 8, 'node', 0.889397),
('2018', 8, 'node', 0.886095),
('2019', 8, 'node', 0.882818),
('2020', 8, 'node', 0.879565),
('2021', 8, 'node', 0.876337),
('2022', 8, 'node', 0.873132),
('2023', 8, 'node', 0.869951),
('2024', 8, 'node', 0.866793),
('2025', 8, 'node', 0.863659),
('2026', 8, 'node', 0.860547),
('2027', 8, 'node', 0.857458),
('2028', 8, 'node', 0.854391),
('2029', 8, 'node', 0.851346),
('2030', 8, 'node', 0.848323),
('photo', 8, 'node', 0.845322),
('allowed', 8, 'node', 0.842342),
('file', 8, 'node', 0.839384),
('formats', 8, 'node', 0.836446),
('are', 8, 'node', 0.833529),
('max', 8, 'node', 0.830633),
('size', 8, 'node', 0.827757),
('2mb', 8, 'node', 0.824901),
('gif', 8, 'node', 0.822065),
('jpg', 8, 'node', 0.819249),
('png', 8, 'node', 0.816452),
('bmp', 8, 'node', 0.813674),
('digital', 8, 'node', 0.810915),
('insurance', 9, 'node', 26),
('and', 9, 'node', 26),
('car', 9, 'node', 26),
('registration', 9, 'node', 26),
('type', 9, 'node', 1),
('none', 9, 'node', 1),
('automobile', 9, 'node', 1),
('home', 9, 'node', 1),
('business', 9, 'node', 1),
('disability', 9, 'node', 1),
('policy', 9, 'node', 1),
('allowed', 9, 'node', 1),
('file', 9, 'node', 1),
('formats', 9, 'node', 1),
('are', 9, 'node', 1),
('doc', 9, 'node', 4),
('docx', 9, 'node', 4),
('pdf', 9, 'node', 4),
('jpg', 9, 'node', 4),
('gif', 9, 'node', 4),
('png', 9, 'node', 4),
('txt', 9, 'node', 4),
('html', 9, 'node', 4),
('xls', 9, 'node', 4),
('xlsx', 9, 'node', 4),
('max', 9, 'node', 4),
('size', 9, 'node', 4),
('2mb', 9, 'node', 4),
('notes', 9, 'node', 1),
('favorites', 10, 'node', 26),
('type', 10, 'node', 1),
('none', 10, 'node', 1),
('restaurant', 10, 'node', 1),
('web', 10, 'node', 1),
('other', 10, 'node', 1),
('name', 10, 'node', 1),
('telephone', 10, 'node', 1),
('number', 10, 'node', 1),
('for', 10, 'node', 1),
('example', 10, 'node', 1),
('999', 10, 'node', 1),
('9999999', 10, 'node', 1),
('products', 11, 'node', 26),
('warranties', 11, 'node', 26),
('product', 11, 'node', 1),
('name', 11, 'node', 1),
('date', 11, 'node', 1),
('purchase', 11, 'node', 1),
('month', 11, 'node', 1),
('jan', 11, 'node', 1),
('feb', 11, 'node', 1),
('mar', 11, 'node', 1),
('apr', 11, 'node', 1),
('may', 11, 'node', 1),
('jun', 11, 'node', 1),
('jul', 11, 'node', 1),
('aug', 11, 'node', 1),
('sep', 11, 'node', 1),
('oct', 11, 'node', 1),
('nov', 11, 'node', 1),
('dec', 11, 'node', 1),
('day', 11, 'node', 1),
('1', 11, 'node', 1),
('2', 11, 'node', 1),
('3', 11, 'node', 1),
('4', 11, 'node', 1),
('5', 11, 'node', 1),
('6', 11, 'node', 1),
('7', 11, 'node', 1),
('8', 11, 'node', 1),
('9', 11, 'node', 1),
('10', 11, 'node', 1),
('11', 11, 'node', 1),
('12', 11, 'node', 1),
('13', 11, 'node', 1),
('14', 11, 'node', 1),
('15', 11, 'node', 1),
('16', 11, 'node', 1),
('17', 11, 'node', 1),
('18', 11, 'node', 1),
('19', 11, 'node', 1),
('20', 11, 'node', 1),
('21', 11, 'node', 1),
('22', 11, 'node', 1),
('23', 11, 'node', 1),
('24', 11, 'node', 1),
('25', 11, 'node', 1),
('26', 11, 'node', 1),
('27', 11, 'node', 1),
('28', 11, 'node', 1),
('29', 11, 'node', 1),
('30', 11, 'node', 1),
('31', 11, 'node', 1),
('year', 11, 'node', 1),
('1970', 11, 'node', 1),
('1971', 11, 'node', 1),
('1972', 11, 'node', 1),
('1973', 11, 'node', 1),
('1974', 11, 'node', 1),
('1975', 11, 'node', 1),
('1976', 11, 'node', 1),
('1977', 11, 'node', 1),
('1978', 11, 'node', 1),
('1979', 11, 'node', 1),
('1980', 11, 'node', 1),
('1981', 11, 'node', 1),
('1982', 11, 'node', 1),
('1983', 11, 'node', 1),
('1984', 11, 'node', 1),
('1985', 11, 'node', 1),
('1986', 11, 'node', 1),
('1987', 11, 'node', 1),
('1988', 11, 'node', 1),
('1989', 11, 'node', 1),
('1990', 11, 'node', 1),
('1991', 11, 'node', 1),
('1992', 11, 'node', 1),
('1993', 11, 'node', 1),
('1994', 11, 'node', 1),
('1995', 11, 'node', 1),
('1996', 11, 'node', 1),
('1997', 11, 'node', 1),
('1998', 11, 'node', 1),
('1999', 11, 'node', 1),
('2000', 11, 'node', 1),
('2001', 11, 'node', 1),
('2002', 11, 'node', 1),
('2003', 11, 'node', 1),
('2004', 11, 'node', 1),
('2005', 11, 'node', 1),
('2006', 11, 'node', 1),
('2007', 11, 'node', 1),
('2008', 11, 'node', 1),
('2009', 11, 'node', 1),
('2010', 11, 'node', 1),
('2011', 11, 'node', 1),
('2012', 11, 'node', 1),
('warranty', 11, 'node', 1),
('allowed', 11, 'node', 1),
('file', 11, 'node', 1),
('formats', 11, 'node', 1),
('are', 11, 'node', 1),
('max', 11, 'node', 1),
('size', 11, 'node', 1),
('2mb', 11, 'node', 1),
('gif', 11, 'node', 0.997306),
('jpg', 11, 'node', 0.993146),
('png', 11, 'node', 0.989021),
('txt', 11, 'node', 0.98493),
('pdf', 11, 'node', 0.980874),
('doc', 11, 'node', 0.976851),
('docx', 11, 'node', 0.972861),
('ppt', 11, 'node', 0.968904),
('pptx', 11, 'node', 0.96498),
('xls', 11, 'node', 0.961087),
('xlsx', 11, 'node', 0.957226),
('rar', 11, 'node', 0.953396),
('tar', 11, 'node', 0.949597),
('zip', 11, 'node', 0.945829),
('manual', 11, 'node', 0.942091),
('link', 11, 'node', 0.938382),
('for', 11, 'node', 0.934703),
('example', 11, 'node', 0.931053),
('http', 11, 'node', 10.2017),
('wwwexamplecom', 11, 'node', 10.1622),
('home', 12, 'node', 26),
('registry', 12, 'node', 26),
('type', 12, 'node', 1),
('none', 12, 'node', 1),
('room', 12, 'node', 1),
('furniture', 12, 'node', 1),
('other', 12, 'node', 1),
('photo', 12, 'node', 1),
('allowed', 12, 'node', 1),
('file', 12, 'node', 1),
('formats', 12, 'node', 1),
('are', 12, 'node', 1),
('max', 12, 'node', 1),
('size', 12, 'node', 1),
('2mb', 12, 'node', 1),
('gif', 12, 'node', 1),
('jpg', 12, 'node', 1),
('png', 12, 'node', 1),
('bmp', 12, 'node', 1),
('web', 13, 'node', 27),
('sites', 13, 'node', 26),
('type', 13, 'node', 1),
('none', 13, 'node', 1),
('facebook', 13, 'node', 1),
('twitter', 13, 'node', 1),
('linkedin', 13, 'node', 1),
('pinterest', 13, 'node', 1),
('user', 13, 'node', 1),
('password', 13, 'node', 1),
('contact', 14, 'node', 26),
('info', 14, 'node', 27),
('name', 14, 'node', 1),
('address', 14, 'node', 2),
('email', 14, 'node', 1),
('telephone', 14, 'node', 2),
('type', 14, 'node', 1),
('none', 14, 'node', 1),
('cell', 14, 'node', 1),
('home', 14, 'node', 1),
('office', 14, 'node', 1),
('number', 14, 'node', 1),
('for', 14, 'node', 1),
('example', 14, 'node', 1),
('999', 14, 'node', 1),
('9999999', 14, 'node', 1),
('home', 15, 'node', 26),
('our', 15, 'node', 9),
('mission', 15, 'node', 4),
('statement', 15, 'node', 4),
('register', 15, 'node', 6),
('info', 15, 'node', 6),
('built', 15, 'node', 1),
('the', 15, 'node', 6),
('idea', 15, 'node', 1),
('that', 15, 'node', 5),
('individuals', 15, 'node', 1),
('require', 15, 'node', 1),
('easier', 15, 'node', 1),
('mechanism', 15, 'node', 1),
('communication', 15, 'node', 1),
('and', 15, 'node', 9),
('distribution', 15, 'node', 1),
('their', 15, 'node', 9),
('personal', 15, 'node', 3),
('information', 15, 'node', 7),
('amongst', 15, 'node', 1),
('friends', 15, 'node', 1),
('family', 15, 'node', 1),
('businesses', 15, 'node', 1),
('others', 15, 'node', 1),
('than', 15, 'node', 1),
('what', 15, 'node', 2),
('currently', 15, 'node', 1),
('exists', 15, 'node', 1),
('makes', 15, 'node', 1),
('sure', 15, 'node', 1),
('clients', 15, 'node', 2),
('have', 15, 'node', 3),
('they', 15, 'node', 4),
('need', 15, 'node', 4),
('run', 15, 'node', 1),
('lives', 15, 'node', 1),
('well', 15, 'node', 1),
('possible', 15, 'node', 1),
('with', 15, 'node', 2),
('maximum', 15, 'node', 1),
('efficiency', 15, 'node', 1),
('reliability', 15, 'node', 2),
('mobile', 15, 'node', 2),
('device', 15, 'node', 2),
('users', 15, 'node', 5),
('want', 15, 'node', 2),
('everything', 15, 'node', 2),
('fingertips', 15, 'node', 2),
('there', 15, 'node', 2),
('are', 15, 'node', 1),
('increasing', 15, 'node', 1),
('number', 15, 'node', 1),
('share', 15, 'node', 2),
('certain', 15, 'node', 1),
('aspects', 15, 'node', 1),
('therefore', 15, 'node', 1),
('will', 15, 'node', 3),
('allow', 15, 'node', 2),
('ability', 15, 'node', 1),
('longer', 15, 'node', 1),
('carry', 15, 'node', 1),
('wallet', 15, 'node', 1),
('purse', 15, 'node', 1),
('all', 15, 'node', 2),
('such', 15, 'node', 1),
('demographic', 15, 'node', 1),
('financial', 15, 'node', 1),
('health', 15, 'node', 1),
('insurance', 15, 'node', 1),
('government', 15, 'node', 1),
('right', 15, 'node', 1),
('stored', 15, 'node', 1),
('within', 15, 'node', 1),
('through', 15, 'node', 1),
('app', 15, 'node', 3),
('web', 15, 'node', 1),
('services', 15, 'node', 1),
('confidently', 15, 'node', 1),
('unshare', 15, 'node', 1),
('any', 15, 'node', 1),
('aspect', 15, 'node', 1),
('critical', 15, 'node', 1),
('success', 15, 'node', 2),
('give', 15, 'node', 1),
('assurance', 15, 'node', 1),
('always', 15, 'node', 1),
('when', 15, 'node', 1),
('slogan', 15, 'node', 1),
('one', 15, 'node', 3),
('website', 15, 'node', 1),
('person', 15, 'node', 2),
('truly', 15, 'node', 1),
('believe', 15, 'node', 1),
('allows', 15, 'node', 1),
('every', 15, 'node', 1),
('contact', 17, 'node', 26),
('register', 17, 'node', 1),
('info', 17, 'node', 12),
('7702', 17, 'node', 1),
('east', 17, 'node', 1),
('doubletree', 17, 'node', 1),
('ranch', 17, 'node', 1),
('suite', 17, 'node', 1),
('300', 17, 'node', 1),
('scottsdale', 17, 'node', 1),
('arizona', 17, 'node', 1),
('85258', 17, 'node', 1),
('email', 17, 'node', 1),
('address', 17, 'node', 1),
('registermyinfocom', 17, 'node', 11),
('telephone', 17, 'node', 1),
('number', 17, 'node', 1),
('2147483647', 17, 'node', 1),
('how', 18, 'node', 30.2984),
('its', 18, 'node', 26),
('works', 18, 'node', 26.8453),
('users', 18, 'node', 5.25338),
('will', 18, 'node', 7.27465),
('able', 18, 'node', 1),
('create', 18, 'node', 2.19158),
('and', 18, 'node', 24.4288),
('curate', 18, 'node', 1.74529),
('their', 18, 'node', 6.03232),
('own', 18, 'node', 1),
('personal', 18, 'node', 5.58775),
('content', 18, 'node', 5.74529),
('share', 18, 'node', 9.67769),
('unshare', 18, 'node', 1.7974),
('most', 18, 'node', 5),
('relevant', 18, 'node', 1),
('widely', 18, 'node', 1),
('popular', 18, 'node', 1),
('used', 18, 'node', 1.55096),
('information', 18, 'node', 19.394),
('rmi', 18, 'node', 16.503),
('not', 18, 'node', 2.62189),
('aggregator', 18, 'node', 1),
('does', 18, 'node', 2),
('search', 18, 'node', 2.70376),
('the', 18, 'node', 17.0813),
('internet', 18, 'node', 1.70376),
('for', 18, 'node', 11.3873),
('individual', 18, 'node', 4.66116),
('store', 18, 'node', 2.34265),
('like', 18, 'node', 2.48091),
('computer', 18, 'node', 1),
('software', 18, 'node', 1),
('program', 18, 'node', 1),
('would', 18, 'node', 1),
('data', 18, 'node', 2),
('rather', 18, 'node', 1),
('represents', 18, 'node', 3),
('important', 18, 'node', 2.58143),
('curation', 18, 'node', 4.15475),
('product', 18, 'node', 2.31511),
('you', 18, 'node', 18.4272),
('allows', 18, 'node', 4.34402),
('user', 18, 'node', 2),
('use', 18, 'node', 1),
('closed', 18, 'node', 1),
('system', 18, 'node', 1),
('that', 18, 'node', 7.20928),
('organize', 18, 'node', 1),
('maintain', 18, 'node', 1),
('manually', 18, 'node', 1),
('update', 18, 'node', 1),
('what', 18, 'node', 3.91696),
('daily', 18, 'node', 1),
('lives', 18, 'node', 1),
('basically', 18, 'node', 1),
('updated', 18, 'node', 1),
('way', 18, 'node', 2.44727),
('work', 18, 'node', 1),
('register', 18, 'node', 1.56644),
('info', 18, 'node', 1),
('new', 18, 'node', 2.57323),
('webbased', 18, 'node', 1),
('mobile', 18, 'node', 4.58864),
('device', 18, 'node', 3.58864),
('application', 18, 'node', 1),
('service', 18, 'node', 1),
('help', 18, 'node', 2.34265),
('solve', 18, 'node', 1),
('several', 18, 'node', 1),
('needs', 18, 'node', 1),
('fastemerging', 18, 'node', 1),
('market', 18, 'node', 1),
('storage', 18, 'node', 2),
('sharing', 18, 'node', 6.53397),
('company', 18, 'node', 4.70158),
('developing', 18, 'node', 1),
('filesharing', 18, 'node', 1),
('platform', 18, 'node', 2.55096),
('app', 18, 'node', 1.62189),
('dissemination', 18, 'node', 1),
('business', 18, 'node', 1.66116),
('our', 18, 'node', 3.66492),
('parent', 18, 'node', 1),
('name', 18, 'node', 1),
('infinitude', 18, 'node', 3.19883),
('inc', 18, 'node', 1),
('offers', 18, 'node', 1),
('infinite', 18, 'node', 1.92384),
('amount', 18, 'node', 1.92384),
('stored', 18, 'node', 2.30174),
('curated', 18, 'node', 1),
('shared', 18, 'node', 1.6956),
('may', 18, 'node', 1),
('enter', 18, 'node', 1),
('all', 18, 'node', 6.44967),
('concerning', 18, 'node', 1),
('demographics', 18, 'node', 1),
('financial', 18, 'node', 1),
('employment', 18, 'node', 1),
('health', 18, 'node', 1),
('insurance', 18, 'node', 3.70158),
('credit', 18, 'node', 0.997306),
('card', 18, 'node', 1.59788),
('identification', 18, 'node', 1.59375),
('social', 18, 'node', 1.77444),
('networking', 18, 'node', 1.77038),
('sites', 18, 'node', 0.976851),
('purchased', 18, 'node', 0.972861),
('products', 18, 'node', 1.64494),
('warranty', 18, 'node', 1.62796),
('likes', 18, 'node', 0.961087),
('dislikes', 18, 'node', 0.957226),
('recommendations', 18, 'node', 0.953396),
('nonrecommendations', 18, 'node', 0.949597),
('whatever', 18, 'node', 0.945829),
('else', 18, 'node', 0.942091),
('can', 18, 'node', 6.5364),
('think', 18, 'node', 0.934703),
('whew', 18, 'node', 0.931053),
('said', 18, 'node', 0.927431),
('about', 18, 'node', 1.60178),
('some', 18, 'node', 0.920273),
('examples', 18, 'node', 0.916736),
('say', 18, 'node', 3.74768),
('walk', 18, 'node', 0.909743),
('into', 18, 'node', 1.60189),
('doctor', 18, 'node', 1.70831),
('dentist', 18, 'node', 1.70491),
('office', 18, 'node', 0.896076),
('check', 18, 'node', 0.892724),
('they', 18, 'node', 2.18954),
('ask', 18, 'node', 1.57969),
('your', 18, 'node', 11.8204),
('well', 18, 'node', 2.41736),
('ton', 18, 'node', 1.58216),
('forms', 18, 'node', 0.873132),
('fill', 18, 'node', 0.869951),
('out', 18, 'node', 0.866793),
('have', 18, 'node', 5.49697),
('been', 18, 'node', 0.860547),
('there', 18, 'node', 2.23742),
('know', 18, 'node', 0.854391),
('cumbersome', 18, 'node', 0.851346),
('here', 18, 'node', 4.17086),
('this', 18, 'node', 3.63566),
('situation', 18, 'node', 0.842342),
('film', 18, 'node', 3.35754),
('video', 18, 'node', 6.21979),
('insert', 18, 'node', 3.33412),
('with', 18, 'node', 7.17497),
('prefilled', 18, 'node', 0.827757),
('now', 18, 'node', 0.824901),
('click', 18, 'node', 0.822065),
('button', 18, 'node', 0.819249),
('scan', 18, 'node', 0.816452),
('get', 18, 'node', 1.50527),
('choose', 18, 'node', 1.5728),
('want', 18, 'node', 2.93596),
('great', 18, 'node', 0.805455),
('thing', 18, 'node', 0.802752),
('also', 18, 'node', 2.08494),
('anytime', 18, 'node', 1.45316),
('future', 18, 'node', 0.794753),
('latest', 18, 'node', 0.792123),
('schemes', 18, 'node', 0.78951),
('from', 18, 'node', 1.53221),
('facebook', 18, 'node', 0.784336),
('twitter', 18, 'node', 0.781775),
('pinterest', 18, 'node', 0.779231),
('others', 18, 'node', 0.776703),
('but', 18, 'node', 2.74139),
('don', 18, 'node', 0.771698),
('visit', 18, 'node', 1.49205),
('each', 18, 'node', 2.21025),
('website', 18, 'node', 0.76431),
('whom', 18, 'node', 0.76188),
('too', 18, 'node', 0.759465),
('much', 18, 'node', 0.757065),
('time', 18, 'node', 2.00346),
('wasted', 18, 'node', 0.752312),
('doing', 18, 'node', 0.749958),
('right', 18, 'node', 1.36951),
('any', 18, 'node', 2.6787),
('site', 18, 'node', 2.1843),
('then', 18, 'node', 0.740689),
('selected', 18, 'node', 1.46783),
('friends', 18, 'node', 1.42973),
('colleagues', 18, 'node', 1.42748),
('businesses', 18, 'node', 0.731649),
('through', 18, 'node', 2.07197),
('instead', 18, 'node', 0.727213),
('having', 18, 'node', 0.725015),
('single', 18, 'node', 0.722831),
('individually', 18, 'node', 0.72066),
('another', 18, 'node', 1.37966),
('example', 18, 'node', 0.716357),
('are', 18, 'node', 1.9748),
('looking', 18, 'node', 0.712106),
('car', 18, 'node', 1.4016),
('sure', 18, 'node', 1.35835),
('ways', 18, 'node', 0.705825),
('find', 18, 'node', 0.703756),
('better', 18, 'node', 0.7017),
('than', 18, 'node', 0.699655),
('tap', 18, 'node', 0.697623),
('network', 18, 'node', 1.38324),
('recommendation', 18, 'node', 2.07084),
('best', 18, 'node', 1.84612),
('based', 18, 'node', 0.689612),
('addition', 18, 'node', 0.687638),
('friend', 18, 'node', 0.685676),
('colleague', 18, 'node', 0.683725),
('directly', 18, 'node', 1.28052),
('already', 18, 'node', 0.679856),
('purchasing', 18, 'node', 0.677939),
('online', 18, 'node', 0.676032),
('just', 18, 'node', 1.29125),
('bought', 18, 'node', 1.33891),
('laptop', 18, 'node', 1.32435),
('item', 18, 'node', 0.668514),
('purchase', 18, 'node', 0.66666),
('date', 18, 'node', 0.664818),
('allow', 18, 'node', 1.90869),
('storing', 18, 'node', 0.661163),
('one', 18, 'node', 1.27646),
('place', 18, 'node', 0.657549),
('reason', 18, 'node', 0.655756),
('was', 18, 'node', 0.653974),
('stolen', 18, 'node', 1.27409),
('tracking', 18, 'node', 0.650439),
('systems', 18, 'node', 0.648686),
('nowadays', 18, 'node', 0.646943),
('could', 18, 'node', 0.645209),
('quickly', 18, 'node', 0.643484),
('pull', 18, 'node', 0.641769),
('serial', 18, 'node', 0.640063),
('number', 18, 'node', 0.638366),
('law', 18, 'node', 1.25697),
('enforcement', 18, 'node', 1.25529),
('them', 18, 'node', 0.63333),
('zero', 18, 'node', 1.24878),
('bet', 18, 'node', 0.630018),
('increase', 18, 'node', 0.628375),
('chances', 18, 'node', 0.62674),
('obtaining', 18, 'node', 0.625114),
('items', 18, 'node', 0.623497),
('only', 18, 'node', 0.621888),
('start', 18, 'node', 0.620288),
('claim', 18, 'node', 0.618696),
('other', 18, 'node', 0.617112),
('things', 18, 'node', 0.615536),
('hopes', 18, 'node', 1.17515),
('develop', 18, 'node', 0.61241),
('fully', 18, 'node', 0.610858),
('digital', 18, 'node', 0.609315),
('government', 18, 'node', 0.60778),
('approved', 18, 'node', 0.606252),
('such', 18, 'node', 0.604732),
('driver', 18, 'node', 0.60322),
('license', 18, 'node', 0.601716),
('goal', 18, 'node', 0.600219),
('hands', 18, 'node', 0.59873),
('via', 18, 'node', 0.597248),
('ultimately', 18, 'node', 0.595774),
('believe', 18, 'node', 1.17855),
('full', 18, 'node', 0.592848),
('capacity', 18, 'node', 0.591395),
('longer', 18, 'node', 0.58995),
('need', 18, 'node', 0.588512),
('carry', 18, 'node', 0.587082),
('wallet', 18, 'node', 0.585658),
('safe', 18, 'node', 0.584241),
('secure', 18, 'node', 0.582831),
('why', 18, 'node', 0.581429),
('has', 18, 'node', 0.580033),
('invested', 18, 'node', 0.578643),
('levels', 18, 'node', 0.577261),
('security', 18, 'node', 0.575885),
('including', 18, 'node', 0.574516),
('adhering', 18, 'node', 0.573154),
('hippa', 18, 'node', 0.571798),
('pci', 18, 'node', 0.570448),
('dss', 18, 'node', 0.569105),
('requirements', 18, 'node', 0.567769),
('safely', 18, 'node', 0.566439),
('efficiently', 18, 'node', 0.565115),
('appropriately', 18, 'node', 0.563797),
('summary', 18, 'node', 0.562486),
('offer', 18, 'node', 0.561181),
('ability', 18, 'node', 0.559882),
('everything', 18, 'node', 0.558589),
('review', 18, 'node', 0.557303),
('options', 18, 'node', 0.556022),
('limitless', 18, 'node', 0.554747),
('enjoy', 18, 'node', 0.553478),
('saying', 18, 'node', 0.552215),
('actual', 18, 'node', 2.20383),
('today', 18, 'node', 2.19883),
('world', 18, 'node', 2.19385),
('about', 20, 'node', 26),
('gil', 20, 'node', 1),
('ortega', 20, 'node', 4),
('started', 20, 'node', 1),
('register', 20, 'node', 1),
('info', 20, 'node', 1),
('rmi', 20, 'node', 2),
('after', 20, 'node', 3),
('years', 20, 'node', 3),
('frustration', 20, 'node', 1),
('not', 20, 'node', 3),
('being', 20, 'node', 2),
('able', 20, 'node', 1),
('carry', 20, 'node', 1),
('and', 20, 'node', 10),
('share', 20, 'node', 2),
('data', 20, 'node', 2),
('efficiently', 20, 'node', 1),
('both', 20, 'node', 1),
('personal', 20, 'node', 4),
('business', 20, 'node', 5),
('methods', 20, 'node', 3),
('engaged', 20, 'node', 1),
('many', 20, 'node', 1),
('discussions', 20, 'node', 1),
('with', 20, 'node', 6.99731),
('companies', 20, 'node', 4),
('trying', 20, 'node', 1),
('help', 20, 'node', 2),
('facilitate', 20, 'node', 1),
('improved', 20, 'node', 1),
('communicating', 20, 'node', 1),
('sharing', 20, 'node', 4),
('information', 20, 'node', 3),
('healthcare', 20, 'node', 1),
('financial', 20, 'node', 1),
('markets', 20, 'node', 1),
('however', 20, 'node', 1),
('trial', 20, 'node', 1),
('tribulations', 20, 'node', 1),
('while', 20, 'node', 1),
('working', 20, 'node', 1),
('different', 20, 'node', 2),
('found', 20, 'node', 1),
('that', 20, 'node', 2),
('his', 20, 'node', 2),
('message', 20, 'node', 2),
('was', 20, 'node', 4),
('always', 20, 'node', 1),
('lost', 20, 'node', 1),
('translation', 20, 'node', 1),
('large', 20, 'node', 1),
('the', 20, 'node', 6),
('provide', 20, 'node', 2),
('user', 20, 'node', 2.99731),
('what', 20, 'node', 1),
('they', 20, 'node', 1.99315),
('need', 20, 'node', 1.99315),
('right', 20, 'node', 1.99315),
('their', 20, 'node', 2.99315),
('fingertips', 20, 'node', 1.99315),
('mobile', 20, 'node', 3),
('devices', 20, 'node', 1),
('seemed', 20, 'node', 1),
('too', 20, 'node', 1),
('complicated', 20, 'node', 1),
('for', 20, 'node', 2),
('individual', 20, 'node', 1),
('realize', 20, 'node', 1),
('done', 20, 'node', 1),
('effectively', 20, 'node', 1),
('case', 20, 'node', 1),
('before', 20, 'node', 1),
('users', 20, 'node', 1),
('had', 20, 'node', 1),
('have', 20, 'node', 1),
('several', 20, 'node', 1),
('websites', 20, 'node', 1),
('applications', 20, 'node', 1),
('store', 20, 'node', 1),
('furthermore', 20, 'node', 1),
('most', 20, 'node', 1),
('these', 20, 'node', 1),
('were', 20, 'node', 1),
('compatible', 20, 'node', 1),
('finally', 20, 'node', 1),
('searching', 20, 'node', 1),
('answer', 20, 'node', 1),
('solve', 20, 'node', 1),
('problem', 20, 'node', 1),
('inefficiencies', 20, 'node', 1),
('decided', 20, 'node', 1),
('build', 20, 'node', 1),
('own', 20, 'node', 1),
('company', 20, 'node', 1),
('fulfill', 20, 'node', 1),
('needs', 20, 'node', 1),
('every', 20, 'node', 1),
('device', 20, 'node', 1),
('bottom', 20, 'node', 1),
('line', 20, 'node', 1),
('desire', 20, 'node', 1),
('each', 20, 'node', 1),
('everything', 20, 'node', 0.997306),
('welcome', 21, 'node', 27),
('register', 21, 'node', 27),
('info', 21, 'node', 27),
('our', 21, 'node', 2),
('company', 21, 'node', 1),
('looks', 21, 'node', 1),
('forward', 21, 'node', 1),
('serving', 21, 'node', 1),
('you', 21, 'node', 1),
('slogan', 21, 'node', 1),
('states', 21, 'node', 1),
('are', 21, 'node', 1),
('one', 21, 'node', 3),
('app', 21, 'node', 1),
('website', 21, 'node', 1),
('person', 21, 'node', 1),
('get', 21, 'node', 11),
('started', 21, 'node', 11),
('terms', 22, 'node', 26),
('rmi', 22, 'node', 3),
('statement', 22, 'node', 1),
('rights', 22, 'node', 1),
('and', 22, 'node', 2),
('responsibilities', 22, 'node', 1),
('governs', 22, 'node', 1),
('the', 22, 'node', 3),
('relationship', 22, 'node', 1),
('between', 22, 'node', 1),
('users', 22, 'node', 2),
('others', 22, 'node', 1),
('that', 22, 'node', 1),
('use', 22, 'node', 1),
('engaging', 22, 'node', 1),
('uses', 22, 'node', 1),
('agree', 22, 'node', 1),
('following', 22, 'node', 1),
('statements', 22, 'node', 1),
('privacy', 23, 'node', 38.2274),
('policy', 23, 'node', 28),
('protecting', 23, 'node', 1.49883),
('your', 23, 'node', 27.4236),
('private', 23, 'node', 1),
('information', 23, 'node', 34.4733),
('our', 23, 'node', 4),
('priority', 23, 'node', 1),
('this', 23, 'node', 12.9205),
('statement', 23, 'node', 6.94888),
('applies', 23, 'node', 1),
('the', 23, 'node', 36.746),
('wwwregistermyinfocom', 23, 'node', 22),
('and', 23, 'node', 21.8986),
('register', 23, 'node', 3.07047),
('info', 23, 'node', 24.1391),
('governs', 23, 'node', 1),
('data', 23, 'node', 3.64469),
('collection', 23, 'node', 5),
('usage', 23, 'node', 1),
('for', 23, 'node', 5.64089),
('purposes', 23, 'node', 1.61241),
('unless', 23, 'node', 1),
('otherwise', 23, 'node', 1.49376),
('noted', 23, 'node', 1),
('all', 23, 'node', 2.22139),
('references', 23, 'node', 1),
('include', 23, 'node', 1.98902),
('rmi', 23, 'node', 32.8668),
('website', 23, 'node', 7.84126),
('sharing', 23, 'node', 1),
('site', 23, 'node', 2.26539),
('using', 23, 'node', 1.70791),
('you', 23, 'node', 25.2078),
('consent', 23, 'node', 1),
('practices', 23, 'node', 4),
('described', 23, 'node', 1),
('truste', 23, 'node', 7),
('program', 23, 'node', 5),
('licensee', 23, 'node', 1),
('independent', 23, 'node', 1.54476),
('organization', 23, 'node', 1),
('whose', 23, 'node', 1),
('mission', 23, 'node', 1),
('build', 23, 'node', 1),
('users', 23, 'node', 2.1608),
('trust', 23, 'node', 1.5387),
('confidence', 23, 'node', 1),
('internet', 23, 'node', 1.53632),
('promoting', 23, 'node', 1),
('use', 23, 'node', 12.3635),
('fair', 23, 'node', 1),
('because', 23, 'node', 1),
('want', 23, 'node', 1),
('demonstrate', 23, 'node', 1),
('commitment', 23, 'node', 1),
('have', 23, 'node', 5.00837),
('agreed', 23, 'node', 1),
('disclose', 23, 'node', 2.60535),
('reviewed', 23, 'node', 1),
('compliance', 23, 'node', 1),
('questions', 23, 'node', 1.47543),
('concerns', 23, 'node', 1),
('regarding', 23, 'node', 2.40193),
('should', 23, 'node', 1),
('first', 23, 'node', 1),
('contact', 23, 'node', 4.96284),
('registermyinfocom', 23, 'node', 21.6674),
('personal', 23, 'node', 14.6303),
('may', 23, 'node', 11.7972),
('collect', 23, 'node', 4.38216),
('personally', 23, 'node', 4.91905),
('identifiable', 23, 'node', 4.00931),
('such', 23, 'node', 5.08955),
('name', 23, 'node', 1.74762),
('purchase', 23, 'node', 2),
('products', 23, 'node', 1.82206),
('services', 23, 'node', 6.64203),
('billing', 23, 'node', 1.58995),
('credit', 23, 'node', 1.55475),
('card', 23, 'node', 1.55475),
('used', 23, 'node', 3.47286),
('complete', 23, 'node', 1),
('transaction', 23, 'node', 1),
('also', 23, 'node', 3.12337),
('anonymous', 23, 'node', 1),
('demographic', 23, 'node', 1),
('which', 23, 'node', 1),
('not', 23, 'node', 4.94787),
('unique', 23, 'node', 1.74996),
('age', 23, 'node', 2.04941),
('gender', 23, 'node', 1),
('household', 23, 'node', 1),
('income', 23, 'node', 1),
('gather', 23, 'node', 1),
('additional', 23, 'node', 1),
('nonpersonal', 23, 'node', 1),
('future', 23, 'node', 1),
('about', 23, 'node', 2.56492),
('computer', 23, 'node', 1.62189),
('hardware', 23, 'node', 1),
('software', 23, 'node', 1),
('automatically', 23, 'node', 1.56911),
('collected', 23, 'node', 1.89003),
('can', 23, 'node', 4.69765),
('address', 23, 'node', 2.2003),
('browser', 23, 'node', 1.55005),
('type', 23, 'node', 0.980874),
('domain', 23, 'node', 1.59396),
('names', 23, 'node', 0.972861),
('access', 23, 'node', 1.45672),
('times', 23, 'node', 0.96498),
('referring', 23, 'node', 0.961087),
('addresses', 23, 'node', 2.13569),
('operation', 23, 'node', 0.953396),
('service', 23, 'node', 1.88798),
('maintain', 23, 'node', 1.64548),
('quality', 23, 'node', 0.942091),
('provide', 23, 'node', 2.97512),
('general', 23, 'node', 0.934703),
('statistics', 23, 'node', 0.931053),
('please', 23, 'node', 1.39917),
('keep', 23, 'node', 0.923838),
('mind', 23, 'node', 0.920273),
('that', 23, 'node', 7.98553),
('directly', 23, 'node', 0.913226),
('sensitive', 23, 'node', 0.909743),
('through', 23, 'node', 1.4585),
('public', 23, 'node', 1.5533),
('message', 23, 'node', 0.899454),
('boards', 23, 'node', 0.896076),
('others', 23, 'node', 0.892724),
('encourages', 23, 'node', 1.39028),
('review', 23, 'node', 1.38595),
('statements', 23, 'node', 1.73416),
('websites', 23, 'node', 3.69441),
('choose', 23, 'node', 1.43882),
('link', 23, 'node', 0.873132),
('from', 23, 'node', 4.20173),
('understand', 23, 'node', 0.866793),
('how', 23, 'node', 1.36249),
('those', 23, 'node', 1.61286),
('share', 23, 'node', 1.59587),
('responsible', 23, 'node', 0.854391),
('other', 23, 'node', 2.22689),
('content', 23, 'node', 1.33516),
('outside', 23, 'node', 0.845322),
('collects', 23, 'node', 0.842342),
('uses', 23, 'node', 0.839384),
('operate', 23, 'node', 0.836446),
('its', 23, 'node', 2.43455),
('deliver', 23, 'node', 1.45413),
('requested', 23, 'node', 0.827757),
('inform', 23, 'node', 0.824901),
('available', 23, 'node', 0.822065),
('affiliates', 23, 'node', 0.819249),
('via', 23, 'node', 1.30135),
('surveys', 23, 'node', 0.813674),
('conduct', 23, 'node', 0.810915),
('research', 23, 'node', 0.808176),
('opinion', 23, 'node', 0.805455),
('current', 23, 'node', 0.802752),
('potential', 23, 'node', 0.800068),
('new', 23, 'node', 0.797402),
('offered', 23, 'node', 0.794753),
('does', 23, 'node', 1.31797),
('sell', 23, 'node', 0.78951),
('rent', 23, 'node', 0.786915),
('lease', 23, 'node', 0.784336),
('customer', 23, 'node', 2.0022),
('lists', 23, 'node', 0.779231),
('third', 23, 'node', 2.2295),
('parties', 23, 'node', 1.4863),
('time', 23, 'node', 2.63263),
('behalf', 23, 'node', 0.769219),
('external', 23, 'node', 0.766757),
('business', 23, 'node', 0.76431),
('partners', 23, 'node', 1.49577),
('particular', 23, 'node', 0.759465),
('offering', 23, 'node', 0.757065),
('interest', 23, 'node', 0.754681),
('cases', 23, 'node', 0.752312),
('email', 23, 'node', 2.92745),
('telephone', 23, 'node', 1.21128),
('number', 23, 'node', 1.7637),
('transferred', 23, 'node', 0.742984),
('party', 23, 'node', 0.740689),
('with', 23, 'node', 2.00939),
('trusted', 23, 'node', 0.736141),
('help', 23, 'node', 1.38257),
('perform', 23, 'node', 0.731649),
('statistical', 23, 'node', 0.729424),
('analysis', 23, 'node', 0.727213),
('send', 23, 'node', 0.725015),
('postal', 23, 'node', 0.722831),
('mail', 23, 'node', 0.72066),
('support', 23, 'node', 0.718502),
('arrange', 23, 'node', 0.716357),
('deliveries', 23, 'node', 0.714225),
('are', 23, 'node', 2.5604);
INSERT INTO `search_index` (`word`, `sid`, `type`, `score`) VALUES
('prohibited', 23, 'node', 0.71),
('except', 23, 'node', 0.707906),
('these', 23, 'node', 0.705825),
('they', 23, 'node', 0.703756),
('required', 23, 'node', 1.39131),
('confidentiality', 23, 'node', 0.699655),
('will', 23, 'node', 2.22015),
('without', 23, 'node', 0.695602),
('notice', 23, 'node', 0.693594),
('only', 23, 'node', 1.31029),
('law', 23, 'node', 1.36375),
('good', 23, 'node', 0.687638),
('faith', 23, 'node', 0.685676),
('belief', 23, 'node', 0.683725),
('action', 23, 'node', 0.681785),
('necessary', 23, 'node', 0.679856),
('conform', 23, 'node', 0.677939),
('edicts', 23, 'node', 0.676032),
('comply', 23, 'node', 0.674137),
('legal', 23, 'node', 1.16302),
('process', 23, 'node', 1.26177),
('served', 23, 'node', 0.668514),
('protect', 23, 'node', 1.31886),
('defend', 23, 'node', 0.664818),
('rights', 23, 'node', 0.662985),
('property', 23, 'node', 1.19511),
('act', 23, 'node', 0.659351),
('under', 23, 'node', 3.81491),
('exigent', 23, 'node', 0.655756),
('circumstances', 23, 'node', 0.653974),
('safety', 23, 'node', 0.652202),
('cookies', 23, 'node', 7.3803),
('personalize', 23, 'node', 1.24891),
('online', 23, 'node', 0.646943),
('experience', 23, 'node', 1.20509),
('cookie', 23, 'node', 2.464),
('text', 23, 'node', 0.641769),
('file', 23, 'node', 0.640063),
('placed', 23, 'node', 0.638366),
('hard', 23, 'node', 0.636679),
('disk', 23, 'node', 0.635),
('web', 23, 'node', 2.95607),
('page', 23, 'node', 1.76383),
('server', 23, 'node', 1.85186),
('cannot', 23, 'node', 0.628375),
('run', 23, 'node', 0.62674),
('programs', 23, 'node', 0.625114),
('viruses', 23, 'node', 0.623497),
('uniquely', 23, 'node', 0.621888),
('assigned', 23, 'node', 0.620288),
('read', 23, 'node', 0.618696),
('issued', 23, 'node', 0.617112),
('one', 23, 'node', 0.615536),
('primary', 23, 'node', 0.613969),
('convenience', 23, 'node', 0.61241),
('feature', 23, 'node', 0.610858),
('save', 23, 'node', 0.609315),
('purpose', 23, 'node', 0.60778),
('tell', 23, 'node', 0.606252),
('returned', 23, 'node', 0.604732),
('specific', 23, 'node', 1.19899),
('example', 23, 'node', 0.601716),
('pages', 23, 'node', 0.600219),
('helps', 23, 'node', 0.59873),
('recall', 23, 'node', 0.597248),
('subsequent', 23, 'node', 0.595774),
('visits', 23, 'node', 0.594307),
('simplifies', 23, 'node', 0.592848),
('recording', 23, 'node', 0.591395),
('shipping', 23, 'node', 0.58995),
('when', 23, 'node', 1.14326),
('return', 23, 'node', 0.587082),
('same', 23, 'node', 0.585658),
('previously', 23, 'node', 0.584241),
('provided', 23, 'node', 0.582831),
('retrieved', 23, 'node', 0.581429),
('easily', 23, 'node', 0.580033),
('features', 23, 'node', 1.13723),
('customized', 23, 'node', 0.577261),
('ability', 23, 'node', 0.575885),
('accept', 23, 'node', 1.14362),
('decline', 23, 'node', 1.69944),
('most', 23, 'node', 0.571798),
('browsers', 23, 'node', 0.570448),
('but', 23, 'node', 0.569105),
('usually', 23, 'node', 0.567769),
('modify', 23, 'node', 0.566439),
('setting', 23, 'node', 0.565115),
('prefer', 23, 'node', 0.563797),
('able', 23, 'node', 0.562486),
('fully', 23, 'node', 0.561181),
('interactive', 23, 'node', 0.559882),
('visit', 23, 'node', 0.558589),
('security', 23, 'node', 2.22921),
('verisign', 23, 'node', 3.23316),
('transmitted', 23, 'node', 0.554747),
('protected', 23, 'node', 0.553478),
('encryption', 23, 'node', 0.552215),
('secure', 23, 'node', 0.550958),
('sockets', 23, 'node', 0.549707),
('layer', 23, 'node', 0.548462),
('ssl', 23, 'node', 0.547222),
('protocol', 23, 'node', 0.545988),
('thirdparty', 23, 'node', 0.544759),
('company', 23, 'node', 1.04546),
('engaged', 23, 'node', 0.542319),
('development', 23, 'node', 0.541108),
('digital', 23, 'node', 1.07622),
('provides', 23, 'node', 0.538701),
('authentication', 23, 'node', 0.537506),
('identity', 23, 'node', 0.536316),
('intellectual', 23, 'node', 0.535131),
('clicking', 23, 'node', 0.533952),
('logo', 23, 'node', 0.532778),
('serve', 23, 'node', 0.53161),
('confirms', 23, 'node', 0.530446),
('authenticated', 23, 'node', 0.529288),
('children', 23, 'node', 2.63724),
('thirteen', 23, 'node', 3.15736),
('knowingly', 23, 'node', 0.525844),
('must', 23, 'node', 0.524706),
('ask', 23, 'node', 0.523573),
('parent', 23, 'node', 0.522445),
('guardian', 23, 'node', 0.521322),
('permission', 23, 'node', 0.520204),
('optout', 23, 'node', 3.10032),
('unsubscribe', 23, 'node', 2.07193),
('respect', 23, 'node', 0.516879),
('give', 23, 'node', 0.51578),
('opportunity', 23, 'node', 0.514686),
('receiving', 23, 'node', 1.02395),
('announcements', 23, 'node', 0.512513),
('certain', 23, 'node', 0.511433),
('any', 23, 'node', 0.510357),
('communications', 23, 'node', 0.509287),
('contacting', 23, 'node', 0.508221),
('here', 23, 'node', 0.507159),
('changes', 23, 'node', 2.02441),
('occasionally', 23, 'node', 0.50505),
('update', 23, 'node', 0.504001),
('reflect', 23, 'node', 0.502958),
('feedback', 23, 'node', 0.501918),
('periodically', 23, 'node', 0.500884),
('informed', 23, 'node', 0.499853),
('termination', 23, 'node', 1.99531),
('user', 23, 'node', 1.95059),
('violates', 23, 'node', 0.496787),
('voice', 23, 'node', 0.981641),
('applied', 23, 'node', 0.980631),
('increases', 23, 'node', 0.49376),
('risk', 23, 'node', 0.492759),
('possible', 23, 'node', 0.491762),
('violations', 23, 'node', 0.490769),
('stop', 23, 'node', 0.489781),
('allowing', 23, 'node', 0.488796),
('functions', 23, 'node', 0.487816),
('violation', 23, 'node', 0.486839),
('notified', 23, 'node', 0.485867),
('next', 23, 'node', 0.484898),
('stated', 23, 'node', 0.483934),
('above', 23, 'node', 0.482973),
('delete', 23, 'node', 0.482016),
('his', 23, 'node', 0.481063),
('her', 23, 'node', 0.480114),
('account', 23, 'node', 0.479169),
('application', 23, 'node', 0.478227),
('anytime', 23, 'node', 0.47729),
('welcomes', 23, 'node', 0.476356),
('comments', 23, 'node', 0.475426),
('believe', 23, 'node', 0.474499),
('has', 23, 'node', 0.473576),
('adhered', 23, 'node', 0.472657),
('7702', 23, 'node', 0.471741),
('east', 23, 'node', 0.470829),
('doubletree', 23, 'node', 0.469921),
('ranch', 23, 'node', 0.469016),
('suite', 23, 'node', 0.468115),
('300', 23, 'node', 0.467218),
('scottsdale', 23, 'node', 0.466323),
('arizona', 23, 'node', 0.465433),
('85258', 23, 'node', 0.464545),
('2147483647', 23, 'node', 0.463662),
('effective', 23, 'node', 0.462781),
('july', 23, 'node', 0.461904),
('7', 23, 'node', 0.461031),
('2012', 23, 'node', 0.460161);

-- --------------------------------------------------------

--
-- Table structure for table `search_node_links`
--

CREATE TABLE IF NOT EXISTS `search_node_links` (
  `sid` int(10) unsigned NOT NULL DEFAULT '0',
  `type` varchar(16) NOT NULL DEFAULT '',
  `nid` int(10) unsigned NOT NULL DEFAULT '0',
  `caption` longtext,
  PRIMARY KEY (`sid`,`type`,`nid`),
  KEY `nid` (`nid`)
) ENGINE=MyISAM DEFAULT CHARSET=utf8;

--
-- Dumping data for table `search_node_links`
--


-- --------------------------------------------------------

--
-- Table structure for table `search_total`
--

CREATE TABLE IF NOT EXISTS `search_total` (
  `word` varchar(50) NOT NULL DEFAULT '',
  `count` float DEFAULT NULL,
  PRIMARY KEY (`word`)
) ENGINE=MyISAM DEFAULT CHARSET=utf8;

--
-- Dumping data for table `search_total`
--

INSERT INTO `search_total` (`word`, `count`) VALUES
('personal', 0.00808494),
('data', 0.0127201),
('dob', 0.30103),
('month', 0.0312007),
('jan', 0.0312007),
('feb', 0.0312007),
('mar', 0.0312007),
('apr', 0.0312007),
('may', 0.0162539),
('jun', 0.0312007),
('jul', 0.0312007),
('aug', 0.0312007),
('sep', 0.0312007),
('oct', 0.0312007),
('nov', 0.0312007),
('dec', 0.0312007),
('day', 0.0312007),
('1', 0.0312007),
('2', 0.0312007),
('3', 0.0312007),
('4', 0.0312007),
('5', 0.0312007),
('6', 0.0312007),
('7', 0.0302001),
('8', 0.0312007),
('9', 0.0312007),
('10', 0.0312007),
('11', 0.0312007),
('12', 0.0312007),
('13', 0.0312007),
('14', 0.0312007),
('15', 0.0312007),
('16', 0.0312007),
('17', 0.0312007),
('18', 0.0312007),
('19', 0.0312007),
('20', 0.0312007),
('21', 0.0312007),
('22', 0.0312007),
('23', 0.0312007),
('24', 0.0312007),
('25', 0.0312007),
('26', 0.0312007),
('27', 0.0312007),
('28', 0.0312007),
('29', 0.0312007),
('30', 0.0312007),
('31', 0.0312007),
('year', 0.0312007),
('1970', 0.0312007),
('1971', 0.0312007),
('1972', 0.0312007),
('1973', 0.0312007),
('1974', 0.0312007),
('1975', 0.0312007),
('1976', 0.0312007),
('1977', 0.0312007),
('1978', 0.0312007),
('1979', 0.0312007),
('1980', 0.0312007),
('1981', 0.0312007),
('1982', 0.0312007),
('1983', 0.0312007),
('1984', 0.0312007),
('1985', 0.0312007),
('1986', 0.0312007),
('1987', 0.0312007),
('1988', 0.0312007),
('1989', 0.0312068),
('1990', 0.0312161),
('1991', 0.0312254),
('1992', 0.0312406),
('1993', 0.0312591),
('1994', 0.0312775),
('1995', 0.0312957),
('1996', 0.0313138),
('1997', 0.0313317),
('1998', 0.0313496),
('1999', 0.0313673),
('2000', 0.0313849),
('2001', 0.0314023),
('2002', 0.0314197),
('2003', 0.0314369),
('2004', 0.031454),
('2005', 0.031471),
('2006', 0.0314878),
('2007', 0.0315107),
('2008', 0.0315369),
('2009', 0.0315691),
('2010', 0.0316045),
('2011', 0.0316397),
('financial', 0.0147233),
('bank', 0.30103),
('account', 0.0728046),
('info', 0.00330856),
('type', 0.0326178),
('none', 0.0352241),
('checking', 0.30103),
('savings', 0.30103),
('retirement', 0.30103),
('other', 0.0529177),
('credit', 0.0880095),
('debit', 0.30103),
('cards', 0.30103),
('mastercard', 0.30103),
('visa', 0.30103),
('american', 0.30103),
('express', 0.30103),
('discover', 0.30103),
('expiration', 0.18315),
('code', 0.30103),
('2012', 0.0329736),
('2013', 0.0545912),
('2014', 0.0547188),
('2015', 0.0548459),
('2016', 0.0549726),
('2017', 0.0550989),
('2018', 0.0552437),
('2019', 0.0553986),
('2020', 0.0555532),
('2021', 0.0723229),
('2022', 0.0725012),
('2023', 0.072679),
('2024', 0.0728563),
('2025', 0.0730331),
('2026', 0.0732093),
('2027', 0.073385),
('2028', 0.0735601),
('2029', 0.0737348),
('2030', 0.0739089),
('pin', 0.30103),
('number', 0.0557199),
('score', 0.30103),
('date', 0.0345037),
('value', 0.30103),
('loans', 0.30103),
('loan', 0.195466),
('home', 0.00770281),
('auto', 0.129456),
('boat', 0.30103),
('amount', 0.10153),
('employment', 0.0157943),
('employer', 0.182608),
('start', 0.208757),
('1940', 0.0842584),
('1941', 0.0842584),
('1942', 0.0842584),
('1943', 0.0842584),
('1944', 0.0842584),
('1945', 0.0842584),
('1946', 0.0842584),
('1947', 0.0842584),
('1948', 0.0842584),
('1949', 0.0842584),
('1950', 0.0842584),
('1951', 0.0842584),
('1952', 0.0842584),
('1953', 0.0842584),
('1954', 0.0842584),
('1955', 0.0842584),
('1956', 0.0842584),
('1957', 0.0842584),
('1958', 0.0842584),
('1959', 0.0842584),
('1960', 0.0842584),
('1961', 0.0842584),
('1962', 0.0842584),
('1963', 0.0842584),
('1964', 0.0842584),
('1965', 0.0842584),
('1966', 0.0842584),
('1967', 0.0842584),
('1968', 0.0842584),
('1969', 0.0842584),
('end', 0.30103),
('contact', 0.00743978),
('information', 0.00665323),
('annual', 0.30103),
('salary', 0.30103),
('and', 0.00458475),
('wages', 0.30103),
('allowed', 0.0718294),
('file', 0.0650017),
('formats', 0.0719789),
('are', 0.0345506),
('doc', 0.0605736),
('docx', 0.0606348),
('pdf', 0.060594),
('max', 0.048168),
('size', 0.0482003),
('2mb', 0.0482324),
('letters', 0.30103),
('recommendation', 0.127589),
('person', 0.100733),
('letter', 0.30103),
('medical', 0.0163904),
('history', 0.0157943),
('allergies', 0.30103),
('medications', 0.30103),
('family', 0.176091),
('smoker', 0.09691),
('alcohol', 0.30103),
('never', 0.30103),
('occasionally', 0.221266),
('daily', 0.176091),
('surgeries', 0.30103),
('reason', 0.205458),
('implants', 0.30103),
('joint', 0.0837831),
('replacement', 0.0838447),
('shoulder', 0.30103),
('elbow', 0.30103),
('hip', 0.30103),
('knee', 0.30103),
('ankle', 0.30103),
('dental', 0.30103),
('breast', 0.30103),
('augmentation', 0.30103),
('manufacturer', 0.30103),
('expenses', 0.0163904),
('expense', 0.30103),
('select', 0.30103),
('mortgage', 0.30103),
('rent', 0.19302),
('water', 0.30103),
('cable', 0.30103),
('phone', 0.30103),
('internet', 0.091964),
('groceries', 0.30103),
('gas', 0.30103),
('childcare', 0.30103),
('due', 0.30103),
('maintenance', 0.0163904),
('recalls', 0.0163904),
('service', 0.0994054),
('recall', 0.211141),
('government', 0.0154527),
('driver', 0.210518),
('license', 0.210674),
('passport', 0.30103),
('issued', 0.209082),
('photo', 0.188059),
('gif', 0.0594275),
('jpg', 0.0594844),
('png', 0.0595409),
('bmp', 0.190715),
('digital', 0.146305),
('insurance', 0.0139202),
('car', 0.0155669),
('registration', 0.0163904),
('automobile', 0.30103),
('business', 0.0487089),
('disability', 0.30103),
('policy', 0.0147233),
('txt', 0.0794),
('html', 0.09691),
('xls', 0.0797486),
('xlsx', 0.0798054),
('notes', 0.30103),
('favorites', 0.0163904),
('restaurant', 0.30103),
('web', 0.0133821),
('name', 0.0696626),
('telephone', 0.0762367),
('for', 0.0193371),
('example', 0.0917874),
('999', 0.176091),
('9999999', 0.176091),
('products', 0.0144938),
('warranties', 0.0163904),
('product', 0.114494),
('purchase', 0.104736),
('warranty', 0.140044),
('ppt', 0.30103),
('pptx', 0.30103),
('rar', 0.30103),
('tar', 0.30103),
('zip', 0.30103),
('manual', 0.30103),
('link', 0.190899),
('http', 0.0406112),
('wwwexamplecom', 0.040762),
('registry', 0.0163904),
('room', 0.30103),
('furniture', 0.30103),
('sites', 0.0158076),
('facebook', 0.193245),
('twitter', 0.193469),
('linkedin', 0.30103),
('pinterest', 0.193692),
('user', 0.0514687),
('password', 0.30103),
('address', 0.0763843),
('email', 0.0802457),
('cell', 0.30103),
('office', 0.183954),
('our', 0.022666),
('mission', 0.0791812),
('statement', 0.034905),
('register', 0.0108209),
('built', 0.30103),
('the', 0.00626452),
('idea', 0.30103),
('that', 0.0183314),
('individuals', 0.30103),
('require', 0.30103),
('easier', 0.30103),
('mechanism', 0.30103),
('communication', 0.30103),
('distribution', 0.30103),
('their', 0.0234488),
('amongst', 0.30103),
('friends', 0.149702),
('businesses', 0.197965),
('others', 0.104665),
('than', 0.200947),
('what', 0.0586432),
('currently', 0.30103),
('exists', 0.30103),
('makes', 0.30103),
('sure', 0.153518),
('clients', 0.176091),
('have', 0.0289534),
('they', 0.0463121),
('need', 0.0614289),
('run', 0.208099),
('lives', 0.176091),
('well', 0.111472),
('possible', 0.222807),
('with', 0.0232527),
('maximum', 0.30103),
('efficiency', 0.30103),
('reliability', 0.176091),
('mobile', 0.0430832),
('device', 0.0613682),
('users', 0.0272988),
('want', 0.0676157),
('everything', 0.107625),
('fingertips', 0.0970591),
('there', 0.0920159),
('increasing', 0.30103),
('share', 0.0275423),
('certain', 0.220533),
('aspects', 0.30103),
('therefore', 0.30103),
('will', 0.0334371),
('allow', 0.0989343),
('ability', 0.16679),
('longer', 0.211908),
('carry', 0.141931),
('wallet', 0.212362),
('purse', 0.30103),
('all', 0.0389027),
('such', 0.0604641),
('demographic', 0.176091),
('health', 0.176091),
('right', 0.089629),
('stored', 0.114901),
('within', 0.30103),
('through', 0.0866187),
('app', 0.0710996),
('services', 0.053407),
('confidently', 0.30103),
('unshare', 0.132732),
('any', 0.0929723),
('aspect', 0.30103),
('critical', 0.30103),
('success', 0.176091),
('give', 0.220036),
('assurance', 0.30103),
('always', 0.176091),
('when', 0.166305),
('slogan', 0.176091),
('one', 0.0518124),
('website', 0.0391325),
('truly', 0.30103),
('believe', 0.13891),
('allows', 0.0744964),
('every', 0.176091),
('7702', 0.225172),
('east', 0.22528),
('doubletree', 0.225389),
('ranch', 0.225497),
('suite', 0.225605),
('300', 0.225713),
('scottsdale', 0.22582),
('arizona', 0.225927),
('85258', 0.226034),
('registermyinfocom', 0.013095),
('2147483647', 0.22614),
('how', 0.0135049),
('its', 0.015011),
('works', 0.0158836),
('able', 0.143092),
('create', 0.163249),
('curate', 0.19672),
('own', 0.176091),
('content', 0.0573746),
('most', 0.0615148),
('relevant', 0.30103),
('widely', 0.30103),
('popular', 0.30103),
('used', 0.0788379),
('rmi', 0.00791521),
('not', 0.0392592),
('aggregator', 0.30103),
('does', 0.114407),
('search', 0.136675),
('individual', 0.0706444),
('store', 0.113664),
('like', 0.147082),
('computer', 0.140321),
('software', 0.176091),
('program', 0.0669468),
('would', 0.30103),
('rather', 0.30103),
('represents', 0.124939),
('important', 0.142196),
('curation', 0.0936627),
('you', 0.00962251),
('use', 0.0292299),
('closed', 0.30103),
('system', 0.30103),
('organize', 0.30103),
('maintain', 0.13925),
('manually', 0.30103),
('update', 0.221386),
('basically', 0.30103),
('updated', 0.30103),
('way', 0.148793),
('work', 0.30103),
('new', 0.112833),
('webbased', 0.30103),
('application', 0.2244),
('help', 0.0699143),
('solve', 0.176091),
('several', 0.176091),
('needs', 0.176091),
('fastemerging', 0.30103),
('market', 0.30103),
('storage', 0.176091),
('sharing', 0.0361098),
('company', 0.0527254),
('developing', 0.30103),
('filesharing', 0.30103),
('platform', 0.143642),
('dissemination', 0.30103),
('parent', 0.21928),
('infinitude', 0.118137),
('inc', 0.30103),
('offers', 0.30103),
('infinite', 0.181785),
('curated', 0.30103),
('shared', 0.201332),
('enter', 0.30103),
('concerning', 0.30103),
('demographics', 0.30103),
('card', 0.11965),
('identification', 0.211508),
('social', 0.194114),
('networking', 0.194473),
('purchased', 0.30103),
('likes', 0.30103),
('dislikes', 0.30103),
('recommendations', 0.30103),
('nonrecommendations', 0.30103),
('whatever', 0.30103),
('else', 0.30103),
('can', 0.0370339),
('think', 0.30103),
('whew', 0.30103),
('said', 0.30103),
('about', 0.014163),
('some', 0.30103),
('examples', 0.30103),
('say', 0.102719),
('walk', 0.30103),
('into', 0.210656),
('doctor', 0.200132),
('dentist', 0.200452),
('check', 0.30103),
('ask', 0.168925),
('your', 0.0109279),
('ton', 0.212733),
('forms', 0.30103),
('fill', 0.30103),
('out', 0.30103),
('been', 0.30103),
('know', 0.30103),
('cumbersome', 0.30103),
('here', 0.0841349),
('this', 0.02547),
('situation', 0.30103),
('film', 0.11322),
('video', 0.0647488),
('insert', 0.11392),
('prefilled', 0.30103),
('now', 0.30103),
('click', 0.30103),
('button', 0.30103),
('scan', 0.30103),
('get', 0.0334102),
('choose', 0.12452),
('great', 0.30103),
('thing', 0.30103),
('also', 0.0762766),
('anytime', 0.181276),
('future', 0.192339),
('latest', 0.30103),
('schemes', 0.30103),
('from', 0.0698161),
('but', 0.114634),
('don', 0.30103),
('visit', 0.172502),
('each', 0.117769),
('whom', 0.30103),
('too', 0.195444),
('much', 0.30103),
('time', 0.084826),
('wasted', 0.30103),
('doing', 0.30103),
('site', 0.088042),
('then', 0.30103),
('selected', 0.225639),
('colleagues', 0.230585),
('instead', 0.30103),
('having', 0.30103),
('single', 0.30103),
('individually', 0.30103),
('another', 0.236742),
('looking', 0.30103),
('ways', 0.30103),
('find', 0.30103),
('better', 0.30103),
('tap', 0.30103),
('network', 0.23627),
('best', 0.187993),
('based', 0.30103),
('addition', 0.30103),
('friend', 0.30103),
('colleague', 0.30103),
('directly', 0.163114),
('already', 0.30103),
('purchasing', 0.30103),
('online', 0.244493),
('just', 0.249062),
('bought', 0.242262),
('laptop', 0.244299),
('item', 0.30103),
('storing', 0.30103),
('place', 0.30103),
('was', 0.0845298),
('stolen', 0.251608),
('tracking', 0.30103),
('systems', 0.30103),
('nowadays', 0.30103),
('could', 0.30103),
('quickly', 0.30103),
('pull', 0.30103),
('serial', 0.30103),
('law', 0.140375),
('enforcement', 0.254459),
('them', 0.30103),
('zero', 0.255461),
('bet', 0.30103),
('increase', 0.30103),
('chances', 0.30103),
('obtaining', 0.30103),
('items', 0.30103),
('only', 0.181143),
('claim', 0.30103),
('things', 0.30103),
('hopes', 0.267396),
('develop', 0.30103),
('fully', 0.267925),
('approved', 0.30103),
('goal', 0.30103),
('hands', 0.30103),
('via', 0.183755),
('ultimately', 0.30103),
('full', 0.30103),
('capacity', 0.30103),
('safe', 0.30103),
('secure', 0.274619),
('why', 0.30103),
('has', 0.289838),
('invested', 0.30103),
('levels', 0.30103),
('security', 0.132418),
('including', 0.30103),
('adhering', 0.30103),
('hippa', 0.30103),
('pci', 0.30103),
('dss', 0.30103),
('requirements', 0.30103),
('safely', 0.30103),
('efficiently', 0.214561),
('appropriately', 0.30103),
('summary', 0.30103),
('offer', 0.30103),
('review', 0.180298),
('options', 0.30103),
('limitless', 0.30103),
('enjoy', 0.30103),
('saying', 0.30103),
('actual', 0.162491),
('today', 0.1628),
('world', 0.163108),
('gil', 0.30103),
('ortega', 0.09691),
('started', 0.0347621),
('after', 0.124939),
('years', 0.124939),
('frustration', 0.30103),
('being', 0.176091),
('both', 0.30103),
('methods', 0.124939),
('engaged', 0.217056),
('many', 0.30103),
('discussions', 0.30103),
('companies', 0.09691),
('trying', 0.30103),
('facilitate', 0.30103),
('improved', 0.30103),
('communicating', 0.30103),
('healthcare', 0.30103),
('markets', 0.30103),
('however', 0.30103),
('trial', 0.30103),
('tribulations', 0.30103),
('while', 0.30103),
('working', 0.30103),
('different', 0.176091),
('found', 0.30103),
('his', 0.147074),
('message', 0.128688),
('lost', 0.30103),
('translation', 0.30103),
('large', 0.30103),
('provide', 0.0795431),
('devices', 0.30103),
('seemed', 0.30103),
('complicated', 0.30103),
('realize', 0.30103),
('done', 0.30103),
('effectively', 0.30103),
('case', 0.30103),
('before', 0.30103),
('had', 0.30103),
('websites', 0.0838677),
('applications', 0.30103),
('furthermore', 0.30103),
('these', 0.200365),
('were', 0.30103),
('compatible', 0.30103),
('finally', 0.30103),
('searching', 0.30103),
('answer', 0.30103),
('problem', 0.30103),
('inefficiencies', 0.30103),
('decided', 0.30103),
('build', 0.176091),
('fulfill', 0.30103),
('bottom', 0.30103),
('line', 0.30103),
('desire', 0.30103),
('welcome', 0.0157943),
('looks', 0.30103),
('forward', 0.30103),
('serving', 0.30103),
('states', 0.30103),
('terms', 0.0163904),
('rights', 0.20448),
('responsibilities', 0.30103),
('governs', 0.176091),
('relationship', 0.30103),
('between', 0.30103),
('engaging', 0.30103),
('uses', 0.188552),
('agree', 0.30103),
('following', 0.30103),
('statements', 0.135369),
('privacy', 0.0112148),
('protecting', 0.221985),
('private', 0.30103),
('priority', 0.30103),
('applies', 0.30103),
('wwwregistermyinfocom', 0.0193052),
('collection', 0.0791812),
('usage', 0.30103),
('purposes', 0.209566),
('unless', 0.30103),
('otherwise', 0.222574),
('noted', 0.30103),
('references', 0.30103),
('include', 0.17689),
('using', 0.20017),
('consent', 0.30103),
('practices', 0.09691),
('described', 0.30103),
('truste', 0.0579919),
('licensee', 0.30103),
('independent', 0.216786),
('organization', 0.30103),
('whose', 0.30103),
('trust', 0.217457),
('confidence', 0.30103),
('promoting', 0.30103),
('fair', 0.30103),
('because', 0.30103),
('demonstrate', 0.30103),
('commitment', 0.30103),
('agreed', 0.30103),
('disclose', 0.141082),
('reviewed', 0.30103),
('compliance', 0.30103),
('questions', 0.224733),
('concerns', 0.30103),
('regarding', 0.151165),
('should', 0.30103),
('first', 0.30103),
('collect', 0.0892683),
('personally', 0.0803708),
('identifiable', 0.0967083),
('billing', 0.211908),
('complete', 0.30103),
('transaction', 0.30103),
('anonymous', 0.30103),
('which', 0.30103),
('unique', 0.196298),
('age', 0.172587),
('gender', 0.30103),
('household', 0.30103),
('income', 0.30103),
('gather', 0.30103),
('additional', 0.30103),
('nonpersonal', 0.30103),
('hardware', 0.30103),
('automatically', 0.21413),
('collected', 0.184434),
('browser', 0.216203),
('domain', 0.211486),
('names', 0.30103),
('access', 0.22698),
('times', 0.30103),
('referring', 0.30103),
('addresses', 0.166795),
('operation', 0.30103),
('quality', 0.30103),
('general', 0.30103),
('statistics', 0.30103),
('please', 0.23419),
('keep', 0.30103),
('mind', 0.30103),
('sensitive', 0.30103),
('public', 0.215847),
('boards', 0.30103),
('encourages', 0.235346),
('understand', 0.30103),
('those', 0.20952),
('responsible', 0.30103),
('outside', 0.30103),
('collects', 0.30103),
('operate', 0.30103),
('deliver', 0.227294),
('requested', 0.30103),
('inform', 0.30103),
('available', 0.30103),
('affiliates', 0.30103),
('surveys', 0.30103),
('conduct', 0.30103),
('research', 0.30103),
('opinion', 0.30103),
('current', 0.30103),
('potential', 0.30103),
('offered', 0.30103),
('sell', 0.30103),
('lease', 0.30103),
('customer', 0.175932),
('lists', 0.30103),
('third', 0.160928),
('parties', 0.223447),
('behalf', 0.30103),
('external', 0.30103),
('partners', 0.22234),
('particular', 0.30103),
('offering', 0.30103),
('interest', 0.30103),
('cases', 0.30103),
('transferred', 0.30103),
('party', 0.30103),
('trusted', 0.30103),
('perform', 0.30103),
('statistical', 0.30103),
('analysis', 0.30103),
('send', 0.30103),
('postal', 0.30103),
('mail', 0.30103),
('support', 0.30103),
('arrange', 0.30103),
('deliveries', 0.30103),
('prohibited', 0.30103),
('except', 0.30103),
('required', 0.235212),
('confidentiality', 0.30103),
('without', 0.30103),
('notice', 0.30103),
('good', 0.30103),
('faith', 0.30103),
('belief', 0.30103),
('action', 0.30103),
('necessary', 0.30103),
('conform', 0.30103),
('edicts', 0.30103),
('comply', 0.30103),
('legal', 0.269473),
('process', 0.253468),
('served', 0.30103),
('protect', 0.245076),
('defend', 0.30103),
('property', 0.264048),
('act', 0.30103),
('under', 0.101104),
('exigent', 0.30103),
('circumstances', 0.30103),
('safety', 0.30103),
('cookies', 0.0551855),
('personalize', 0.255442),
('experience', 0.262407),
('cookie', 0.147937),
('text', 0.30103),
('placed', 0.30103),
('hard', 0.30103),
('disk', 0.30103),
('page', 0.195054),
('server', 0.18752),
('cannot', 0.30103),
('programs', 0.30103),
('viruses', 0.30103),
('uniquely', 0.30103),
('assigned', 0.30103),
('read', 0.30103),
('primary', 0.30103),
('convenience', 0.30103),
('feature', 0.30103),
('save', 0.30103),
('purpose', 0.30103),
('tell', 0.30103),
('returned', 0.30103),
('specific', 0.263407),
('pages', 0.30103),
('helps', 0.30103),
('subsequent', 0.30103),
('visits', 0.30103),
('simplifies', 0.30103),
('recording', 0.30103),
('shipping', 0.30103),
('return', 0.30103),
('same', 0.30103),
('previously', 0.30103),
('provided', 0.30103),
('retrieved', 0.30103),
('easily', 0.30103),
('features', 0.274002),
('customized', 0.30103),
('accept', 0.272866),
('decline', 0.200968),
('browsers', 0.30103),
('usually', 0.30103),
('modify', 0.30103),
('setting', 0.30103),
('prefer', 0.30103),
('interactive', 0.30103),
('verisign', 0.117038),
('transmitted', 0.30103),
('protected', 0.30103),
('encryption', 0.30103),
('sockets', 0.30103),
('layer', 0.30103),
('ssl', 0.30103),
('protocol', 0.30103),
('thirdparty', 0.30103),
('development', 0.30103),
('provides', 0.30103),
('authentication', 0.30103),
('identity', 0.30103),
('intellectual', 0.30103),
('clicking', 0.30103),
('logo', 0.30103),
('serve', 0.30103),
('confirms', 0.30103),
('authenticated', 0.30103),
('children', 0.139622),
('thirteen', 0.119494),
('knowingly', 0.30103),
('must', 0.30103),
('guardian', 0.30103),
('permission', 0.30103),
('optout', 0.121411),
('unsubscribe', 0.171036),
('respect', 0.30103),
('opportunity', 0.30103),
('receiving', 0.29592),
('announcements', 0.30103),
('communications', 0.30103),
('contacting', 0.30103),
('changes', 0.174342),
('reflect', 0.30103),
('feedback', 0.30103),
('periodically', 0.30103),
('informed', 0.30103),
('termination', 0.176432),
('violates', 0.30103),
('voice', 0.30103),
('applied', 0.30103),
('increases', 0.30103),
('risk', 0.30103),
('violations', 0.30103),
('stop', 0.30103),
('allowing', 0.30103),
('functions', 0.30103),
('violation', 0.30103),
('notified', 0.30103),
('next', 0.30103),
('stated', 0.30103),
('above', 0.30103),
('delete', 0.30103),
('her', 0.30103),
('welcomes', 0.30103),
('comments', 0.30103),
('adhered', 0.30103),
('effective', 0.30103),
('july', 0.30103);

-- --------------------------------------------------------

--
-- Table structure for table `semaphore`
--

CREATE TABLE IF NOT EXISTS `semaphore` (
  `name` varchar(255) NOT NULL DEFAULT '',
  `value` varchar(255) NOT NULL DEFAULT '',
  `expire` double NOT NULL,
  PRIMARY KEY (`name`),
  KEY `expire` (`expire`)
) ENGINE=MyISAM DEFAULT CHARSET=utf8;

--
-- Dumping data for table `semaphore`
--


-- --------------------------------------------------------

--
-- Table structure for table `sessions`
--

CREATE TABLE IF NOT EXISTS `sessions` (
  `uid` int(10) unsigned NOT NULL,
  `sid` varchar(64) NOT NULL DEFAULT '',
  `hostname` varchar(128) NOT NULL DEFAULT '',
  `timestamp` int(11) NOT NULL DEFAULT '0',
  `cache` int(11) NOT NULL DEFAULT '0',
  `session` longtext,
  PRIMARY KEY (`sid`),
  KEY `timestamp` (`timestamp`),
  KEY `uid` (`uid`)
) ENGINE=MyISAM DEFAULT CHARSET=utf8;

--
-- Dumping data for table `sessions`
--

INSERT INTO `sessions` (`uid`, `sid`, `hostname`, `timestamp`, `cache`, `session`) VALUES
(1, 'v5sjhucv3otvaae0gldknfppk2', '182.180.65.113', 1349065537, 0, 'messages|a:1:{s:5:"error";a:10:{i:0;s:134:"warning: Parameter 3 to block_user() expected to be a reference, value given in D:\\www\\sites\\rmi_test\\includes\\module.inc on line 497.";i:1;s:136:"warning: Parameter 3 to comment_user() expected to be a reference, value given in D:\\www\\sites\\rmi_test\\includes\\module.inc on line 497.";i:2;s:134:"warning: Parameter 2 to dblog_user() expected to be a reference, value given in D:\\www\\sites\\rmi_test\\includes\\module.inc on line 497.";i:3;s:133:"warning: Parameter 2 to node_user() expected to be a reference, value given in D:\\www\\sites\\rmi_test\\includes\\module.inc on line 497.";i:4;s:136:"warning: Parameter 2 to profile_user() expected to be a reference, value given in D:\\www\\sites\\rmi_test\\includes\\module.inc on line 497.";i:5;s:135:"warning: Parameter 3 to system_user() expected to be a reference, value given in D:\\www\\sites\\rmi_test\\includes\\module.inc on line 497.";i:6;s:133:"warning: Parameter 2 to user_user() expected to be a reference, value given in D:\\www\\sites\\rmi_test\\includes\\module.inc on line 497.";i:7;s:142:"warning: Parameter 2 to logintoboggan_user() expected to be a reference, value given in D:\\www\\sites\\rmi_test\\includes\\module.inc on line 497.";i:8;s:137:"warning: Parameter 2 to pathauto_user() expected to be a reference, value given in D:\\www\\sites\\rmi_test\\includes\\module.inc on line 497.";i:9;s:135:"warning: Parameter 2 to chgpwd_user() expected to be a reference, value given in D:\\www\\sites\\rmi_test\\includes\\module.inc on line 497.";}}'),
(1, 'k1hodk4ddb1edaf8mctest23d4', '182.180.65.113', 1349073251, 0, ''),
(0, 'gve0lcak551thtob41dfe239d6', '182.180.65.113', 1349076849, 0, ''),
(1, 'qf3ldmjq2bshi0d3v55d772ok5', '182.180.65.113', 1349082625, 0, '');

-- --------------------------------------------------------

--
-- Table structure for table `sub_datagroup_submissions`
--

CREATE TABLE IF NOT EXISTS `sub_datagroup_submissions` (
  `ssid` int(10) unsigned NOT NULL AUTO_INCREMENT,
  `nid` int(10) unsigned NOT NULL DEFAULT '0',
  `sid` int(10) unsigned NOT NULL DEFAULT '0',
  `uid` int(10) unsigned NOT NULL DEFAULT '0',
  `submitted` int(11) NOT NULL DEFAULT '0',
  `cid` smallint(5) unsigned NOT NULL DEFAULT '0',
  `title` varchar(255) DEFAULT NULL,
  PRIMARY KEY (`ssid`),
  KEY `nid_uid_sid` (`nid`,`uid`,`sid`),
  KEY `nid_sid` (`nid`,`sid`)
) ENGINE=MyISAM  DEFAULT CHARSET=utf8 AUTO_INCREMENT=445 ;

--
-- Dumping data for table `sub_datagroup_submissions`
--

INSERT INTO `sub_datagroup_submissions` (`ssid`, `nid`, `sid`, `uid`, `submitted`, `cid`, `title`) VALUES
(193, 3, 144, 113, 1345198080, 5, 'Credit / Debit Cards'),
(198, 5, 112, 113, 1345200612, 10, 'Implants'),
(134, 14, 117, 101, 1345014618, 4, 'Telephone '),
(135, 4, 118, 101, 1345010282, 7, 'Letters of recommendation'),
(226, 3, 181, 126, 1345881994, 11, 'Credit Score'),
(225, 3, 181, 126, 1345881994, 5, 'Credit / Debit Cards'),
(224, 3, 181, 126, 1345881994, 1, 'Bank Account'),
(223, 3, 181, 126, 1345881994, 1, 'Bank Account'),
(222, 4, 178, 126, 1345808262, 7, 'Letters of recommendation'),
(286, 3, 202, 113, 1346219197, 5, 'Credit / Debit Cards'),
(276, 14, 198, 113, 1345903704, 4, 'Telephone '),
(278, 4, 200, 113, 1346059711, 7, 'Letters of recommendation'),
(280, 5, 201, 113, 1346238919, 10, 'Implants'),
(273, 14, 198, 113, 1345903704, 4, 'Telephone '),
(217, 4, 171, 116, 1345804213, 7, 'Letters of recommendation'),
(26, 4, 38, 1, 1345875219, 7, 'Letters of recommendation'),
(27, 3, 39, 1, 1345903235, 1, 'Bank Account'),
(28, 3, 39, 1, 1345903235, 5, 'Credit / Debit Cards'),
(29, 3, 39, 1, 1345903235, 11, 'Credit Score'),
(30, 3, 39, 1, 1345903235, 11, 'Credit Score'),
(31, 3, 39, 1, 1345903235, 15, 'Loans'),
(174, 5, 137, 1, 1345015777, 6, 'Surgeries'),
(172, 5, 137, 1, 1345015777, 10, 'Implants'),
(171, 5, 137, 1, 1345015777, 6, 'Surgeries'),
(298, 3, 202, 113, 1346219197, 1, 'Bank Account'),
(281, 3, 202, 113, 1346219197, 1, 'Bank Account'),
(220, 4, 176, 126, 1345805851, 7, 'Letters of recommendation'),
(194, 3, 144, 113, 1345198080, 11, 'Credit Score'),
(162, 3, 133, 1, 1345012317, 15, 'Loans'),
(161, 3, 133, 1, 1345012317, 11, 'Credit Score'),
(160, 3, 133, 1, 1345012317, 5, 'Credit / Debit Cards'),
(159, 3, 133, 1, 1345012317, 1, 'Bank Account'),
(157, 5, 130, 101, 1345010967, 10, 'Implants'),
(156, 5, 130, 101, 1345010967, 6, 'Surgeries'),
(155, 5, 130, 101, 1345010966, 6, 'Surgeries'),
(154, 3, 125, 101, 1345010533, 15, 'Loans'),
(188, 14, 141, 121, 1345196451, 4, 'Telephone '),
(201, 3, 159, 113, 1345706989, 1, 'Bank Account'),
(133, 4, 116, 112, 1344860977, 7, 'Letters of recommendation'),
(132, 4, 116, 112, 1344860976, 7, 'Letters of recommendation'),
(131, 3, 115, 112, 1344860045, 15, 'Loans'),
(130, 3, 115, 112, 1344860045, 15, 'Loans'),
(129, 3, 115, 112, 1344860045, 11, 'Credit Score'),
(128, 3, 115, 112, 1344860045, 5, 'Credit / Debit Cards'),
(127, 3, 115, 112, 1344860045, 1, 'Bank Account'),
(126, 14, 91, 103, 1344859353, 4, 'Telephone '),
(200, 3, 159, 113, 1345706989, 1, 'Bank Account'),
(205, 14, 114, 1, 1345708749, 4, 'Telephone '),
(102, 14, 91, 103, 1344859353, 4, 'Telephone '),
(103, 4, 92, 103, 1344328321, 7, 'Letters of recommendation'),
(104, 4, 94, 1, 1344334744, 7, 'Letters of recommendation'),
(197, 5, 112, 113, 1345200612, 10, 'Implants'),
(158, 4, 97, 113, 1345011910, 7, 'Letters of recommendation'),
(111, 5, 108, 113, 1344415853, 10, 'Implants'),
(112, 5, 109, 113, 1344423872, 6, 'Surgeries'),
(113, 5, 109, 113, 1344423872, 10, 'Implants'),
(115, 5, 110, 113, 1344423911, 6, 'Surgeries'),
(116, 5, 110, 113, 1344423911, 10, 'Implants'),
(117, 5, 111, 113, 1344423958, 6, 'Surgeries'),
(118, 5, 111, 113, 1344423958, 10, 'Implants'),
(196, 5, 112, 113, 1345200612, 6, 'Surgeries'),
(120, 5, 112, 113, 1345200612, 10, 'Implants'),
(227, 3, 181, 126, 1345881994, 15, 'Loans'),
(228, 3, 182, 126, 1345810383, 1, 'Bank Account'),
(229, 3, 182, 126, 1345810383, 5, 'Credit / Debit Cards'),
(230, 3, 182, 126, 1345810383, 11, 'Credit Score'),
(231, 3, 182, 126, 1345810383, 15, 'Loans'),
(232, 5, 185, 126, 1345811438, 6, 'Surgeries'),
(233, 5, 185, 126, 1345811438, 10, 'Implants'),
(279, 5, 201, 113, 1346238919, 6, 'Surgeries'),
(235, 4, 190, 1, 1345876107, 7, 'Letters of recommendation'),
(236, 3, 181, 126, 1345881994, 15, 'Loans'),
(237, 3, 181, 126, 1345881994, 5, 'Credit / Debit Cards'),
(301, 3, 202, 113, 1346219197, 1, 'Bank Account'),
(299, 3, 202, 113, 1346219197, 1, 'Bank Account'),
(300, 3, 202, 113, 1346219197, 1, 'Bank Account'),
(242, 3, 193, 126, 1345900036, 1, 'Bank Account'),
(243, 3, 193, 126, 1345900036, 5, 'Credit / Debit Cards'),
(244, 3, 193, 126, 1345900036, 11, 'Credit Score'),
(245, 3, 193, 126, 1345900036, 15, 'Loans'),
(246, 3, 193, 126, 1345900036, 11, 'Credit Score'),
(247, 3, 193, 126, 1345900036, 1, 'Bank Account'),
(296, 14, 136, 1, 1346218930, 4, 'Telephone '),
(290, 3, 202, 113, 1346219197, 11, 'Credit Score'),
(292, 3, 202, 113, 1346219197, 15, 'Loans'),
(293, 3, 202, 113, 1346219197, 15, 'Loans'),
(294, 3, 202, 113, 1346219197, 15, 'Loans'),
(295, 3, 202, 113, 1346219197, 15, 'Loans'),
(302, 3, 202, 113, 1346219197, 5, 'Credit / Debit Cards'),
(303, 3, 202, 113, 1346219197, 5, 'Credit / Debit Cards'),
(304, 3, 202, 113, 1346219197, 5, 'Credit / Debit Cards'),
(305, 3, 203, 113, 1346219576, 1, 'Bank Account'),
(306, 3, 203, 113, 1346219576, 1, 'Bank Account'),
(307, 3, 203, 113, 1346219576, 1, 'Bank Account'),
(308, 3, 203, 113, 1346219576, 1, 'Bank Account'),
(309, 3, 203, 113, 1346219576, 1, 'Bank Account'),
(310, 3, 203, 113, 1346219576, 5, 'Credit / Debit Cards'),
(311, 3, 203, 113, 1346219576, 11, 'Credit Score'),
(312, 3, 203, 113, 1346219576, 15, 'Loans'),
(313, 3, 204, 113, 1346219668, 1, 'Bank Account'),
(314, 3, 204, 113, 1346219668, 5, 'Credit / Debit Cards'),
(315, 3, 204, 113, 1346219668, 11, 'Credit Score'),
(316, 3, 204, 113, 1346219668, 15, 'Loans'),
(317, 3, 205, 113, 1346237490, 1, 'Bank Account'),
(321, 3, 205, 113, 1346237490, 5, 'Credit / Debit Cards'),
(322, 3, 205, 113, 1346237490, 5, 'Credit / Debit Cards'),
(323, 3, 205, 113, 1346237490, 5, 'Credit / Debit Cards'),
(324, 3, 205, 113, 1346237490, 5, 'Credit / Debit Cards'),
(325, 3, 205, 113, 1346237490, 11, 'Credit Score'),
(326, 3, 205, 113, 1346237490, 15, 'Loans'),
(327, 3, 205, 113, 1346237490, 15, 'Loans'),
(328, 3, 205, 113, 1346237490, 15, 'Loans'),
(329, 3, 205, 113, 1346237490, 15, 'Loans'),
(330, 3, 205, 113, 1346237490, 1, 'Bank Account'),
(331, 3, 205, 113, 1346237490, 1, 'Bank Account'),
(332, 3, 205, 113, 1346237490, 1, 'Bank Account'),
(333, 14, 206, 113, 1346227562, 4, 'Telephone '),
(334, 14, 206, 113, 1346227562, 4, 'Telephone '),
(335, 3, 207, 113, 1346227601, 1, 'Bank Account'),
(336, 3, 207, 113, 1346227601, 1, 'Bank Account'),
(337, 3, 207, 113, 1346227601, 5, 'Credit / Debit Cards'),
(338, 3, 207, 113, 1346227601, 11, 'Credit Score'),
(339, 3, 207, 113, 1346227601, 15, 'Loans'),
(340, 3, 208, 1, 1346227759, 1, 'Bank Account'),
(345, 3, 208, 1, 1346227759, 5, 'Credit / Debit Cards'),
(346, 3, 208, 1, 1346227759, 11, 'Credit Score'),
(347, 3, 208, 1, 1346227759, 15, 'Loans'),
(348, 3, 208, 1, 1346227759, 15, 'Loans'),
(349, 3, 208, 1, 1346227759, 15, 'Loans'),
(350, 3, 205, 113, 1346237490, 11, 'Credit Score'),
(351, 3, 205, 113, 1346237490, 11, 'Credit Score'),
(352, 3, 205, 113, 1346237490, 11, 'Credit Score'),
(353, 3, 205, 113, 1346237490, 11, 'Credit Score'),
(354, 5, 201, 113, 1346238919, 10, 'Implants'),
(355, 5, 209, 113, 1346239169, 6, 'Surgeries'),
(356, 5, 209, 113, 1346239169, 10, 'Implants'),
(357, 5, 209, 113, 1346239169, 10, 'Implants'),
(358, 5, 209, 113, 1346239169, 10, 'Implants'),
(359, 5, 209, 113, 1346239169, 10, 'Implants'),
(360, 3, 210, 1, 1346239528, 1, 'Bank Account'),
(361, 3, 210, 1, 1346239528, 1, 'Bank Account'),
(362, 3, 210, 1, 1346239528, 1, 'Bank Account'),
(363, 3, 210, 1, 1346239528, 1, 'Bank Account'),
(364, 3, 210, 1, 1346239528, 5, 'Credit / Debit Cards'),
(365, 3, 210, 1, 1346239528, 11, 'Credit Score'),
(366, 3, 210, 1, 1346239528, 15, 'Loans'),
(367, 3, 210, 1, 1346239528, 15, 'Loans'),
(368, 3, 211, 1, 1346240741, 1, 'Bank Account'),
(369, 3, 211, 1, 1346240741, 1, 'Bank Account'),
(370, 3, 211, 1, 1346240741, 1, 'Bank Account'),
(371, 3, 211, 1, 1346240741, 5, 'Credit / Debit Cards'),
(372, 3, 211, 1, 1346240741, 11, 'Credit Score'),
(373, 3, 211, 1, 1346240741, 15, 'Loans'),
(374, 3, 212, 113, 1346241136, 1, 'Bank Account'),
(375, 3, 212, 113, 1346241136, 1, 'Bank Account'),
(376, 3, 212, 113, 1346241136, 1, 'Bank Account'),
(377, 3, 212, 113, 1346241136, 5, 'Credit / Debit Cards'),
(378, 3, 212, 113, 1346241136, 11, 'Credit Score'),
(379, 3, 212, 113, 1346241136, 15, 'Loans'),
(380, 3, 212, 113, 1346241136, 15, 'Loans'),
(381, 3, 212, 113, 1346241136, 1, 'Bank Account'),
(382, 3, 213, 113, 1346241450, 1, 'Bank Account'),
(387, 3, 213, 113, 1346241450, 5, 'Credit / Debit Cards'),
(388, 3, 213, 113, 1346241450, 11, 'Credit Score'),
(389, 3, 213, 113, 1346241450, 15, 'Loans'),
(390, 3, 213, 113, 1346241450, 15, 'Loans'),
(391, 3, 213, 113, 1346241450, 15, 'Loans'),
(392, 3, 213, 113, 1346241450, 15, 'Loans'),
(393, 3, 214, 113, 1346241607, 1, 'Bank Account'),
(394, 3, 214, 113, 1346241607, 1, 'Bank Account'),
(395, 3, 214, 113, 1346241607, 1, 'Bank Account'),
(396, 3, 214, 113, 1346241607, 1, 'Bank Account'),
(397, 3, 214, 113, 1346241607, 1, 'Bank Account'),
(398, 3, 214, 113, 1346241607, 5, 'Credit / Debit Cards'),
(399, 3, 214, 113, 1346241607, 11, 'Credit Score'),
(400, 3, 214, 113, 1346241607, 15, 'Loans'),
(401, 3, 214, 113, 1346241607, 15, 'Loans'),
(402, 3, 214, 113, 1346241607, 15, 'Loans'),
(403, 3, 214, 113, 1346241607, 15, 'Loans'),
(414, 3, 215, 113, 1346242488, 15, 'Loans'),
(413, 3, 215, 113, 1346242488, 1, 'Bank Account'),
(406, 3, 215, 113, 1346242488, 5, 'Credit / Debit Cards'),
(407, 3, 215, 113, 1346242488, 11, 'Credit Score'),
(415, 3, 215, 113, 1346242488, 15, 'Loans'),
(421, 3, 216, 113, 1346244021, 1, 'Bank Account'),
(417, 3, 216, 113, 1346244021, 5, 'Credit / Debit Cards'),
(418, 3, 216, 113, 1346244021, 11, 'Credit Score'),
(426, 14, 218, 113, 1346244627, 4, 'Telephone '),
(422, 3, 216, 113, 1346244021, 15, 'Loans'),
(425, 14, 217, 113, 1346244261, 4, 'Telephone '),
(427, 4, 219, 127, 1346304195, 7, 'Letters of recommendation'),
(428, 14, 221, 129, 1346327380, 4, 'Telephone '),
(431, 4, 222, 129, 1346327729, 7, 'Letters of recommendation'),
(432, 5, 223, 1, 1346327740, 6, 'Surgeries'),
(433, 5, 223, 1, 1346327740, 10, 'Implants'),
(434, 5, 225, 1, 1346327789, 10, 'Implants'),
(435, 5, 230, 113, 1346389633, 6, 'Surgeries'),
(436, 5, 230, 113, 1346389633, 10, 'Implants'),
(437, 5, 230, 113, 1346389633, 10, 'Implants'),
(438, 14, 232, 1, 1346390274, 4, 'Telephone '),
(440, 14, 232, 1, 1346390274, 4, 'Telephone '),
(441, 4, 233, 113, 1346405313, 7, 'Letters of recommendation'),
(443, 5, 242, 129, 1346994041, 6, 'Surgeries'),
(444, 5, 242, 129, 1346994041, 10, 'Implants');

-- --------------------------------------------------------

--
-- Table structure for table `sub_datagroup_submitted_data`
--

CREATE TABLE IF NOT EXISTS `sub_datagroup_submitted_data` (
  `sd_id` int(11) NOT NULL AUTO_INCREMENT,
  `ssid` int(10) unsigned NOT NULL DEFAULT '0',
  `cid` smallint(5) unsigned NOT NULL DEFAULT '0',
  `data` mediumtext NOT NULL,
  PRIMARY KEY (`sd_id`),
  KEY `ssid` (`ssid`)
) ENGINE=MyISAM  DEFAULT CHARSET=utf8 AUTO_INCREMENT=880 ;

--
-- Dumping data for table `sub_datagroup_submitted_data`
--

INSERT INTO `sub_datagroup_submitted_data` (`sd_id`, `ssid`, `cid`, `data`) VALUES
(373, 229, 8, 'MasterCard'),
(372, 228, 4, 'werwerwer'),
(371, 228, 3, 'Checking'),
(370, 227, 19, '656'),
(369, 227, 18, '1971-02-01'),
(368, 227, 17, 'Home'),
(367, 226, 14, '65656'),
(366, 226, 13, '1970-01-01'),
(365, 225, 10, '5626'),
(364, 225, 7, '1972-02-03'),
(363, 225, 9, '655465454'),
(362, 224, 4, '565645454'),
(361, 224, 3, 'Checking'),
(360, 223, 4, '515154145564564'),
(359, 223, 3, 'Savings'),
(358, 222, 10, '78'),
(357, 222, 9, 'Person'),
(356, 222, 8, '1941-01-02'),
(353, 220, 10, '76'),
(352, 217, 10, '72'),
(515, 286, 7, '1972-01-02'),
(514, 286, 9, '123456789'),
(513, 286, 8, 'MasterCard'),
(510, 280, 14, 'this'),
(509, 280, 13, 'Joint replacement: Shoulder'),
(508, 280, 12, '1971-02-01'),
(507, 279, 9, 'hi'),
(505, 278, 10, ''),
(504, 278, 9, ''),
(503, 278, 8, ''),
(499, 273, 6, 'Cell'),
(333, 201, 4, '899598655'),
(327, 198, 0, 'Remove'),
(326, 198, 14, 'zddca'),
(298, 174, 0, 'Remove'),
(297, 174, 9, 'Incident'),
(296, 174, 8, ''),
(292, 172, 14, 'EMC'),
(291, 172, 13, 'Joint replacement: Elbow'),
(290, 172, 12, '1972-02-02'),
(60, 26, 8, '1951-01-02'),
(61, 26, 10, '27'),
(62, 27, 3, 'Checking'),
(63, 27, 4, '111114564545'),
(64, 28, 8, 'MasterCard'),
(65, 28, 9, 'RT7984872415435'),
(66, 28, 7, '2015-01-18'),
(67, 28, 10, '1234'),
(68, 29, 13, '2002-01-04'),
(69, 29, 14, '46545'),
(70, 30, 13, '1989-2-3'),
(71, 30, 14, '45645'),
(72, 31, 17, 'Boat'),
(73, 31, 18, '2025-02-19'),
(74, 31, 19, '456445'),
(289, 171, 9, 'Accident'),
(288, 171, 8, '1984-12-10'),
(539, 298, 0, 'Remove'),
(538, 298, 4, 'second'),
(537, 298, 3, 'Savings'),
(512, 281, 4, 'first'),
(511, 281, 3, 'Checking'),
(351, 217, 9, 'Frank'),
(350, 217, 8, '1956-02-03'),
(322, 197, 14, 'adsa'),
(269, 162, 19, '756'),
(268, 162, 18, '1980-02-19'),
(267, 162, 17, 'Home'),
(266, 161, 14, '78965'),
(265, 161, 13, '1976-11-19'),
(264, 160, 10, '1234'),
(263, 160, 7, '1988-02-19'),
(262, 160, 9, '12345-67890'),
(261, 160, 8, 'MasterCard'),
(260, 159, 4, 'D12345-67890'),
(259, 159, 3, 'Checking'),
(258, 158, 10, '59'),
(257, 158, 9, 'Frank'),
(255, 157, 14, 'dfgfdgfd'),
(254, 157, 13, 'Joint replacement: Shoulder'),
(253, 157, 12, '1986-02-16'),
(252, 156, 9, '9595959+'),
(251, 156, 8, ''),
(250, 155, 9, 'thr is no reason for this'),
(249, 155, 8, '1971-01-01'),
(248, 154, 18, ''),
(316, 194, 14, '456'),
(315, 194, 13, '1971-02-01'),
(314, 193, 10, '546'),
(313, 193, 7, '1971-01-01'),
(312, 193, 9, '757-49898-498'),
(311, 193, 8, 'Discover'),
(323, 197, 0, 'Remove'),
(306, 188, 6, 'Cell'),
(307, 188, 8, '(999) 999-9999'),
(325, 198, 13, 'Joint replacement: Shoulder'),
(324, 198, 12, ''),
(234, 135, 10, '55'),
(233, 135, 9, 'Gel'),
(232, 135, 8, '1943-01-03'),
(231, 134, 8, '(999) 999-9999'),
(230, 134, 6, 'Cell'),
(229, 133, 0, 'Remove'),
(228, 133, 10, ''),
(227, 133, 9, 'Ballard'),
(226, 133, 8, ''),
(225, 132, 10, '53'),
(224, 132, 9, 'Frank'),
(223, 132, 8, '2004-02-02'),
(222, 131, 19, '1500'),
(221, 131, 18, ''),
(220, 131, 17, 'Auto'),
(219, 130, 19, '456209'),
(218, 130, 18, '1987-02-18'),
(217, 130, 17, 'Home'),
(216, 129, 14, '45654'),
(215, 129, 13, '2012-01-01'),
(214, 128, 10, '1234'),
(213, 128, 7, '1970-01-01'),
(212, 128, 9, 'RT7984872415435'),
(211, 128, 8, 'MasterCard'),
(210, 127, 4, '111114564545'),
(209, 127, 3, 'Checking'),
(208, 126, 0, 'Remove'),
(207, 126, 8, '(714) 835-5730'),
(206, 126, 6, 'Home'),
(332, 201, 3, 'Checking'),
(331, 200, 4, '899598655'),
(335, 205, 8, '(856) 966-5786'),
(334, 205, 6, 'Cell'),
(330, 200, 3, 'Checking'),
(176, 102, 6, 'Cell'),
(177, 102, 8, '(999) 999-9999'),
(178, 103, 8, '1915-02-02'),
(179, 103, 9, 'Gel'),
(180, 103, 10, '40'),
(181, 104, 8, '1940-01-01'),
(182, 104, 9, 'asdfsdf'),
(321, 197, 13, 'Joint replacement: Shoulder'),
(256, 158, 8, '1957-01-17'),
(186, 111, 12, '1970-02-01'),
(187, 112, 8, '1973-03-05'),
(188, 113, 12, '1978-11-24'),
(189, 115, 8, ''),
(190, 116, 12, '1970-01-14'),
(191, 117, 8, '1970-02-17'),
(192, 118, 12, '1970-01-15'),
(320, 197, 12, ''),
(194, 120, 12, '1970-08-16'),
(374, 229, 9, 'werwer'),
(375, 229, 7, '1971-01-01'),
(376, 229, 10, '12123'),
(377, 230, 13, '1971-01-02'),
(378, 230, 14, '123213'),
(379, 231, 17, 'Auto'),
(380, 231, 18, '1972-02-02'),
(381, 231, 19, '123'),
(382, 232, 8, '1971-01-01'),
(383, 232, 9, 'aqwq'),
(384, 233, 12, '1971-01-01'),
(385, 233, 13, 'Joint replacement: Elbow'),
(386, 233, 14, 'asdssad'),
(387, 26, 9, 'FRANK'),
(506, 279, 8, '1971-01-02'),
(390, 235, 8, '1951-02-02'),
(391, 235, 9, ''),
(392, 235, 10, '84'),
(393, 236, 18, ''),
(394, 236, 19, '545'),
(395, 236, 0, 'Remove'),
(396, 237, 8, 'MasterCard'),
(397, 237, 9, '626626'),
(398, 237, 7, ''),
(399, 237, 10, '626'),
(400, 237, 0, 'Remove'),
(522, 293, 17, 'Auto'),
(520, 292, 18, '1971-01-02'),
(521, 292, 19, '123'),
(528, 295, 17, 'Other'),
(525, 294, 17, 'Boat'),
(526, 294, 18, '1972-1-2'),
(412, 242, 3, ''),
(413, 242, 4, '4511'),
(414, 243, 8, ''),
(415, 243, 9, '55215'),
(416, 243, 7, ''),
(417, 243, 10, '855'),
(418, 244, 13, ''),
(419, 244, 14, '656'),
(420, 245, 17, 'Home'),
(421, 245, 18, '1976-02-02'),
(422, 245, 19, '65256'),
(423, 246, 13, '1971-2-2'),
(424, 246, 14, '5456'),
(425, 246, 0, 'Remove'),
(426, 247, 3, 'Checking'),
(427, 247, 4, '363333'),
(428, 247, 0, 'Remove'),
(527, 294, 19, '789'),
(524, 293, 19, '456'),
(523, 293, 18, '1971-1-2'),
(519, 292, 17, 'Home'),
(518, 290, 14, '123213'),
(517, 290, 13, '1970-02-03'),
(516, 286, 10, '1234'),
(532, 296, 8, '(213) 211-2952'),
(531, 296, 6, 'Cell'),
(545, 300, 0, 'Remove'),
(544, 300, 4, 'fourth'),
(543, 300, 3, 'Other'),
(542, 299, 0, 'Remove'),
(541, 299, 4, 'third'),
(540, 299, 3, 'Retirement '),
(533, 296, 0, 'Remove'),
(530, 295, 19, '123'),
(529, 295, 18, '1972-2-3'),
(546, 301, 3, 'Checking'),
(547, 301, 4, 'first'),
(548, 301, 0, 'Remove'),
(549, 302, 8, 'VISA'),
(550, 302, 9, '12345'),
(551, 302, 7, ''),
(552, 302, 10, '1234'),
(553, 302, 0, 'Remove'),
(554, 303, 8, 'American Express'),
(555, 303, 9, '1234'),
(556, 303, 7, ''),
(557, 303, 10, '1234'),
(558, 303, 0, 'Remove'),
(559, 304, 8, 'Discover'),
(560, 304, 9, '1237'),
(561, 304, 7, ''),
(562, 304, 10, '1234'),
(563, 304, 0, 'Remove'),
(564, 305, 3, 'Checking'),
(565, 305, 4, 'szfd'),
(566, 306, 3, 'Savings'),
(567, 306, 4, 'asfasf'),
(568, 307, 3, 'Other'),
(569, 307, 4, 'sdfs'),
(570, 308, 3, 'Retirement '),
(571, 308, 4, 'sdfs'),
(572, 309, 3, 'Checking'),
(573, 309, 4, 'asfd'),
(574, 310, 8, ''),
(575, 310, 9, ''),
(576, 310, 7, ''),
(577, 310, 10, ''),
(578, 311, 13, '1972-01-02'),
(579, 311, 14, '584864'),
(580, 312, 17, 'Auto'),
(581, 312, 18, '1971-02-03'),
(582, 312, 19, '3515125'),
(583, 313, 3, ''),
(584, 313, 4, ''),
(585, 314, 8, ''),
(586, 314, 9, ''),
(587, 314, 7, ''),
(588, 314, 10, ''),
(589, 315, 13, ''),
(590, 315, 14, ''),
(591, 316, 17, ''),
(592, 316, 18, ''),
(593, 316, 19, ''),
(594, 317, 3, 'Checking'),
(595, 317, 4, '2313132'),
(596, 321, 8, 'MasterCard'),
(597, 321, 9, '1212'),
(598, 321, 7, '1976-01-01'),
(599, 321, 10, '12324'),
(600, 322, 8, 'VISA'),
(601, 322, 9, '12313123123'),
(602, 322, 7, '1971-2-1'),
(603, 322, 10, '12334'),
(604, 323, 8, 'American Express'),
(605, 323, 9, '1231342423123545'),
(606, 323, 7, '1970-1-2'),
(607, 323, 10, '121'),
(608, 324, 8, 'Discover'),
(609, 324, 9, '123123'),
(610, 324, 7, '1970-1-1'),
(611, 324, 10, '21312'),
(612, 325, 13, '1971-02-01'),
(613, 325, 14, '2131343242'),
(614, 326, 17, 'Home'),
(615, 326, 18, '1974-01-02'),
(616, 326, 19, '1231'),
(617, 327, 17, 'Auto'),
(618, 327, 18, '1972-3-3'),
(619, 327, 19, '12313123'),
(620, 327, 0, 'Remove'),
(621, 328, 17, 'Boat'),
(622, 328, 18, '1970-2-2'),
(623, 328, 19, '123'),
(624, 328, 0, 'Remove'),
(625, 329, 17, 'Other'),
(626, 329, 18, '1971-2-2'),
(627, 329, 19, '12312'),
(628, 329, 0, 'Remove'),
(629, 330, 4, 'qWEWQ'),
(630, 330, 0, 'Remove'),
(631, 331, 4, 'QWEQWE'),
(632, 331, 0, 'Remove'),
(633, 332, 4, 'QWEDQWD'),
(634, 332, 0, 'Remove'),
(635, 333, 6, 'Cell'),
(636, 333, 8, '(999) 999-9999'),
(637, 334, 6, 'Home'),
(638, 334, 8, '(999) 999-9999'),
(639, 335, 3, 'Checking'),
(640, 335, 4, 'xdf'),
(641, 336, 3, 'Savings'),
(642, 336, 4, 'sdf'),
(643, 337, 8, ''),
(644, 337, 9, ''),
(645, 337, 7, ''),
(646, 337, 10, ''),
(647, 338, 13, ''),
(648, 338, 14, ''),
(649, 339, 17, ''),
(650, 339, 18, ''),
(651, 339, 19, ''),
(652, 340, 3, 'Checking'),
(653, 340, 4, '111114564545'),
(654, 345, 8, 'MasterCard'),
(655, 345, 9, 'RT7984872415435'),
(656, 345, 7, '1971-02-02'),
(657, 345, 10, '1234'),
(658, 346, 13, '1971-01-02'),
(659, 346, 14, '789'),
(660, 347, 17, 'Boat'),
(661, 347, 18, '1972-02-03'),
(662, 347, 19, '1000'),
(663, 348, 17, 'Home'),
(664, 348, 18, '1987-1-1'),
(665, 348, 19, '5646'),
(666, 349, 17, 'Other'),
(667, 349, 18, '1982-2-3'),
(668, 349, 19, '99'),
(669, 350, 13, '--'),
(670, 350, 14, '1231225'),
(671, 350, 0, 'Remove'),
(672, 351, 13, '--'),
(673, 351, 14, '1231225'),
(674, 351, 0, 'Remove'),
(675, 352, 13, '--'),
(676, 352, 14, '123123123'),
(677, 352, 0, 'Remove'),
(678, 353, 13, '--'),
(679, 353, 0, 'Remove'),
(680, 354, 12, '--'),
(681, 354, 14, '6565'),
(682, 354, 0, 'Remove'),
(683, 355, 8, ''),
(684, 355, 9, 'ser'),
(685, 356, 12, '1970-01-01'),
(686, 356, 13, ''),
(687, 356, 14, 'sdwdfsfss'),
(688, 357, 12, '1971-1-1'),
(689, 357, 13, 'Joint replacement: Shoulder'),
(690, 357, 14, 'xdfgdf'),
(691, 357, 0, 'Remove'),
(692, 358, 12, '1970-1-1'),
(693, 358, 0, 'Remove'),
(694, 359, 12, '--'),
(695, 359, 0, 'Remove'),
(696, 360, 3, 'Checking'),
(697, 360, 4, '111114564545'),
(698, 361, 3, 'Savings'),
(699, 361, 4, 'atert4566'),
(700, 362, 3, 'Retirement '),
(701, 362, 4, '456213RT'),
(702, 363, 3, 'Savings'),
(703, 363, 4, '213fghgf'),
(704, 364, 8, 'MasterCard'),
(705, 364, 9, 'RT7984872415435'),
(706, 364, 7, '1970-1-2'),
(707, 364, 10, '1234'),
(708, 365, 13, '1971-1-17'),
(709, 365, 14, '158'),
(710, 366, 17, 'Auto'),
(711, 366, 18, '1971-2-2'),
(712, 366, 19, '123'),
(713, 367, 17, 'Home'),
(714, 367, 18, '1971-11-31'),
(715, 367, 19, '159'),
(716, 368, 3, 'Checking'),
(717, 368, 4, ''),
(718, 369, 3, 'Savings'),
(719, 369, 4, ''),
(720, 370, 3, 'Retirement '),
(721, 370, 4, ''),
(722, 371, 8, 'VISA'),
(723, 371, 9, 'RT7984872415435'),
(724, 371, 7, '1971-1-2'),
(725, 371, 10, '1234'),
(726, 372, 13, '1971-2-2'),
(727, 372, 14, '456'),
(728, 373, 17, 'Home'),
(729, 373, 18, '1971-3-29'),
(730, 373, 19, '159'),
(731, 374, 3, 'Savings'),
(732, 374, 4, 'saerwq'),
(733, 375, 3, 'Savings'),
(734, 375, 4, '12313'),
(735, 376, 3, 'Savings'),
(736, 376, 4, 'ertert'),
(737, 377, 8, 'VISA'),
(738, 377, 9, ''),
(739, 377, 7, '1971-01-02'),
(740, 377, 10, '2134'),
(741, 378, 13, '1971-01-01'),
(742, 378, 14, '23424'),
(743, 379, 17, 'Auto'),
(744, 379, 18, '1971-02-02'),
(745, 379, 19, '456456'),
(746, 380, 17, ''),
(747, 380, 18, '1970-1-1'),
(748, 380, 19, ''),
(749, 381, 3, 'Checking'),
(750, 381, 4, 'sertgert12'),
(751, 381, 0, 'Remove'),
(752, 382, 3, 'Checking'),
(753, 382, 4, '234214'),
(754, 387, 8, ''),
(755, 387, 9, '55525'),
(756, 387, 7, '--'),
(757, 387, 10, '6555'),
(758, 388, 13, '--'),
(759, 388, 14, ''),
(760, 389, 17, 'Auto'),
(761, 389, 18, '--'),
(762, 389, 19, '552'),
(763, 390, 17, 'Auto'),
(764, 390, 18, '--'),
(765, 390, 19, '688555'),
(766, 391, 17, 'Boat'),
(767, 391, 18, '--'),
(768, 391, 19, '6845645'),
(769, 392, 17, 'Other'),
(770, 392, 18, '--'),
(771, 392, 19, '255641'),
(772, 393, 3, 'Checking'),
(773, 393, 4, '123123'),
(774, 394, 3, 'Savings'),
(775, 394, 4, '12312'),
(776, 395, 3, 'Retirement '),
(777, 395, 4, '12312'),
(778, 396, 3, 'Other'),
(779, 396, 4, '12312'),
(780, 397, 3, 'Checking'),
(781, 397, 4, '123123'),
(782, 398, 8, ''),
(783, 398, 9, '123'),
(784, 398, 7, '--'),
(785, 398, 10, '123'),
(786, 399, 13, '--'),
(787, 399, 14, '123'),
(788, 400, 17, 'Home'),
(789, 400, 18, '--'),
(790, 400, 19, '123'),
(791, 401, 17, 'Auto'),
(792, 401, 18, '--'),
(793, 401, 19, '12312'),
(794, 402, 17, 'Boat'),
(795, 402, 18, '--'),
(796, 402, 19, '123123'),
(797, 403, 17, 'Other'),
(798, 403, 18, '--'),
(799, 403, 19, '123'),
(837, 426, 6, ''),
(817, 415, 18, '--'),
(804, 406, 8, 'VISA'),
(805, 406, 9, '2131'),
(806, 406, 7, '1970-01-01'),
(807, 406, 10, '123'),
(808, 407, 13, '1972-02-03'),
(809, 407, 14, '1231'),
(825, 418, 14, ''),
(824, 418, 13, '1970-01-01'),
(823, 417, 10, ''),
(822, 417, 7, '1970-01-01'),
(821, 417, 9, ''),
(820, 417, 8, ''),
(840, 427, 9, ''),
(839, 427, 8, ''),
(838, 426, 8, '(999)999-9999'),
(836, 425, 8, '(999)999-9999'),
(841, 427, 10, ''),
(842, 428, 6, 'Home'),
(843, 428, 8, '(999) 786-0786'),
(849, 431, 9, 'Muhammad Adnan'),
(848, 431, 8, '2012-01-02'),
(850, 431, 10, '89'),
(851, 432, 8, '1970-1-2'),
(852, 432, 9, 'Accident'),
(853, 433, 12, '1971-11-13'),
(854, 433, 13, 'Joint replacement: Shoulder'),
(855, 433, 14, 'EMC'),
(856, 434, 12, '1971-3-3'),
(857, 434, 13, 'Joint replacement: Elbow'),
(858, 434, 14, 'EMC'),
(859, 435, 8, '1971-01-03'),
(860, 435, 9, 'asdasd'),
(861, 437, 12, '--'),
(862, 438, 6, 'Cell'),
(863, 438, 8, '(999)999-9999'),
(869, 440, 0, 'Remove'),
(868, 440, 8, 'werwer'),
(867, 440, 6, 'Home'),
(870, 441, 8, ''),
(871, 441, 9, ''),
(872, 441, 10, '91'),
(876, 443, 9, 'Skin Care'),
(875, 443, 8, '2012-1-1'),
(877, 444, 12, '1972-1-3'),
(878, 444, 13, 'Joint replacement: Hip'),
(879, 444, 14, 'Zuhaib ');

-- --------------------------------------------------------

--
-- Table structure for table `system`
--

CREATE TABLE IF NOT EXISTS `system` (
  `filename` varchar(255) NOT NULL DEFAULT '',
  `name` varchar(255) NOT NULL DEFAULT '',
  `type` varchar(255) NOT NULL DEFAULT '',
  `owner` varchar(255) NOT NULL DEFAULT '',
  `status` int(11) NOT NULL DEFAULT '0',
  `throttle` tinyint(4) NOT NULL DEFAULT '0',
  `bootstrap` int(11) NOT NULL DEFAULT '0',
  `schema_version` smallint(6) NOT NULL DEFAULT '-1',
  `weight` int(11) NOT NULL DEFAULT '0',
  `info` text,
  PRIMARY KEY (`filename`),
  KEY `modules` (`type`(12),`status`,`weight`,`filename`),
  KEY `bootstrap` (`type`(12),`status`,`bootstrap`,`weight`,`filename`),
  KEY `type_name` (`type`(12),`name`)
) ENGINE=MyISAM DEFAULT CHARSET=utf8;

--
-- Dumping data for table `system`
--

INSERT INTO `system` (`filename`, `name`, `type`, `owner`, `status`, `throttle`, `bootstrap`, `schema_version`, `weight`, `info`) VALUES
('themes/pushbutton/pushbutton.info', 'pushbutton', 'theme', 'themes/engines/phptemplate/phptemplate.engine', 0, 0, 0, -1, 0, 'a:13:{s:4:"name";s:10:"Pushbutton";s:11:"description";s:52:"Tabled, multi-column theme in blue and orange tones.";s:7:"version";s:4:"6.26";s:4:"core";s:3:"6.x";s:6:"engine";s:11:"phptemplate";s:7:"project";s:6:"drupal";s:9:"datestamp";s:10:"1335977158";s:7:"regions";a:5:{s:4:"left";s:12:"Left sidebar";s:5:"right";s:13:"Right sidebar";s:7:"content";s:7:"Content";s:6:"header";s:6:"Header";s:6:"footer";s:6:"Footer";}s:8:"features";a:10:{i:0;s:20:"comment_user_picture";i:1;s:7:"favicon";i:2;s:7:"mission";i:3;s:4:"logo";i:4;s:4:"name";i:5;s:17:"node_user_picture";i:6;s:6:"search";i:7;s:6:"slogan";i:8;s:13:"primary_links";i:9;s:15:"secondary_links";}s:11:"stylesheets";a:1:{s:3:"all";a:1:{s:9:"style.css";s:27:"themes/pushbutton/style.css";}}s:7:"scripts";a:1:{s:9:"script.js";s:27:"themes/pushbutton/script.js";}s:10:"screenshot";s:32:"themes/pushbutton/screenshot.png";s:3:"php";s:5:"4.3.5";}'),
('themes/garland/minnelli/minnelli.info', 'minnelli', 'theme', 'themes/engines/phptemplate/phptemplate.engine', 0, 0, 0, -1, 0, 'a:14:{s:4:"name";s:8:"Minnelli";s:11:"description";s:56:"Tableless, recolorable, multi-column, fixed width theme.";s:7:"version";s:4:"6.26";s:4:"core";s:3:"6.x";s:10:"base theme";s:7:"garland";s:11:"stylesheets";a:1:{s:3:"all";a:1:{s:12:"minnelli.css";s:36:"themes/garland/minnelli/minnelli.css";}}s:7:"project";s:6:"drupal";s:9:"datestamp";s:10:"1335977158";s:7:"regions";a:5:{s:4:"left";s:12:"Left sidebar";s:5:"right";s:13:"Right sidebar";s:7:"content";s:7:"Content";s:6:"header";s:6:"Header";s:6:"footer";s:6:"Footer";}s:8:"features";a:10:{i:0;s:20:"comment_user_picture";i:1;s:7:"favicon";i:2;s:7:"mission";i:3;s:4:"logo";i:4;s:4:"name";i:5;s:17:"node_user_picture";i:6;s:6:"search";i:7;s:6:"slogan";i:8;s:13:"primary_links";i:9;s:15:"secondary_links";}s:7:"scripts";a:1:{s:9:"script.js";s:33:"themes/garland/minnelli/script.js";}s:10:"screenshot";s:38:"themes/garland/minnelli/screenshot.png";s:3:"php";s:5:"4.3.5";s:6:"engine";s:11:"phptemplate";}'),
('themes/garland/garland.info', 'garland', 'theme', 'themes/engines/phptemplate/phptemplate.engine', 1, 0, 0, -1, 0, 'a:13:{s:4:"name";s:7:"Garland";s:11:"description";s:66:"Tableless, recolorable, multi-column, fluid width theme (default).";s:7:"version";s:4:"6.26";s:4:"core";s:3:"6.x";s:6:"engine";s:11:"phptemplate";s:11:"stylesheets";a:2:{s:3:"all";a:1:{s:9:"style.css";s:24:"themes/garland/style.css";}s:5:"print";a:1:{s:9:"print.css";s:24:"themes/garland/print.css";}}s:7:"project";s:6:"drupal";s:9:"datestamp";s:10:"1335977158";s:7:"regions";a:5:{s:4:"left";s:12:"Left sidebar";s:5:"right";s:13:"Right sidebar";s:7:"content";s:7:"Content";s:6:"header";s:6:"Header";s:6:"footer";s:6:"Footer";}s:8:"features";a:10:{i:0;s:20:"comment_user_picture";i:1;s:7:"favicon";i:2;s:7:"mission";i:3;s:4:"logo";i:4;s:4:"name";i:5;s:17:"node_user_picture";i:6;s:6:"search";i:7;s:6:"slogan";i:8;s:13:"primary_links";i:9;s:15:"secondary_links";}s:7:"scripts";a:1:{s:9:"script.js";s:24:"themes/garland/script.js";}s:10:"screenshot";s:29:"themes/garland/screenshot.png";s:3:"php";s:5:"4.3.5";}'),
('themes/chameleon/marvin/marvin.info', 'marvin', 'theme', '', 0, 0, 0, -1, 0, 'a:13:{s:4:"name";s:6:"Marvin";s:11:"description";s:31:"Boxy tabled theme in all grays.";s:7:"regions";a:2:{s:4:"left";s:12:"Left sidebar";s:5:"right";s:13:"Right sidebar";}s:7:"version";s:4:"6.26";s:4:"core";s:3:"6.x";s:10:"base theme";s:9:"chameleon";s:7:"project";s:6:"drupal";s:9:"datestamp";s:10:"1335977158";s:8:"features";a:10:{i:0;s:20:"comment_user_picture";i:1;s:7:"favicon";i:2;s:7:"mission";i:3;s:4:"logo";i:4;s:4:"name";i:5;s:17:"node_user_picture";i:6;s:6:"search";i:7;s:6:"slogan";i:8;s:13:"primary_links";i:9;s:15:"secondary_links";}s:11:"stylesheets";a:1:{s:3:"all";a:1:{s:9:"style.css";s:33:"themes/chameleon/marvin/style.css";}}s:7:"scripts";a:1:{s:9:"script.js";s:33:"themes/chameleon/marvin/script.js";}s:10:"screenshot";s:38:"themes/chameleon/marvin/screenshot.png";s:3:"php";s:5:"4.3.5";}'),
('themes/chameleon/chameleon.info', 'chameleon', 'theme', 'themes/chameleon/chameleon.theme', 0, 0, 0, -1, 0, 'a:12:{s:4:"name";s:9:"Chameleon";s:11:"description";s:42:"Minimalist tabled theme with light colors.";s:7:"regions";a:2:{s:4:"left";s:12:"Left sidebar";s:5:"right";s:13:"Right sidebar";}s:8:"features";a:4:{i:0;s:4:"logo";i:1;s:7:"favicon";i:2;s:4:"name";i:3;s:6:"slogan";}s:11:"stylesheets";a:1:{s:3:"all";a:2:{s:9:"style.css";s:26:"themes/chameleon/style.css";s:10:"common.css";s:27:"themes/chameleon/common.css";}}s:7:"version";s:4:"6.26";s:4:"core";s:3:"6.x";s:7:"project";s:6:"drupal";s:9:"datestamp";s:10:"1335977158";s:7:"scripts";a:1:{s:9:"script.js";s:26:"themes/chameleon/script.js";}s:10:"screenshot";s:31:"themes/chameleon/screenshot.png";s:3:"php";s:5:"4.3.5";}'),
('themes/bluemarine/bluemarine.info', 'bluemarine', 'theme', 'themes/engines/phptemplate/phptemplate.engine', 0, 0, 0, -1, 0, 'a:13:{s:4:"name";s:10:"Bluemarine";s:11:"description";s:66:"Table-based multi-column theme with a marine and ash color scheme.";s:7:"version";s:4:"6.26";s:4:"core";s:3:"6.x";s:6:"engine";s:11:"phptemplate";s:7:"project";s:6:"drupal";s:9:"datestamp";s:10:"1335977158";s:7:"regions";a:5:{s:4:"left";s:12:"Left sidebar";s:5:"right";s:13:"Right sidebar";s:7:"content";s:7:"Content";s:6:"header";s:6:"Header";s:6:"footer";s:6:"Footer";}s:8:"features";a:10:{i:0;s:20:"comment_user_picture";i:1;s:7:"favicon";i:2;s:7:"mission";i:3;s:4:"logo";i:4;s:4:"name";i:5;s:17:"node_user_picture";i:6;s:6:"search";i:7;s:6:"slogan";i:8;s:13:"primary_links";i:9;s:15:"secondary_links";}s:11:"stylesheets";a:1:{s:3:"all";a:1:{s:9:"style.css";s:27:"themes/bluemarine/style.css";}}s:7:"scripts";a:1:{s:9:"script.js";s:27:"themes/bluemarine/script.js";}s:10:"screenshot";s:32:"themes/bluemarine/screenshot.png";s:3:"php";s:5:"4.3.5";}'),
('modules/system/system.module', 'system', 'module', '', 1, 0, 0, 6055, 0, 'a:10:{s:4:"name";s:6:"System";s:11:"description";s:54:"Handles general site configuration for administrators.";s:7:"package";s:15:"Core - required";s:7:"version";s:4:"6.26";s:4:"core";s:3:"6.x";s:7:"project";s:6:"drupal";s:9:"datestamp";s:10:"1335977158";s:12:"dependencies";a:0:{}s:10:"dependents";a:0:{}s:3:"php";s:5:"4.3.5";}'),
('modules/aggregator/aggregator.module', 'aggregator', 'module', '', 0, 0, 0, -1, 0, 'a:10:{s:4:"name";s:10:"Aggregator";s:11:"description";s:57:"Aggregates syndicated content (RSS, RDF, and Atom feeds).";s:7:"package";s:15:"Core - optional";s:7:"version";s:4:"6.26";s:4:"core";s:3:"6.x";s:7:"project";s:6:"drupal";s:9:"datestamp";s:10:"1335977158";s:12:"dependencies";a:0:{}s:10:"dependents";a:0:{}s:3:"php";s:5:"4.3.5";}'),
('modules/block/block.module', 'block', 'module', '', 1, 0, 0, 0, 0, 'a:10:{s:4:"name";s:5:"Block";s:11:"description";s:62:"Controls the boxes that are displayed around the main content.";s:7:"package";s:15:"Core - required";s:7:"version";s:4:"6.26";s:4:"core";s:3:"6.x";s:7:"project";s:6:"drupal";s:9:"datestamp";s:10:"1335977158";s:12:"dependencies";a:0:{}s:10:"dependents";a:0:{}s:3:"php";s:5:"4.3.5";}'),
('modules/blog/blog.module', 'blog', 'module', '', 0, 0, 0, -1, 0, 'a:10:{s:4:"name";s:4:"Blog";s:11:"description";s:69:"Enables keeping easily and regularly updated user web pages or blogs.";s:7:"package";s:15:"Core - optional";s:7:"version";s:4:"6.26";s:4:"core";s:3:"6.x";s:7:"project";s:6:"drupal";s:9:"datestamp";s:10:"1335977158";s:12:"dependencies";a:0:{}s:10:"dependents";a:0:{}s:3:"php";s:5:"4.3.5";}'),
('modules/blogapi/blogapi.module', 'blogapi', 'module', '', 0, 0, 0, -1, 0, 'a:10:{s:4:"name";s:8:"Blog API";s:11:"description";s:79:"Allows users to post content using applications that support XML-RPC blog APIs.";s:7:"package";s:15:"Core - optional";s:7:"version";s:4:"6.26";s:4:"core";s:3:"6.x";s:7:"project";s:6:"drupal";s:9:"datestamp";s:10:"1335977158";s:12:"dependencies";a:0:{}s:10:"dependents";a:0:{}s:3:"php";s:5:"4.3.5";}'),
('modules/book/book.module', 'book', 'module', '', 0, 0, 0, -1, 0, 'a:10:{s:4:"name";s:4:"Book";s:11:"description";s:63:"Allows users to structure site pages in a hierarchy or outline.";s:7:"package";s:15:"Core - optional";s:7:"version";s:4:"6.26";s:4:"core";s:3:"6.x";s:7:"project";s:6:"drupal";s:9:"datestamp";s:10:"1335977158";s:12:"dependencies";a:0:{}s:10:"dependents";a:0:{}s:3:"php";s:5:"4.3.5";}'),
('modules/color/color.module', 'color', 'module', '', 1, 0, 0, 6001, 0, 'a:10:{s:4:"name";s:5:"Color";s:11:"description";s:61:"Allows the user to change the color scheme of certain themes.";s:7:"package";s:15:"Core - optional";s:7:"version";s:4:"6.26";s:4:"core";s:3:"6.x";s:7:"project";s:6:"drupal";s:9:"datestamp";s:10:"1335977158";s:12:"dependencies";a:0:{}s:10:"dependents";a:0:{}s:3:"php";s:5:"4.3.5";}'),
('modules/comment/comment.module', 'comment', 'module', '', 1, 0, 0, 6005, 0, 'a:10:{s:4:"name";s:7:"Comment";s:11:"description";s:57:"Allows users to comment on and discuss published content.";s:7:"package";s:15:"Core - optional";s:7:"version";s:4:"6.26";s:4:"core";s:3:"6.x";s:7:"project";s:6:"drupal";s:9:"datestamp";s:10:"1335977158";s:12:"dependencies";a:0:{}s:10:"dependents";a:0:{}s:3:"php";s:5:"4.3.5";}'),
('modules/contact/contact.module', 'contact', 'module', '', 0, 0, 0, -1, 0, 'a:10:{s:4:"name";s:7:"Contact";s:11:"description";s:61:"Enables the use of both personal and site-wide contact forms.";s:7:"package";s:15:"Core - optional";s:7:"version";s:4:"6.26";s:4:"core";s:3:"6.x";s:7:"project";s:6:"drupal";s:9:"datestamp";s:10:"1335977158";s:12:"dependencies";a:0:{}s:10:"dependents";a:0:{}s:3:"php";s:5:"4.3.5";}'),
('modules/dblog/dblog.module', 'dblog', 'module', '', 1, 0, 0, 6000, 0, 'a:10:{s:4:"name";s:16:"Database logging";s:11:"description";s:47:"Logs and records system events to the database.";s:7:"package";s:15:"Core - optional";s:7:"version";s:4:"6.26";s:4:"core";s:3:"6.x";s:7:"project";s:6:"drupal";s:9:"datestamp";s:10:"1335977158";s:12:"dependencies";a:0:{}s:10:"dependents";a:0:{}s:3:"php";s:5:"4.3.5";}'),
('modules/filter/filter.module', 'filter', 'module', '', 1, 0, 0, 0, 0, 'a:10:{s:4:"name";s:6:"Filter";s:11:"description";s:60:"Handles the filtering of content in preparation for display.";s:7:"package";s:15:"Core - required";s:7:"version";s:4:"6.26";s:4:"core";s:3:"6.x";s:7:"project";s:6:"drupal";s:9:"datestamp";s:10:"1335977158";s:12:"dependencies";a:0:{}s:10:"dependents";a:0:{}s:3:"php";s:5:"4.3.5";}'),
('modules/forum/forum.module', 'forum', 'module', '', 0, 0, 0, -1, 0, 'a:10:{s:4:"name";s:5:"Forum";s:11:"description";s:50:"Enables threaded discussions about general topics.";s:12:"dependencies";a:2:{i:0;s:8:"taxonomy";i:1;s:7:"comment";}s:7:"package";s:15:"Core - optional";s:7:"version";s:4:"6.26";s:4:"core";s:3:"6.x";s:7:"project";s:6:"drupal";s:9:"datestamp";s:10:"1335977158";s:10:"dependents";a:0:{}s:3:"php";s:5:"4.3.5";}'),
('modules/help/help.module', 'help', 'module', '', 1, 0, 0, 0, 0, 'a:10:{s:4:"name";s:4:"Help";s:11:"description";s:35:"Manages the display of online help.";s:7:"package";s:15:"Core - optional";s:7:"version";s:4:"6.26";s:4:"core";s:3:"6.x";s:7:"project";s:6:"drupal";s:9:"datestamp";s:10:"1335977158";s:12:"dependencies";a:0:{}s:10:"dependents";a:0:{}s:3:"php";s:5:"4.3.5";}'),
('modules/locale/locale.module', 'locale', 'module', '', 0, 0, 0, -1, 0, 'a:10:{s:4:"name";s:6:"Locale";s:11:"description";s:119:"Adds language handling functionality and enables the translation of the user interface to languages other than English.";s:7:"package";s:15:"Core - optional";s:7:"version";s:4:"6.26";s:4:"core";s:3:"6.x";s:7:"project";s:6:"drupal";s:9:"datestamp";s:10:"1335977158";s:12:"dependencies";a:0:{}s:10:"dependents";a:0:{}s:3:"php";s:5:"4.3.5";}'),
('modules/menu/menu.module', 'menu', 'module', '', 1, 0, 0, 0, 0, 'a:10:{s:4:"name";s:4:"Menu";s:11:"description";s:60:"Allows administrators to customize the site navigation menu.";s:7:"package";s:15:"Core - optional";s:7:"version";s:4:"6.26";s:4:"core";s:3:"6.x";s:7:"project";s:6:"drupal";s:9:"datestamp";s:10:"1335977158";s:12:"dependencies";a:0:{}s:10:"dependents";a:0:{}s:3:"php";s:5:"4.3.5";}'),
('modules/node/node.module', 'node', 'module', '', 1, 0, 0, 0, 0, 'a:10:{s:4:"name";s:4:"Node";s:11:"description";s:66:"Allows content to be submitted to the site and displayed on pages.";s:7:"package";s:15:"Core - required";s:7:"version";s:4:"6.26";s:4:"core";s:3:"6.x";s:7:"project";s:6:"drupal";s:9:"datestamp";s:10:"1335977158";s:12:"dependencies";a:0:{}s:10:"dependents";a:0:{}s:3:"php";s:5:"4.3.5";}'),
('modules/openid/openid.module', 'openid', 'module', '', 0, 0, 0, -1, 0, 'a:10:{s:4:"name";s:6:"OpenID";s:11:"description";s:48:"Allows users to log into your site using OpenID.";s:7:"version";s:4:"6.26";s:7:"package";s:15:"Core - optional";s:4:"core";s:3:"6.x";s:7:"project";s:6:"drupal";s:9:"datestamp";s:10:"1335977158";s:12:"dependencies";a:0:{}s:10:"dependents";a:0:{}s:3:"php";s:5:"4.3.5";}'),
('modules/path/path.module', 'path', 'module', '', 1, 0, 0, 0, 0, 'a:10:{s:4:"name";s:4:"Path";s:11:"description";s:28:"Allows users to rename URLs.";s:7:"package";s:15:"Core - optional";s:7:"version";s:4:"6.26";s:4:"core";s:3:"6.x";s:7:"project";s:6:"drupal";s:9:"datestamp";s:10:"1335977158";s:12:"dependencies";a:0:{}s:10:"dependents";a:0:{}s:3:"php";s:5:"4.3.5";}'),
('modules/php/php.module', 'php', 'module', '', 0, 0, 0, -1, 0, 'a:10:{s:4:"name";s:10:"PHP filter";s:11:"description";s:50:"Allows embedded PHP code/snippets to be evaluated.";s:7:"package";s:15:"Core - optional";s:7:"version";s:4:"6.26";s:4:"core";s:3:"6.x";s:7:"project";s:6:"drupal";s:9:"datestamp";s:10:"1335977158";s:12:"dependencies";a:0:{}s:10:"dependents";a:0:{}s:3:"php";s:5:"4.3.5";}'),
('modules/ping/ping.module', 'ping', 'module', '', 0, 0, 0, -1, 0, 'a:10:{s:4:"name";s:4:"Ping";s:11:"description";s:51:"Alerts other sites when your site has been updated.";s:7:"package";s:15:"Core - optional";s:7:"version";s:4:"6.26";s:4:"core";s:3:"6.x";s:7:"project";s:6:"drupal";s:9:"datestamp";s:10:"1335977158";s:12:"dependencies";a:0:{}s:10:"dependents";a:0:{}s:3:"php";s:5:"4.3.5";}'),
('modules/poll/poll.module', 'poll', 'module', '', 0, 0, 0, -1, 0, 'a:10:{s:4:"name";s:4:"Poll";s:11:"description";s:95:"Allows your site to capture votes on different topics in the form of multiple choice questions.";s:7:"package";s:15:"Core - optional";s:7:"version";s:4:"6.26";s:4:"core";s:3:"6.x";s:7:"project";s:6:"drupal";s:9:"datestamp";s:10:"1335977158";s:12:"dependencies";a:0:{}s:10:"dependents";a:0:{}s:3:"php";s:5:"4.3.5";}'),
('modules/profile/profile.module', 'profile', 'module', '', 1, 0, 0, 0, 0, 'a:10:{s:4:"name";s:7:"Profile";s:11:"description";s:36:"Supports configurable user profiles.";s:7:"package";s:15:"Core - optional";s:7:"version";s:4:"6.26";s:4:"core";s:3:"6.x";s:7:"project";s:6:"drupal";s:9:"datestamp";s:10:"1335977158";s:12:"dependencies";a:0:{}s:10:"dependents";a:0:{}s:3:"php";s:5:"4.3.5";}'),
('modules/search/search.module', 'search', 'module', '', 1, 0, 0, 0, 0, 'a:10:{s:4:"name";s:6:"Search";s:11:"description";s:36:"Enables site-wide keyword searching.";s:7:"package";s:15:"Core - optional";s:7:"version";s:4:"6.26";s:4:"core";s:3:"6.x";s:7:"project";s:6:"drupal";s:9:"datestamp";s:10:"1335977158";s:12:"dependencies";a:0:{}s:10:"dependents";a:0:{}s:3:"php";s:5:"4.3.5";}'),
('modules/statistics/statistics.module', 'statistics', 'module', '', 0, 0, 0, -1, 0, 'a:10:{s:4:"name";s:10:"Statistics";s:11:"description";s:37:"Logs access statistics for your site.";s:7:"package";s:15:"Core - optional";s:7:"version";s:4:"6.26";s:4:"core";s:3:"6.x";s:7:"project";s:6:"drupal";s:9:"datestamp";s:10:"1335977158";s:12:"dependencies";a:0:{}s:10:"dependents";a:0:{}s:3:"php";s:5:"4.3.5";}'),
('modules/syslog/syslog.module', 'syslog', 'module', '', 0, 0, 0, -1, 0, 'a:10:{s:4:"name";s:6:"Syslog";s:11:"description";s:41:"Logs and records system events to syslog.";s:7:"package";s:15:"Core - optional";s:7:"version";s:4:"6.26";s:4:"core";s:3:"6.x";s:7:"project";s:6:"drupal";s:9:"datestamp";s:10:"1335977158";s:12:"dependencies";a:0:{}s:10:"dependents";a:0:{}s:3:"php";s:5:"4.3.5";}'),
('modules/taxonomy/taxonomy.module', 'taxonomy', 'module', '', 1, 0, 0, 0, 0, 'a:10:{s:4:"name";s:8:"Taxonomy";s:11:"description";s:38:"Enables the categorization of content.";s:7:"package";s:15:"Core - optional";s:7:"version";s:4:"6.26";s:4:"core";s:3:"6.x";s:7:"project";s:6:"drupal";s:9:"datestamp";s:10:"1335977158";s:12:"dependencies";a:0:{}s:10:"dependents";a:0:{}s:3:"php";s:5:"4.3.5";}'),
('modules/throttle/throttle.module', 'throttle', 'module', '', 0, 0, 0, -1, 0, 'a:10:{s:4:"name";s:8:"Throttle";s:11:"description";s:66:"Handles the auto-throttling mechanism, to control site congestion.";s:7:"package";s:15:"Core - optional";s:7:"version";s:4:"6.26";s:4:"core";s:3:"6.x";s:7:"project";s:6:"drupal";s:9:"datestamp";s:10:"1335977158";s:12:"dependencies";a:0:{}s:10:"dependents";a:0:{}s:3:"php";s:5:"4.3.5";}'),
('modules/tracker/tracker.module', 'tracker', 'module', '', 0, 0, 0, -1, 0, 'a:10:{s:4:"name";s:7:"Tracker";s:11:"description";s:43:"Enables tracking of recent posts for users.";s:12:"dependencies";a:1:{i:0;s:7:"comment";}s:7:"package";s:15:"Core - optional";s:7:"version";s:4:"6.26";s:4:"core";s:3:"6.x";s:7:"project";s:6:"drupal";s:9:"datestamp";s:10:"1335977158";s:10:"dependents";a:0:{}s:3:"php";s:5:"4.3.5";}'),
('modules/translation/translation.module', 'translation', 'module', '', 0, 0, 0, -1, 0, 'a:10:{s:4:"name";s:19:"Content translation";s:11:"description";s:57:"Allows content to be translated into different languages.";s:12:"dependencies";a:1:{i:0;s:6:"locale";}s:7:"package";s:15:"Core - optional";s:7:"version";s:4:"6.26";s:4:"core";s:3:"6.x";s:7:"project";s:6:"drupal";s:9:"datestamp";s:10:"1335977158";s:10:"dependents";a:0:{}s:3:"php";s:5:"4.3.5";}'),
('modules/trigger/trigger.module', 'trigger', 'module', '', 0, 0, 0, -1, 0, 'a:10:{s:4:"name";s:7:"Trigger";s:11:"description";s:90:"Enables actions to be fired on certain system events, such as when new content is created.";s:7:"package";s:15:"Core - optional";s:7:"version";s:4:"6.26";s:4:"core";s:3:"6.x";s:7:"project";s:6:"drupal";s:9:"datestamp";s:10:"1335977158";s:12:"dependencies";a:0:{}s:10:"dependents";a:0:{}s:3:"php";s:5:"4.3.5";}'),
('modules/update/update.module', 'update', 'module', '', 1, 0, 0, 6000, 0, 'a:10:{s:4:"name";s:13:"Update status";s:11:"description";s:88:"Checks the status of available updates for Drupal and your installed modules and themes.";s:7:"version";s:4:"6.26";s:7:"package";s:15:"Core - optional";s:4:"core";s:3:"6.x";s:7:"project";s:6:"drupal";s:9:"datestamp";s:10:"1335977158";s:12:"dependencies";a:0:{}s:10:"dependents";a:0:{}s:3:"php";s:5:"4.3.5";}'),
('modules/upload/upload.module', 'upload', 'module', '', 0, 0, 0, -1, 0, 'a:10:{s:4:"name";s:6:"Upload";s:11:"description";s:51:"Allows users to upload and attach files to content.";s:7:"package";s:15:"Core - optional";s:7:"version";s:4:"6.26";s:4:"core";s:3:"6.x";s:7:"project";s:6:"drupal";s:9:"datestamp";s:10:"1335977158";s:12:"dependencies";a:0:{}s:10:"dependents";a:0:{}s:3:"php";s:5:"4.3.5";}'),
('modules/user/user.module', 'user', 'module', '', 1, 0, 0, 0, 0, 'a:10:{s:4:"name";s:4:"User";s:11:"description";s:47:"Manages the user registration and login system.";s:7:"package";s:15:"Core - required";s:7:"version";s:4:"6.26";s:4:"core";s:3:"6.x";s:7:"project";s:6:"drupal";s:9:"datestamp";s:10:"1335977158";s:12:"dependencies";a:0:{}s:10:"dependents";a:0:{}s:3:"php";s:5:"4.3.5";}'),
('sites/all/modules/form_builder/form_builder.module', 'form_builder', 'module', '', 0, 0, 0, -1, 0, 'a:9:{s:4:"name";s:12:"Form builder";s:11:"description";s:24:"Form building framework.";s:12:"dependencies";a:2:{i:0;s:9:"jquery_ui";i:1;s:15:"options_element";}s:4:"core";s:3:"6.x";s:7:"version";s:7:"6.x-1.0";s:7:"project";s:12:"form_builder";s:9:"datestamp";s:10:"1331181347";s:10:"dependents";a:0:{}s:3:"php";s:5:"4.3.5";}'),
('sites/all/modules/form_builder/examples/form_builder_examples.module', 'form_builder_examples', 'module', '', 0, 0, 0, 0, 0, 'a:9:{s:4:"name";s:21:"Form builder examples";s:11:"description";s:59:"Form builder support for CCK, Webform, and Profile modules.";s:4:"core";s:3:"6.x";s:12:"dependencies";a:1:{i:0;s:12:"form_builder";}s:7:"version";s:7:"6.x-1.0";s:7:"project";s:12:"form_builder";s:9:"datestamp";s:10:"1331181347";s:10:"dependents";a:0:{}s:3:"php";s:5:"4.3.5";}'),
('sites/all/modules/form_builder/modules/webform/form_builder_webform.module', 'form_builder_webform', 'module', '', 0, 0, 0, -1, 0, 'a:9:{s:4:"name";s:23:"Form builder Webform UI";s:11:"description";s:48:"Form builder integration for the Webform module.";s:4:"core";s:3:"6.x";s:12:"dependencies";a:2:{i:0;s:12:"form_builder";i:1;s:7:"webform";}s:7:"version";s:7:"6.x-1.0";s:7:"project";s:12:"form_builder";s:9:"datestamp";s:10:"1331181347";s:10:"dependents";a:0:{}s:3:"php";s:5:"4.3.5";}'),
('sites/all/modules/jquery_ui/jquery_ui.module', 'jquery_ui', 'module', '', 1, 0, 0, 0, 0, 'a:10:{s:4:"name";s:9:"jQuery UI";s:11:"description";s:55:"Provides the jQuery UI plug-in to other Drupal modules.";s:7:"package";s:14:"User interface";s:4:"core";s:3:"6.x";s:7:"version";s:7:"6.x-1.5";s:7:"project";s:9:"jquery_ui";s:9:"datestamp";s:10:"1308323216";s:12:"dependencies";a:0:{}s:10:"dependents";a:0:{}s:3:"php";s:5:"4.3.5";}'),
('sites/all/modules/options_element/options_element.module', 'options_element', 'module', '', 0, 0, 0, 0, 0, 'a:9:{s:4:"name";s:15:"Options element";s:11:"description";s:86:"A custom form element for entering the options in select lists, radios, or checkboxes.";s:4:"core";s:3:"6.x";s:3:"php";s:3:"5.0";s:7:"version";s:7:"6.x-1.7";s:7:"project";s:15:"options_element";s:9:"datestamp";s:10:"1332018947";s:12:"dependencies";a:0:{}s:10:"dependents";a:0:{}}'),
('sites/all/modules/webform/webform.module', 'webform', 'module', '', 1, 0, 0, 6331, -1, 'a:10:{s:4:"name";s:7:"Webform";s:11:"description";s:49:"Enables the creation of forms and questionnaires.";s:4:"core";s:3:"6.x";s:7:"package";s:7:"Webform";s:3:"php";s:3:"5.1";s:7:"version";s:8:"6.x-3.18";s:7:"project";s:7:"webform";s:9:"datestamp";s:10:"1336890407";s:12:"dependencies";a:0:{}s:10:"dependents";a:0:{}}'),
('sites/all/modules/uc_cano-1.3/uc_cano.module', 'uc_cano', 'module', '', 0, 0, 0, -1, 0, 'a:7:{s:4:"name";s:4:"CANO";s:7:"version";s:3:"1.3";s:11:"description";s:30:"Chained Attributes and Options";s:12:"dependencies";a:2:{i:0;s:10:"uc_product";i:1;s:12:"uc_attribute";}s:4:"core";s:3:"6.x";s:10:"dependents";a:0:{}s:3:"php";s:5:"4.3.5";}'),
('sites/all/modules/webform_addmore/webform_addmore.module', 'webform_addmore', 'module', '', 1, 0, 0, 0, 0, 'a:8:{s:4:"name";s:16:"Webform Add More";s:11:"description";s:45:"Provides add more option for webforms module.";s:7:"package";s:7:"Webform";s:4:"core";s:3:"6.x";s:12:"dependencies";a:1:{i:0;s:11:"ahah_helper";}s:10:"dependents";a:0:{}s:7:"version";N;s:3:"php";s:5:"4.3.5";}'),
('sites/all/modules/custom_modules/custom/custom.module', 'custom', 'module', '', 1, 0, 0, 0, 0, 'a:10:{s:4:"name";s:6:"Custom";s:11:"description";s:48:"Customization in web-forms and their submission.";s:4:"core";s:3:"6.x";s:7:"package";s:6:"Custom";s:3:"php";s:3:"5.1";s:7:"version";s:8:"6.x-3.18";s:7:"project";s:6:"Custom";s:9:"datestamp";s:10:"1336890407";s:12:"dependencies";a:0:{}s:10:"dependents";a:0:{}}'),
('sites/all/modules/ahah_helper/ahah_helper.module', 'ahah_helper', 'module', '', 1, 0, 0, 0, 0, 'a:9:{s:4:"name";s:11:"AHAH helper";s:11:"description";s:84:"The AHAH helper module, making gracefully degradable AHAH-driven forms a no-brainer.";s:4:"core";s:3:"6.x";s:7:"version";s:7:"6.x-2.2";s:7:"project";s:11:"ahah_helper";s:9:"datestamp";s:10:"1310369523";s:12:"dependencies";a:0:{}s:10:"dependents";a:0:{}s:3:"php";s:5:"4.3.5";}'),
('sites/all/modules/ahah_helper/ahah_helper_demo.module', 'ahah_helper_demo', 'module', '', 1, 0, 0, 0, 0, 'a:9:{s:4:"name";s:16:"AHAH helper demo";s:11:"description";s:35:"A demo form the AHAH helper module.";s:4:"core";s:3:"6.x";s:7:"version";s:7:"6.x-2.2";s:7:"project";s:11:"ahah_helper";s:9:"datestamp";s:10:"1310369523";s:12:"dependencies";a:0:{}s:10:"dependents";a:0:{}s:3:"php";s:5:"4.3.5";}'),
('sites/all/modules/services/servers/rest_server/rest_server.module', 'rest_server', 'module', '', 0, 0, 0, -1, 0, 'a:10:{s:4:"name";s:11:"REST Server";s:11:"description";s:24:"Provides an REST server.";s:7:"package";s:18:"Services - servers";s:12:"dependencies";a:2:{i:0;s:8:"services";i:1;s:8:"autoload";}s:4:"core";s:3:"6.x";s:7:"version";s:7:"6.x-3.1";s:7:"project";s:8:"services";s:9:"datestamp";s:10:"1321482643";s:10:"dependents";a:0:{}s:3:"php";s:5:"4.3.5";}'),
('sites/all/modules/services/services.module', 'services', 'module', '', 1, 0, 0, 6004, 0, 'a:10:{s:4:"name";s:8:"Services";s:11:"description";s:41:"Provide an API for creating web services.";s:7:"package";s:8:"Services";s:4:"core";s:3:"6.x";s:3:"php";s:3:"5.x";s:7:"version";s:7:"6.x-2.2";s:7:"project";s:8:"services";s:9:"datestamp";s:10:"1274122506";s:12:"dependencies";a:0:{}s:10:"dependents";a:0:{}}'),
('sites/all/modules/services/auth/services_oauth/services_oauth.module', 'services_oauth', 'module', '', 0, 0, 0, -1, 0, 'a:10:{s:4:"name";s:20:"OAuth Authentication";s:11:"description";s:53:"Provides OAuth authentication for the services module";s:7:"package";s:25:"Services - authentication";s:12:"dependencies";a:2:{i:0;s:8:"services";i:1;s:12:"oauth_common";}s:4:"core";s:3:"6.x";s:3:"php";s:3:"5.2";s:7:"version";s:7:"6.x-3.1";s:7:"project";s:8:"services";s:9:"datestamp";s:10:"1321482643";s:10:"dependents";a:0:{}}'),
('sites/all/modules/services/servers/rest_server/formats/xcal_format.module', 'xcal_format', 'module', '', 0, 0, 0, -1, 0, 'a:10:{s:4:"name";s:21:"xCal and iCal formats";s:11:"description";s:54:"Provides xCal and iCal formatters for the REST server.";s:7:"package";s:8:"Services";s:4:"core";s:3:"6.x";s:3:"php";s:3:"5.x";s:7:"version";s:7:"6.x-3.1";s:7:"project";s:8:"services";s:9:"datestamp";s:10:"1321482643";s:12:"dependencies";a:0:{}s:10:"dependents";a:0:{}}'),
('sites/all/modules/services/servers/xmlrpc_server/xmlrpc_server.module', 'xmlrpc_server', 'module', '', 1, 0, 0, 0, 0, 'a:10:{s:4:"name";s:13:"XMLRPC Server";s:11:"description";s:26:"Provides an XMLRPC server.";s:7:"package";s:18:"Services - servers";s:12:"dependencies";a:1:{i:0;s:8:"services";}s:4:"core";s:3:"6.x";s:7:"version";s:7:"6.x-2.2";s:7:"project";s:8:"services";s:9:"datestamp";s:10:"1274122506";s:10:"dependents";a:0:{}s:3:"php";s:5:"4.3.5";}'),
('sites/all/modules/ctools/bulk_export/bulk_export.module', 'bulk_export', 'module', '', 0, 0, 0, -1, 0, 'a:10:{s:4:"name";s:11:"Bulk Export";s:11:"description";s:67:"Performs bulk exporting of data objects known about by Chaos tools.";s:4:"core";s:3:"6.x";s:12:"dependencies";a:1:{i:0;s:6:"ctools";}s:7:"package";s:16:"Chaos tool suite";s:7:"version";s:7:"6.x-1.8";s:7:"project";s:6:"ctools";s:9:"datestamp";s:10:"1288393844";s:10:"dependents";a:0:{}s:3:"php";s:5:"4.3.5";}'),
('sites/all/modules/ctools/ctools.module', 'ctools', 'module', '', 0, 0, 0, -1, 0, 'a:10:{s:4:"name";s:11:"Chaos tools";s:11:"description";s:46:"A library of helpful tools by Merlin of Chaos.";s:4:"core";s:3:"6.x";s:7:"package";s:16:"Chaos tool suite";s:7:"version";s:7:"6.x-1.8";s:7:"project";s:6:"ctools";s:9:"datestamp";s:10:"1288393844";s:12:"dependencies";a:0:{}s:10:"dependents";a:0:{}s:3:"php";s:5:"4.3.5";}'),
('sites/all/modules/ctools/ctools_access_ruleset/ctools_access_ruleset.module', 'ctools_access_ruleset', 'module', '', 0, 0, 0, -1, 0, 'a:10:{s:4:"name";s:15:"Custom rulesets";s:11:"description";s:81:"Create custom, exportable, reusable access rulesets for applications like Panels.";s:4:"core";s:3:"6.x";s:7:"package";s:16:"Chaos tool suite";s:12:"dependencies";a:1:{i:0;s:6:"ctools";}s:7:"version";s:7:"6.x-1.8";s:7:"project";s:6:"ctools";s:9:"datestamp";s:10:"1288393844";s:10:"dependents";a:0:{}s:3:"php";s:5:"4.3.5";}'),
('sites/all/modules/ctools/ctools_ajax_sample/ctools_ajax_sample.module', 'ctools_ajax_sample', 'module', '', 0, 0, 0, -1, 0, 'a:10:{s:4:"name";s:33:"Chaos Tools (CTools) AJAX Example";s:11:"description";s:41:"Shows how to use the power of Chaos AJAX.";s:7:"package";s:16:"Chaos tool suite";s:12:"dependencies";a:1:{i:0;s:6:"ctools";}s:7:"version";s:7:"6.x-1.8";s:4:"core";s:3:"6.x";s:7:"project";s:6:"ctools";s:9:"datestamp";s:10:"1288393844";s:10:"dependents";a:0:{}s:3:"php";s:5:"4.3.5";}'),
('sites/all/modules/ctools/ctools_custom_content/ctools_custom_content.module', 'ctools_custom_content', 'module', '', 0, 0, 0, -1, 0, 'a:10:{s:4:"name";s:20:"Custom content panes";s:11:"description";s:79:"Create custom, exportable, reusable content panes for applications like Panels.";s:4:"core";s:3:"6.x";s:7:"package";s:16:"Chaos tool suite";s:12:"dependencies";a:1:{i:0;s:6:"ctools";}s:7:"version";s:7:"6.x-1.8";s:7:"project";s:6:"ctools";s:9:"datestamp";s:10:"1288393844";s:10:"dependents";a:0:{}s:3:"php";s:5:"4.3.5";}'),
('sites/all/modules/ctools/ctools_plugin_example/ctools_plugin_example.module', 'ctools_plugin_example', 'module', '', 0, 0, 0, -1, 0, 'a:10:{s:4:"name";s:35:"Chaos Tools (CTools) Plugin Example";s:11:"description";s:75:"Shows how an external module can provide ctools plugins (for Panels, etc.).";s:7:"package";s:16:"Chaos tool suite";s:12:"dependencies";a:4:{i:0;s:6:"ctools";i:1;s:6:"panels";i:2;s:12:"page_manager";i:3;s:13:"advanced_help";}s:4:"core";s:3:"6.x";s:7:"version";s:7:"6.x-1.8";s:7:"project";s:6:"ctools";s:9:"datestamp";s:10:"1288393844";s:10:"dependents";a:0:{}s:3:"php";s:5:"4.3.5";}'),
('sites/all/modules/ctools/page_manager/page_manager.module', 'page_manager', 'module', '', 0, 0, 0, -1, 0, 'a:10:{s:4:"name";s:12:"Page manager";s:11:"description";s:54:"Provides a UI and API to manage pages within the site.";s:4:"core";s:3:"6.x";s:12:"dependencies";a:1:{i:0;s:6:"ctools";}s:7:"package";s:16:"Chaos tool suite";s:7:"version";s:7:"6.x-1.8";s:7:"project";s:6:"ctools";s:9:"datestamp";s:10:"1288393844";s:10:"dependents";a:0:{}s:3:"php";s:5:"4.3.5";}'),
('sites/all/modules/ctools/stylizer/stylizer.module', 'stylizer', 'module', '', 0, 0, 0, -1, 0, 'a:10:{s:4:"name";s:8:"Stylizer";s:11:"description";s:53:"Create custom styles for applications such as Panels.";s:4:"core";s:3:"6.x";s:7:"package";s:16:"Chaos tool suite";s:12:"dependencies";a:1:{i:0;s:6:"ctools";}s:7:"version";s:7:"6.x-1.8";s:7:"project";s:6:"ctools";s:9:"datestamp";s:10:"1288393844";s:10:"dependents";a:0:{}s:3:"php";s:5:"4.3.5";}'),
('sites/all/modules/ctools/views_content/views_content.module', 'views_content', 'module', '', 0, 0, 0, -1, 0, 'a:10:{s:4:"name";s:19:"Views content panes";s:11:"description";s:104:"Allows Views content to be used in Panels, Dashboard and other modules which use the CTools Content API.";s:7:"package";s:16:"Chaos tool suite";s:12:"dependencies";a:2:{i:0;s:6:"ctools";i:1;s:5:"views";}s:4:"core";s:3:"6.x";s:7:"version";s:7:"6.x-1.8";s:7:"project";s:6:"ctools";s:9:"datestamp";s:10:"1288393844";s:10:"dependents";a:0:{}s:3:"php";s:5:"4.3.5";}'),
('sites/all/modules/services/services/comment_service/comment_service.module', 'comment_service', 'module', '', 0, 0, 0, 0, 0, 'a:10:{s:4:"name";s:15:"Comment Service";s:11:"description";s:27:"Provides a comment service.";s:7:"package";s:19:"Services - services";s:12:"dependencies";a:2:{i:0;s:8:"services";i:1;s:7:"comment";}s:4:"core";s:3:"6.x";s:7:"version";s:7:"6.x-2.2";s:7:"project";s:8:"services";s:9:"datestamp";s:10:"1274122506";s:10:"dependents";a:0:{}s:3:"php";s:5:"4.3.5";}'),
('sites/all/modules/services/services/file_service/file_service.module', 'file_service', 'module', '', 0, 0, 0, 0, 0, 'a:10:{s:4:"core";s:3:"6.x";s:12:"dependencies";a:1:{i:0;s:8:"services";}s:11:"description";s:24:"Provides a file service.";s:4:"name";s:12:"File Service";s:7:"package";s:19:"Services - services";s:7:"version";s:7:"6.x-2.2";s:7:"project";s:8:"services";s:9:"datestamp";s:10:"1274122506";s:10:"dependents";a:0:{}s:3:"php";s:5:"4.3.5";}'),
('sites/all/modules/services/services/menu_service/menu_service.module', 'menu_service', 'module', '', 0, 0, 0, 0, 0, 'a:10:{s:4:"core";s:3:"6.x";s:12:"dependencies";a:1:{i:0;s:8:"services";}s:11:"description";s:24:"Provides a menu service.";s:4:"name";s:12:"Menu Service";s:7:"package";s:19:"Services - services";s:7:"version";s:7:"6.x-2.2";s:7:"project";s:8:"services";s:9:"datestamp";s:10:"1274122506";s:10:"dependents";a:0:{}s:3:"php";s:5:"4.3.5";}'),
('sites/all/modules/services/services/node_service/node_resource.module', 'node_resource', 'module', '', 0, 0, 0, 0, 0, 'a:10:{s:4:"name";s:13:"Node Resource";s:11:"description";s:56:"Provides a resource oriented service interface to nodes.";s:7:"package";s:19:"Services - services";s:4:"core";s:3:"6.x";s:3:"php";s:3:"5.x";s:7:"version";s:7:"6.x-2.2";s:7:"project";s:8:"services";s:9:"datestamp";s:10:"1274122506";s:12:"dependencies";a:0:{}s:10:"dependents";a:0:{}}'),
('sites/all/modules/services/services/node_service/node_service.module', 'node_service', 'module', '', 1, 0, 0, 0, 0, 'a:10:{s:4:"name";s:12:"Node Service";s:11:"description";s:24:"Provides a node service.";s:7:"package";s:19:"Services - services";s:12:"dependencies";a:2:{i:0;s:8:"services";i:1;s:4:"node";}s:4:"core";s:3:"6.x";s:7:"version";s:7:"6.x-2.2";s:7:"project";s:8:"services";s:9:"datestamp";s:10:"1274122506";s:10:"dependents";a:0:{}s:3:"php";s:5:"4.3.5";}'),
('sites/all/modules/services/services/search_service/search_service.module', 'search_service', 'module', '', 0, 0, 0, 0, 0, 'a:10:{s:4:"name";s:14:"Search Service";s:11:"description";s:26:"Provides a search service.";s:7:"package";s:19:"Services - services";s:12:"dependencies";a:2:{i:0;s:8:"services";i:1;s:6:"search";}s:4:"core";s:3:"6.x";s:7:"version";s:7:"6.x-2.2";s:7:"project";s:8:"services";s:9:"datestamp";s:10:"1274122506";s:10:"dependents";a:0:{}s:3:"php";s:5:"4.3.5";}'),
('sites/all/modules/services/auth/services_keyauth/services_keyauth.module', 'services_keyauth', 'module', '', 0, 0, 0, -1, 0, 'a:10:{s:4:"name";s:18:"Key Authentication";s:11:"description";s:51:"Provides key authentication for the services module";s:7:"package";s:25:"Services - authentication";s:12:"dependencies";a:1:{i:0;s:8:"services";}s:4:"core";s:3:"6.x";s:7:"version";s:7:"6.x-2.2";s:7:"project";s:8:"services";s:9:"datestamp";s:10:"1274122506";s:10:"dependents";a:0:{}s:3:"php";s:5:"4.3.5";}'),
('sites/all/modules/services/services/system_service/system_service.module', 'system_service', 'module', '', 0, 0, 0, 0, 0, 'a:10:{s:4:"name";s:14:"System Service";s:11:"description";s:25:"Provides system services.";s:7:"package";s:19:"Services - services";s:12:"dependencies";a:1:{i:0;s:8:"services";}s:4:"core";s:3:"6.x";s:7:"version";s:7:"6.x-2.2";s:7:"project";s:8:"services";s:9:"datestamp";s:10:"1274122506";s:10:"dependents";a:0:{}s:3:"php";s:5:"4.3.5";}'),
('sites/all/modules/services/services/taxonomy_service/taxonomy_service.module', 'taxonomy_service', 'module', '', 0, 0, 0, 0, 0, 'a:10:{s:4:"name";s:16:"Taxonomy Service";s:11:"description";s:28:"Provides a taxonomy service.";s:7:"package";s:19:"Services - services";s:12:"dependencies";a:2:{i:0;s:8:"services";i:1;s:8:"taxonomy";}s:4:"core";s:3:"6.x";s:7:"version";s:7:"6.x-2.2";s:7:"project";s:8:"services";s:9:"datestamp";s:10:"1274122506";s:10:"dependents";a:0:{}s:3:"php";s:5:"4.3.5";}'),
('sites/all/modules/services/services/user_service/user_service.module', 'user_service', 'module', '', 1, 0, 0, 0, 0, 'a:10:{s:4:"name";s:12:"User Service";s:11:"description";s:24:"Provides a user service.";s:7:"package";s:19:"Services - services";s:12:"dependencies";a:2:{i:0;s:8:"services";i:1;s:4:"user";}s:4:"core";s:3:"6.x";s:7:"version";s:7:"6.x-2.2";s:7:"project";s:8:"services";s:9:"datestamp";s:10:"1274122506";s:10:"dependents";a:0:{}s:3:"php";s:5:"4.3.5";}'),
('sites/all/modules/services/services/views_service/views_service.module', 'views_service', 'module', '', 0, 0, 0, -1, 0, 'a:10:{s:4:"name";s:13:"Views Service";s:11:"description";s:25:"Provides a views service.";s:7:"package";s:19:"Services - services";s:12:"dependencies";a:2:{i:0;s:8:"services";i:1;s:5:"views";}s:4:"core";s:3:"6.x";s:7:"version";s:7:"6.x-2.2";s:7:"project";s:8:"services";s:9:"datestamp";s:10:"1274122506";s:10:"dependents";a:0:{}s:3:"php";s:5:"4.3.5";}'),
('sites/all/modules/datagroup_services/datagroup_services.module', 'datagroup_services', 'module', '', 1, 0, 0, 0, 0, 'a:8:{s:4:"name";s:19:"Data Group Services";s:11:"description";s:29:"Provides Data Group services.";s:4:"core";s:3:"6.x";s:12:"dependencies";a:1:{i:0;s:8:"services";}s:7:"package";s:8:"Services";s:10:"dependents";a:0:{}s:7:"version";N;s:3:"php";s:5:"4.3.5";}'),
('sites/all/modules/webform_ssn/webform_ssn/webform_ssn.module', 'webform_ssn', 'module', '', 1, 0, 0, 0, 0, 'a:10:{s:4:"name";s:11:"Webform SSN";s:11:"description";s:54:"Provides a component for U.S. Social Security Numbers.";s:4:"core";s:3:"6.x";s:7:"package";s:7:"Webform";s:12:"dependencies";a:1:{i:0;s:7:"webform";}s:7:"version";s:7:"6.x-1.0";s:7:"project";s:11:"webform_ssn";s:9:"datestamp";s:10:"1328893244";s:10:"dependents";a:0:{}s:3:"php";s:5:"4.3.5";}'),
('sites/all/modules/webform_password/webform_password.module', 'webform_password', 'module', '', 1, 0, 0, 0, 0, 'a:10:{s:4:"name";s:22:"Webform Password Field";s:11:"description";s:74:"Provides a new field password for Webforms useful in registration process.";s:7:"package";s:7:"Webform";s:4:"core";s:3:"6.x";s:7:"version";s:7:"6.x-1.0";s:7:"project";s:16:"webform_password";s:9:"datestamp";s:10:"1300744569";s:12:"dependencies";a:0:{}s:10:"dependents";a:0:{}s:3:"php";s:5:"4.3.5";}'),
('sites/all/modules/json_server/json_server.module', 'json_server', 'module', '', 1, 0, 0, 0, 0, 'a:10:{s:4:"name";s:11:"JSON server";s:11:"description";s:49:"Provides a Services API Server that returns JSON.";s:7:"package";s:18:"Services - servers";s:12:"dependencies";a:1:{i:0;s:8:"services";}s:4:"core";s:3:"6.x";s:7:"version";s:14:"6.x-2.0-alpha3";s:7:"project";s:11:"json_server";s:9:"datestamp";s:10:"1316442403";s:10:"dependents";a:0:{}s:3:"php";s:5:"4.3.5";}'),
('sites/all/modules/logintoboggan/logintoboggan.module', 'logintoboggan', 'module', '', 1, 0, 0, 6001, 0, 'a:9:{s:4:"name";s:13:"LoginToboggan";s:11:"description";s:31:"Improves Drupal''s login system.";s:4:"core";s:3:"6.x";s:7:"version";s:8:"6.x-1.10";s:7:"project";s:13:"logintoboggan";s:9:"datestamp";s:10:"1320873035";s:12:"dependencies";a:0:{}s:10:"dependents";a:0:{}s:3:"php";s:5:"4.3.5";}'),
('sites/all/modules/logintoboggan/contrib/logintoboggan_content_access_integration/logintoboggan_content_access_integration.module', 'logintoboggan_content_access_integration', 'module', '', 0, 0, 0, -1, 0, 'a:9:{s:4:"name";s:40:"LoginToboggan Content Access Integration";s:11:"description";s:102:"Integrates LoginToboggan with Content Access module, so that Non-validated users are handled correctly";s:4:"core";s:3:"6.x";s:12:"dependencies";a:2:{i:0;s:13:"logintoboggan";i:1;s:14:"content_access";}s:7:"version";s:8:"6.x-1.10";s:7:"project";s:13:"logintoboggan";s:9:"datestamp";s:10:"1320873035";s:10:"dependents";a:0:{}s:3:"php";s:5:"4.3.5";}'),
('sites/all/modules/logintoboggan/contrib/logintoboggan_rules/logintoboggan_rules.module', 'logintoboggan_rules', 'module', '', 0, 0, 0, -1, 0, 'a:9:{s:4:"name";s:31:"LoginToboggan Rules Integration";s:11:"description";s:42:"Integrates LoginToboggan with Rules module";s:4:"core";s:3:"6.x";s:12:"dependencies";a:2:{i:0;s:13:"logintoboggan";i:1;s:5:"rules";}s:7:"version";s:8:"6.x-1.10";s:7:"project";s:13:"logintoboggan";s:9:"datestamp";s:10:"1320873035";s:10:"dependents";a:0:{}s:3:"php";s:5:"4.3.5";}'),
('sites/all/modules/webform_validation/webform_validation.module', 'webform_validation', 'module', '', 1, 0, 0, 1, 0, 'a:10:{s:4:"name";s:18:"Webform Validation";s:11:"description";s:32:"Add validation rules to webforms";s:4:"core";s:3:"6.x";s:12:"dependencies";a:1:{i:0;s:7:"webform";}s:7:"package";s:7:"Webform";s:7:"version";s:7:"6.x-1.5";s:7:"project";s:18:"webform_validation";s:9:"datestamp";s:10:"1322683251";s:10:"dependents";a:0:{}s:3:"php";s:5:"4.3.5";}'),
('sites/all/modules/popdata/popdata.module', 'popdata', 'module', '', 1, 0, 0, 0, 0, 'a:8:{s:4:"name";s:26:"RMI Data Population Module";s:11:"description";s:42:"Specifically used to populate data for RMI";s:7:"package";s:6:"Custom";s:4:"core";s:3:"6.x";s:12:"dependencies";a:0:{}s:10:"dependents";a:0:{}s:7:"version";N;s:3:"php";s:5:"4.3.5";}'),
('sites/all/modules/custom_modules/view_data/view_data.module', 'view_data', 'module', '', 1, 0, 0, 0, 0, 'a:10:{s:4:"name";s:16:"View data groups";s:11:"description";s:33:"View data group their submission.";s:4:"core";s:3:"6.x";s:7:"package";s:6:"Custom";s:3:"php";s:3:"5.1";s:7:"version";s:8:"6.x-3.18";s:7:"project";s:6:"Custom";s:9:"datestamp";s:10:"1336890407";s:12:"dependencies";a:0:{}s:10:"dependents";a:0:{}}'),
('sites/all/themes/rmi/rmi.info', 'rmi', 'theme', 'themes/engines/phptemplate/phptemplate.engine', 1, 0, 0, -1, 0, 'a:13:{s:4:"name";s:16:"Register My Info";s:11:"description";s:69:"Tableless, recolorable, multi-column, fluid width theme for RMI site.";s:7:"version";s:4:"6.26";s:4:"core";s:3:"6.x";s:6:"engine";s:11:"phptemplate";s:7:"regions";a:6:{s:4:"left";s:12:"Left sidebar";s:5:"right";s:13:"Right sidebar";s:7:"content";s:7:"Content";s:6:"header";s:6:"Header";s:6:"footer";s:6:"Footer";s:10:"accountnav";s:15:"My account menu";}s:11:"stylesheets";a:1:{s:3:"all";a:1:{s:9:"style.css";s:30:"sites/all/themes/rmi/style.css";}}s:7:"scripts";a:1:{s:10:"sign-up.js";s:31:"sites/all/themes/rmi/sign-up.js";}s:7:"project";s:6:"drupal";s:9:"datestamp";s:10:"1341320410";s:8:"features";a:10:{i:0;s:20:"comment_user_picture";i:1;s:7:"favicon";i:2;s:7:"mission";i:3;s:4:"logo";i:4;s:4:"name";i:5;s:17:"node_user_picture";i:6;s:6:"search";i:7;s:6:"slogan";i:8;s:13:"primary_links";i:9;s:15:"secondary_links";}s:10:"screenshot";s:35:"sites/all/themes/rmi/screenshot.png";s:3:"php";s:5:"4.3.5";}'),
('sites/all/modules/menu_token/menu_token.module', 'menu_token', 'module', '', 1, 0, 0, 6000, 0, 'a:9:{s:4:"name";s:10:"Menu Token";s:11:"description";s:37:"Provides tokens in menu items(links).";s:12:"dependencies";a:1:{i:0;s:5:"token";}s:4:"core";s:3:"6.x";s:7:"version";s:14:"6.x-1.0-alpha2";s:7:"project";s:10:"menu_token";s:9:"datestamp";s:10:"1307952721";s:10:"dependents";a:0:{}s:3:"php";s:5:"4.3.5";}'),
('sites/all/modules/pathauto/pathauto.module', 'pathauto', 'module', '', 1, 0, 0, 7, 1, 'a:10:{s:4:"name";s:8:"Pathauto";s:11:"description";s:95:"Provides a mechanism for modules to automatically generate aliases for the content they manage.";s:12:"dependencies";a:2:{i:0;s:4:"path";i:1;s:5:"token";}s:4:"core";s:3:"6.x";s:10:"recommends";a:1:{i:0;s:13:"path_redirect";}s:7:"version";s:7:"6.x-1.6";s:7:"project";s:8:"pathauto";s:9:"datestamp";s:10:"1320076535";s:10:"dependents";a:0:{}s:3:"php";s:5:"4.3.5";}'),
('sites/all/modules/token/token.module', 'token', 'module', '', 1, 0, 0, 1, 10, 'a:9:{s:4:"name";s:5:"Token";s:11:"description";s:79:"Provides a shared API for replacement of textual placeholders with actual data.";s:4:"core";s:3:"6.x";s:7:"version";s:8:"6.x-1.18";s:7:"project";s:5:"token";s:9:"datestamp";s:10:"1320336935";s:12:"dependencies";a:0:{}s:10:"dependents";a:0:{}s:3:"php";s:5:"4.3.5";}'),
('sites/all/modules/token/tokenSTARTER.module', 'tokenSTARTER', 'module', '', 0, 0, 0, -1, 0, 'a:9:{s:4:"name";s:12:"TokenSTARTER";s:11:"description";s:72:"Provides additional tokens and a base on which to build your own tokens.";s:12:"dependencies";a:1:{i:0;s:5:"token";}s:4:"core";s:3:"6.x";s:7:"version";s:8:"6.x-1.18";s:7:"project";s:5:"token";s:9:"datestamp";s:10:"1320336935";s:10:"dependents";a:0:{}s:3:"php";s:5:"4.3.5";}'),
('sites/all/modules/token/token_actions.module', 'token_actions', 'module', '', 0, 0, 0, -1, 0, 'a:9:{s:4:"name";s:13:"Token actions";s:11:"description";s:73:"Provides enhanced versions of core Drupal actions using the Token module.";s:12:"dependencies";a:1:{i:0;s:5:"token";}s:4:"core";s:3:"6.x";s:7:"version";s:8:"6.x-1.18";s:7:"project";s:5:"token";s:9:"datestamp";s:10:"1320336935";s:10:"dependents";a:0:{}s:3:"php";s:5:"4.3.5";}'),
('sites/all/modules/token/tests/token_test.module', 'token_test', 'module', '', 0, 0, 0, -1, 0, 'a:12:{s:4:"name";s:10:"Token Test";s:11:"description";s:39:"Testing module for token functionality.";s:7:"package";s:7:"Testing";s:4:"core";s:3:"6.x";s:5:"files";a:1:{i:0;s:17:"token_test.module";}s:6:"hidden";b:1;s:7:"version";s:8:"6.x-1.18";s:7:"project";s:5:"token";s:9:"datestamp";s:10:"1320336935";s:12:"dependencies";a:0:{}s:10:"dependents";a:0:{}s:3:"php";s:5:"4.3.5";}'),
('sites/all/modules/chgpwd/chgpwd.module', 'chgpwd', 'module', '', 1, 0, 0, 6200, 100, 'a:9:{s:4:"name";s:15:"Change password";s:11:"description";s:40:"provides separate change password screen";s:4:"core";s:3:"6.x";s:7:"version";s:11:"6.x-2.x-dev";s:7:"project";s:6:"chgpwd";s:9:"datestamp";s:10:"1328141533";s:12:"dependencies";a:0:{}s:10:"dependents";a:0:{}s:3:"php";s:5:"4.3.5";}'),
('sites/all/modules/custom_modules/contacts/contacts.module', 'contacts', 'module', '', 1, 0, 0, 0, 0, 'a:10:{s:4:"name";s:8:"Contacts";s:11:"description";s:56:"Customization in contacts of the user and their sharing.";s:4:"core";s:3:"6.x";s:7:"package";s:6:"Custom";s:3:"php";s:3:"5.1";s:7:"version";s:8:"6.x-3.18";s:7:"project";s:6:"Custom";s:9:"datestamp";s:10:"1344500002";s:12:"dependencies";a:0:{}s:10:"dependents";a:0:{}}'),
('sites/all/modules/content_access/content_access.module', 'content_access', 'module', '', 1, 0, 0, 6001, 0, 'a:10:{s:4:"name";s:14:"Content Access";s:11:"description";s:40:"Provides flexible content access control";s:7:"package";s:14:"Access control";s:4:"core";s:3:"6.x";s:7:"version";s:7:"6.x-1.2";s:7:"project";s:14:"content_access";s:9:"datestamp";s:10:"1249035332";s:12:"dependencies";a:0:{}s:10:"dependents";a:0:{}s:3:"php";s:5:"4.3.5";}');

-- --------------------------------------------------------

--
-- Table structure for table `term_data`
--

CREATE TABLE IF NOT EXISTS `term_data` (
  `tid` int(10) unsigned NOT NULL AUTO_INCREMENT,
  `vid` int(10) unsigned NOT NULL DEFAULT '0',
  `name` varchar(255) NOT NULL DEFAULT '',
  `description` longtext,
  `weight` tinyint(4) NOT NULL DEFAULT '0',
  PRIMARY KEY (`tid`),
  KEY `taxonomy_tree` (`vid`,`weight`,`name`),
  KEY `vid_name` (`vid`,`name`)
) ENGINE=MyISAM DEFAULT CHARSET=utf8 AUTO_INCREMENT=1 ;

--
-- Dumping data for table `term_data`
--


-- --------------------------------------------------------

--
-- Table structure for table `term_hierarchy`
--

CREATE TABLE IF NOT EXISTS `term_hierarchy` (
  `tid` int(10) unsigned NOT NULL DEFAULT '0',
  `parent` int(10) unsigned NOT NULL DEFAULT '0',
  PRIMARY KEY (`tid`,`parent`),
  KEY `parent` (`parent`)
) ENGINE=MyISAM DEFAULT CHARSET=utf8;

--
-- Dumping data for table `term_hierarchy`
--


-- --------------------------------------------------------

--
-- Table structure for table `term_node`
--

CREATE TABLE IF NOT EXISTS `term_node` (
  `nid` int(10) unsigned NOT NULL DEFAULT '0',
  `vid` int(10) unsigned NOT NULL DEFAULT '0',
  `tid` int(10) unsigned NOT NULL DEFAULT '0',
  PRIMARY KEY (`tid`,`vid`),
  KEY `vid` (`vid`),
  KEY `nid` (`nid`)
) ENGINE=MyISAM DEFAULT CHARSET=utf8;

--
-- Dumping data for table `term_node`
--


-- --------------------------------------------------------

--
-- Table structure for table `term_relation`
--

CREATE TABLE IF NOT EXISTS `term_relation` (
  `trid` int(11) NOT NULL AUTO_INCREMENT,
  `tid1` int(10) unsigned NOT NULL DEFAULT '0',
  `tid2` int(10) unsigned NOT NULL DEFAULT '0',
  PRIMARY KEY (`trid`),
  UNIQUE KEY `tid1_tid2` (`tid1`,`tid2`),
  KEY `tid2` (`tid2`)
) ENGINE=MyISAM DEFAULT CHARSET=utf8 AUTO_INCREMENT=1 ;

--
-- Dumping data for table `term_relation`
--


-- --------------------------------------------------------

--
-- Table structure for table `term_synonym`
--

CREATE TABLE IF NOT EXISTS `term_synonym` (
  `tsid` int(11) NOT NULL AUTO_INCREMENT,
  `tid` int(10) unsigned NOT NULL DEFAULT '0',
  `name` varchar(255) NOT NULL DEFAULT '',
  PRIMARY KEY (`tsid`),
  KEY `tid` (`tid`),
  KEY `name_tid` (`name`,`tid`)
) ENGINE=MyISAM DEFAULT CHARSET=utf8 AUTO_INCREMENT=1 ;

--
-- Dumping data for table `term_synonym`
--


-- --------------------------------------------------------

--
-- Table structure for table `url_alias`
--

CREATE TABLE IF NOT EXISTS `url_alias` (
  `pid` int(10) unsigned NOT NULL AUTO_INCREMENT,
  `src` varchar(128) NOT NULL DEFAULT '',
  `dst` varchar(128) NOT NULL DEFAULT '',
  `language` varchar(12) NOT NULL DEFAULT '',
  PRIMARY KEY (`pid`),
  UNIQUE KEY `dst_language_pid` (`dst`,`language`,`pid`),
  KEY `src_language_pid` (`src`,`language`,`pid`)
) ENGINE=MyISAM  DEFAULT CHARSET=utf8 AUTO_INCREMENT=56 ;

--
-- Dumping data for table `url_alias`
--

INSERT INTO `url_alias` (`pid`, `src`, `dst`, `language`) VALUES
(1, 'node/17', 'content/contact-us', ''),
(2, 'node/18', 'content/how-its-works', ''),
(3, 'node/15', 'content/home', ''),
(5, 'node/20', 'content/about-us', ''),
(6, 'node/14', 'content/contact-info', ''),
(19, 'user/100', 'users/muhammadusmabvizteckcom', ''),
(20, 'user/101', 'users/abcom', ''),
(21, 'user/102', 'users/accom', ''),
(22, 'user/103', 'users/muhammadusmanvizteckcom', ''),
(15, 'node/21', 'content/welcome-register-my-info', ''),
(23, 'user/104', 'users/xycom', ''),
(24, 'user/105', 'users/frederickorvillegmailcom', ''),
(25, 'user/106', 'users/atcom', ''),
(26, 'user/107', 'users/ascom', ''),
(27, 'user/108', 'users/zvcom', ''),
(28, 'user/109', 'users/fvcom', ''),
(29, 'user/110', 'users/hvcom', ''),
(30, 'user/111', 'users/tbcom', ''),
(31, 'user/112', 'users/frederickorvillegmailcom-0', ''),
(32, 'user/113', 'users/hellobcom', ''),
(33, 'user/114', 'users/dfccom', ''),
(34, 'user/1', 'users/admin', ''),
(35, 'user/115', 'users/uucom', ''),
(36, 'user/116', 'users/richardtester29gmailcom', ''),
(37, 'user/117', 'users/edwardtester99gmailcom', ''),
(38, 'user/118', 'users/emilybronte248gmailcom', ''),
(39, 'user/119', 'users/aacom', ''),
(40, 'user/120', 'users/cdcom', ''),
(41, 'user/121', 'users/testergmailcom', ''),
(42, 'user/122', 'users/hwehjhsjfcom', ''),
(43, 'user/123', 'users/asdadzfdcom', ''),
(44, 'node/22', 'content/terms', ''),
(45, 'node/23', 'content/privacy-policy', ''),
(47, 'user/125', 'users/test123rtttcom', ''),
(48, 'user/126', 'users/asddsgciom', ''),
(49, 'user/127', 'users/asimammargmailcom', ''),
(50, 'user/128', 'users/aliakram14kyahoocom', ''),
(52, 'user/130', 'users/testgmailcom', ''),
(53, 'user/131', 'users/abcgmailcom', ''),
(54, 'user/132', 'users/azcom', ''),
(55, 'user/133', 'users/agmailcom', '');

-- --------------------------------------------------------

--
-- Table structure for table `users`
--

CREATE TABLE IF NOT EXISTS `users` (
  `uid` int(10) unsigned NOT NULL AUTO_INCREMENT,
  `name` varchar(60) NOT NULL DEFAULT '',
  `pass` varchar(32) NOT NULL DEFAULT '',
  `mail` varchar(64) DEFAULT '',
  `mode` tinyint(4) NOT NULL DEFAULT '0',
  `sort` tinyint(4) DEFAULT '0',
  `threshold` tinyint(4) DEFAULT '0',
  `theme` varchar(255) NOT NULL DEFAULT '',
  `signature` varchar(255) NOT NULL DEFAULT '',
  `signature_format` smallint(6) NOT NULL DEFAULT '0',
  `created` int(11) NOT NULL DEFAULT '0',
  `access` int(11) NOT NULL DEFAULT '0',
  `login` int(11) NOT NULL DEFAULT '0',
  `status` tinyint(4) NOT NULL DEFAULT '0',
  `timezone` varchar(8) DEFAULT NULL,
  `language` varchar(12) NOT NULL DEFAULT '',
  `picture` varchar(255) NOT NULL DEFAULT '',
  `init` varchar(64) DEFAULT '',
  `data` longtext,
  PRIMARY KEY (`uid`),
  UNIQUE KEY `name` (`name`),
  KEY `access` (`access`),
  KEY `created` (`created`),
  KEY `mail` (`mail`)
) ENGINE=MyISAM  DEFAULT CHARSET=utf8 AUTO_INCREMENT=134 ;

--
-- Dumping data for table `users`
--

INSERT INTO `users` (`uid`, `name`, `pass`, `mail`, `mode`, `sort`, `threshold`, `theme`, `signature`, `signature_format`, `created`, `access`, `login`, `status`, `timezone`, `language`, `picture`, `init`, `data`) VALUES
(0, '', '', '', 0, 0, 0, '', '', 0, 0, 0, 0, 0, NULL, '', '', '', NULL),
(1, 'admin', 'b59c67bf196a4758191e42f76670ceba', 'admin@rmi.com', 0, 0, 0, '', '', 0, 1338534886, 1349082608, 1349082608, 1, '18000', '', '', 'qamar.munir@vizteck.com', 'a:2:{s:13:"form_build_id";s:37:"form-c2ba81d7ad164669ace6a43b0bbe7846";s:8:"old_pass";s:4:"1234";}'),
(114, 'df@c.com', '8fa14cdd754f91cc6554c9e71929cce7', 'df@c.com', 0, 0, 0, '', '', 0, 1344409937, 1344409937, 0, 1, '18000', '', '', 'df@c.com', 'a:0:{}'),
(115, 'u@u.com', '0cc175b9c0f1b6a831c399e269772661', 'u@u.com', 0, 0, 0, '', '', 0, 1344511734, 1344511734, 0, 1, '18000', '', '', 'u@u.com', 'a:0:{}'),
(100, 'muhammad.usmab@vizteck.com', '0cc175b9c0f1b6a831c399e269772661', 'muhammad.usmab@vizteck.com', 0, 0, 0, '', '', 0, 1344325672, 1344325672, 0, 1, '18000', '', '', 'muhammad.usmab@vizteck.com', 'a:0:{}'),
(101, 'a@b.com', '4124bc0a9335c27f086f24ba207a4912', 'a@b.com', 0, 0, 0, '', '', 0, 1344326032, 1346415716, 1346415716, 1, '18000', '', '', 'a@b.com', 'a:0:{}'),
(102, 'a@c.com', '03c7c0ace395d80182db07ae2c30f034', 'a@c.com', 0, 0, 0, '', '', 0, 1344326067, 1344326067, 0, 1, '18000', '', '', 'a@c.com', 'a:0:{}'),
(103, 'muhammad.usman@vizteck.com', '0cc175b9c0f1b6a831c399e269772661', 'muhammad.usman@vizteck.com', 0, 0, 0, '', '', 0, 1344327137, 1346243851, 1346243851, 1, '18000', '', '', 'muhammad.usman@vizteck.com', 'a:0:{}'),
(104, 'x@y.com', '9dd4e461268c8034f5c8564e155c67a6', 'x@y.com', 0, 0, 0, '', '', 0, 1344332696, 1344332696, 0, 1, '18000', '', '', 'x@y.com', 'a:0:{}'),
(112, 'frederickorville@gmail.com', 'b59c67bf196a4758191e42f76670ceba', 'frederickorville@gmail.com', 0, 0, 0, '', '', 0, 1344340756, 1346738086, 1346738086, 1, '18000', '', '', 'frederickorville@gmail.com', 'a:0:{}'),
(106, 'a@t.com', '0cc175b9c0f1b6a831c399e269772661', 'a@t.com', 0, 0, 0, '', '', 0, 1344337314, 1344337314, 0, 1, '18000', '', '', 'a@t.com', 'a:0:{}'),
(107, 'a@s.com', '0cc175b9c0f1b6a831c399e269772661', 'a@s.com', 0, 0, 0, '', '', 0, 1344337471, 1344337471, 0, 1, '18000', '', '', 'a@s.com', 'a:0:{}'),
(108, 'z@v.com', '0cc175b9c0f1b6a831c399e269772661', 'z@v.com', 0, 0, 0, '', '', 0, 1344339092, 1344339092, 0, 1, '18000', '', '', 'z@v.com', 'a:0:{}'),
(109, 'f@v.com', '8277e0910d750195b448797616e091ad', 'f@v.com', 0, 0, 0, '', '', 0, 1344339309, 1344339309, 0, 1, '18000', '', '', 'f@v.com', 'a:0:{}'),
(110, 'h@v.com', '0cc175b9c0f1b6a831c399e269772661', 'h@v.com', 0, 0, 0, '', '', 0, 1344339476, 1344339476, 0, 1, '18000', '', '', 'h@v.com', 'a:0:{}'),
(111, 't@b.com', '0cc175b9c0f1b6a831c399e269772661', 't@b.com', 0, 0, 0, '', '', 0, 1344339689, 1344339689, 0, 1, '18000', '', '', 't@b.com', 'a:0:{}'),
(113, 'hello@b.com', '0cc175b9c0f1b6a831c399e269772661', 'hello@b.com', 0, 0, 0, '', '', 0, 1344401204, 1347003003, 1347003003, 1, '18000', '', '', 'hello@b.com', 'a:2:{s:8:"old_pass";s:1:"a";s:13:"form_build_id";s:37:"form-c8d03b495252f5bf659cc95511b5819a";}'),
(116, 'richardtester29@gmail.com', '0cc175b9c0f1b6a831c399e269772661', 'richardtester29@gmail.com', 0, 0, 0, '', '', 0, 1345015297, 1346243888, 1346243888, 1, '18000', '', '', 'richardtester29@gmail.com', 'a:0:{}'),
(117, 'edwardtester99@gmail.com', '0cc175b9c0f1b6a831c399e269772661', 'edwardtester99@gmail.com', 0, 0, 0, '', '', 0, 1345015392, 1345015392, 0, 1, '18000', '', '', 'edwardtester99@gmail.com', 'a:0:{}'),
(118, 'emilybronte248@gmail.com', '0cc175b9c0f1b6a831c399e269772661', 'emilybronte248@gmail.com', 0, 0, 0, '', '', 0, 1345015627, 1345015627, 0, 1, '18000', '', '', 'emilybronte248@gmail.com', 'a:0:{}'),
(119, 'a@a.com', '0cc175b9c0f1b6a831c399e269772661', 'a@a.com', 0, 0, 0, '', '', 0, 1345015714, 1345015714, 0, 1, '18000', '', '', 'a@a.com', 'a:0:{}'),
(120, 'c@d.com', '0cc175b9c0f1b6a831c399e269772661', 'c@d.com', 0, 0, 0, '', '', 0, 1345015866, 1345015866, 0, 1, '18000', '', '', 'c@d.com', 'a:0:{}'),
(121, 'tester@gmail.com', '0cc175b9c0f1b6a831c399e269772661', 'tester@gmail.com', 0, 0, 0, '', '', 0, 1345194716, 1345197426, 1345194716, 1, '18000', '', '', 'tester@gmail.com', 'a:0:{}'),
(122, 'hweh@jhsjf.com', '0cc175b9c0f1b6a831c399e269772661', 'hweh@jhsjf.com', 0, 0, 0, '', '', 0, 1345197500, 1345197500, 1345197500, 1, '18000', '', '', 'hweh@jhsjf.com', 'a:0:{}'),
(123, 'asda@dzfd.com', '0cc175b9c0f1b6a831c399e269772661', 'asda@dzfd.com', 0, 0, 0, '', '', 0, 1345197604, 1345197934, 1345197605, 1, '18000', '', '', 'asda@dzfd.com', 'a:0:{}'),
(126, 'ASD@DSG.CIOM', '7fc56270e7a70fa81a5935b72eacbe29', 'ASD@DSG.CIOM', 0, 0, 0, '', '', 0, 1345804692, 1345899883, 1345804692, 1, '18000', '', '', 'ASD@DSG.CIOM', 'a:0:{}'),
(125, 'test123@rttt.com', 'b59c67bf196a4758191e42f76670ceba', 'test123@rttt.com', 0, 0, 0, '', '', 0, 1345727522, 1345727522, 1345727522, 1, '18000', '', '', 'test123@rttt.com', 'a:0:{}'),
(127, 'asim.ammar@gmail.com', 'b6f2ece2d91206f7c5fb9fe243ab5e5a', 'asim.ammar@gmail.com', 0, 0, 0, '', '', 0, 1346226512, 1346308317, 1346304086, 1, '18000', '', '', 'asim.ammar@gmail.com', 'a:0:{}'),
(128, 'ali.akram14k@yahoo.com', '202cb962ac59075b964b07152d234b70', 'ali.akram14k@yahoo.com', 0, 0, 0, '', '', 0, 1346306923, 1346306923, 0, 1, '18000', '', '', 'ali.akram14k@yahoo.com', 'a:0:{}'),
(130, 'test@gmail.com', '0cc175b9c0f1b6a831c399e269772661', 'test@gmail.com', 0, 0, 0, '', '', 0, 1346418645, 1346676677, 1346418645, 1, '18000', '', '', 'test@gmail.com', 'a:0:{}'),
(131, 'abc@gmail.com', 'dc61bca8bfb8305a77c0e591191d48fc', 'abc@gmail.com', 0, 0, 0, '', '', 0, 1347003691, 1347003691, 0, 1, '18000', '', '', 'abc@gmail.com', 'a:0:{}'),
(132, 'a@z.com', 'dc61bca8bfb8305a77c0e591191d48fc', 'a@z.com', 0, 0, 0, '', '', 0, 1347354961, 1347354961, 0, 1, '18000', '', '', 'a@z.com', 'a:0:{}'),
(133, 'a@gmail.com', 'dc61bca8bfb8305a77c0e591191d48fc', 'a@gmail.com', 0, 0, 0, '', '', 0, 1347358105, 1347358105, 0, 1, '18000', '', '', 'a@gmail.com', 'a:0:{}');

-- --------------------------------------------------------

--
-- Table structure for table `users_roles`
--

CREATE TABLE IF NOT EXISTS `users_roles` (
  `uid` int(10) unsigned NOT NULL DEFAULT '0',
  `rid` int(10) unsigned NOT NULL DEFAULT '0',
  PRIMARY KEY (`uid`,`rid`),
  KEY `rid` (`rid`)
) ENGINE=MyISAM DEFAULT CHARSET=utf8;

--
-- Dumping data for table `users_roles`
--


-- --------------------------------------------------------

--
-- Table structure for table `variable`
--

CREATE TABLE IF NOT EXISTS `variable` (
  `name` varchar(128) NOT NULL DEFAULT '',
  `value` longtext NOT NULL,
  PRIMARY KEY (`name`)
) ENGINE=MyISAM DEFAULT CHARSET=utf8;

--
-- Dumping data for table `variable`
--

INSERT INTO `variable` (`name`, `value`) VALUES
('theme_default', 's:3:"rmi";'),
('filter_html_1', 'i:1;'),
('node_options_forum', 'a:1:{i:0;s:6:"status";}'),
('drupal_private_key', 's:64:"5d4c2b2f16f256d866d6186c5985e30cd86d601826ad50bf1a914a3058b688a5";'),
('menu_masks', 'a:26:{i:0;i:120;i:1;i:92;i:2;i:90;i:3;i:62;i:4;i:61;i:5;i:59;i:6;i:46;i:7;i:45;i:8;i:31;i:9;i:30;i:10;i:29;i:11;i:28;i:12;i:24;i:13;i:22;i:14;i:21;i:15;i:15;i:16;i:14;i:17;i:12;i:18;i:11;i:19;i:10;i:20;i:7;i:21;i:6;i:22;i:5;i:23;i:3;i:24;i:2;i:25;i:1;}'),
('install_task', 's:4:"done";'),
('menu_expanded', 'a:0:{}'),
('site_name', 's:16:"Register My Info";'),
('site_mail', 's:12:"info@rmi.com";'),
('date_default_timezone', 's:5:"18000";'),
('user_email_verification', 'i:0;'),
('clean_url', 's:1:"1";'),
('install_time', 'i:1338534937;'),
('node_options_page', 'a:1:{i:0;s:6:"status";}'),
('comment_page', 'i:0;'),
('theme_settings', 'a:1:{s:21:"toggle_node_info_page";b:0;}'),
('drupal_http_request_fails', 'b:0;'),
('css_js_query_string', 's:20:"l5vaeIUfiMOFxLADTz3H";'),
('install_profile', 's:7:"default";'),
('update_last_check', 'i:1347009175;'),
('file_directory_temp', 's:11:"E:/wamp/tmp";'),
('javascript_parsed', 'a:0:{}'),
('cron_last', 'i:1347009147;'),
('webform_addmore_1', 'a:6:{s:5:"label";s:8:"Add More";s:0:"";i:0;i:5;i:1;i:4;N;i:7;i:1;i:16;N;}'),
('services_use_content_permissions', 'i:1;'),
('imagefield_thumb_size', 's:5:"66x47";'),
('site_slogan', 's:0:"";'),
('site_mission', 's:0:"";'),
('site_footer', 's:144:"<ul>\r\n<li class="first"><a href="/rmi_test/content/privacy-policy">Privacy</a></li>\r\n<li><a href="/rmi_test/content/terms">Terms</a></li>\r\n</ul>";'),
('anonymous', 's:9:"Anonymous";'),
('site_frontpage', 's:7:"node/15";'),
('update_check_frequency', 's:1:"7";'),
('update_notification_threshold', 's:3:"all";'),
('logintoboggan_login_with_email', 's:1:"1";'),
('logintoboggan_confirm_email_at_registration', 's:1:"0";'),
('logintoboggan_pre_auth_role', 's:1:"2";'),
('logintoboggan_purge_unvalidated_user_interval', 's:1:"0";'),
('logintoboggan_immediate_login_on_register', 'i:1;'),
('logintoboggan_redirect_on_register', 's:0:"";'),
('logintoboggan_redirect_on_confirm', 's:0:"";'),
('logintoboggan_override_destination_parameter', 'i:1;'),
('site_403', 's:0:"";'),
('logintoboggan_login_successful_message', 's:1:"0";'),
('logintoboggan_minimum_password_length', 's:1:"0";'),
('pathauto_modulelist', 'a:3:{i:0;s:4:"node";i:1;s:4:"user";i:2;s:8:"taxonomy";}'),
('pathauto_taxonomy_supportsfeeds', 's:6:"0/feed";'),
('pathauto_taxonomy_pattern', 's:34:"category/[vocab-raw]/[catpath-raw]";'),
('pathauto_taxonomy_bulkupdate', 'b:0;'),
('pathauto_taxonomy_applytofeeds', 'b:0;'),
('pathauto_taxonomy_2_pattern', 's:0:"";'),
('pathauto_taxonomy_1_pattern', 's:0:"";'),
('pathauto_ignore_words', 's:108:"a,an,as,at,before,but,by,for,from,is,in,into,like,of,off,on,onto,per,since,than,the,this,that,to,up,via,with";'),
('pathauto_indexaliases', 'b:0;'),
('pathauto_indexaliases_bulkupdate', 'b:0;'),
('pathauto_max_component_length', 's:3:"100";'),
('pathauto_max_length', 's:3:"100";'),
('pathauto_node_bulkupdate', 'b:0;'),
('pathauto_node_forum_pattern', 's:0:"";'),
('pathauto_node_image_pattern', 's:0:"";'),
('pathauto_node_page_pattern', 's:0:"";'),
('pathauto_node_pattern', 's:19:"content/[title-raw]";'),
('pathauto_node_story_pattern', 's:0:"";'),
('pathauto_punctuation_quotes', 'i:0;'),
('pathauto_separator', 's:1:"-";'),
('pathauto_update_action', 's:1:"2";'),
('pathauto_user_bulkupdate', 'b:0;'),
('pathauto_user_pattern', 's:16:"users/[user-raw]";'),
('pathauto_user_supportsfeeds', 'N;'),
('pathauto_verbose', 'b:0;'),
('pathauto_node_applytofeeds', 's:0:"";'),
('pathauto_punctuation_hyphen', 'i:1;'),
('admin_theme', 's:7:"garland";'),
('node_admin_theme', 'i:1;'),
('change_password_tab_url', 's:6:"chgpwd";'),
('user_register', 's:1:"1";'),
('user_registration_help', 's:0:"";'),
('user_mail_register_admin_created_subject', 's:52:"An administrator created an account for you at !site";'),
('user_mail_register_admin_created_body', 's:468:"!username,\r\n\r\nA site administrator at !site has created an account for you. You may now log in to !login_uri using the following username and password:\r\n\r\nusername: !username\r\npassword: !password\r\n\r\nYou may also log in by clicking on this link or copying and pasting it in your browser:\r\n\r\n!login_url\r\n\r\nThis is a one-time login, so it can be used only once.\r\n\r\nAfter logging in, you will be redirected to !edit_uri so you can change your password.\r\n\r\n\r\n--  !site team";'),
('user_mail_register_no_approval_required_subject', 's:16:"Welcome to !site";'),
('user_mail_register_no_approval_required_body', 's:102:"Dear !profile_first_name !profile_last_name,\r\n\r\nThank you for registering at !site. \r\n\r\n--  !site team";'),
('configurable_timezones', 's:1:"1";'),
('date_first_day', 's:1:"0";'),
('date_format_short', 's:5:"m-d-Y";'),
('date_format_short_custom', 's:5:"m-d-Y";'),
('user_mail_register_pending_approval_subject', 's:63:"Account details for !username at !site (pending admin approval)";'),
('user_mail_register_pending_approval_body', 's:273:"!username,\r\n\r\nThank you for registering at !site. Your application for an account is currently pending approval. Once it has been approved, you will receive another e-mail containing information about how to log in, set your password, and other details.\r\n\r\n\r\n--  !site team";'),
('user_mail_password_reset_subject', 's:52:"Replacement login information for !username at !site";'),
('user_mail_password_reset_body', 's:419:"!username,\r\n\r\nA request to reset the password for your account has been made at !site.\r\n\r\nYou may now log in to !uri_brief by clicking on this link or copying and pasting it in your browser:\r\n\r\n!login_url\r\n\r\nThis is a one-time login, so it can be used only once. It expires after one day and nothing will happen if it''s not used.\r\n\r\nAfter logging in, you will be redirected to !edit_uri so you can change your password.";'),
('user_mail_status_activated_notify', 'i:1;'),
('user_mail_status_activated_subject', 's:49:"Account details for !username at !site (approved)";'),
('user_mail_status_activated_body', 's:434:"!username,\r\n\r\nYour account at !site has been activated.\r\n\r\nYou may now log in by clicking on this link or copying and pasting it in your browser:\r\n\r\n!login_url\r\n\r\nThis is a one-time login, so it can be used only once.\r\n\r\nAfter logging in, you will be redirected to !edit_uri so you can change your password.\r\n\r\nOnce you have set your own password, you will be able to log in to !login_uri in the future using:\r\n\r\nusername: !username\r\n";'),
('user_mail_status_blocked_notify', 'i:0;'),
('user_mail_status_blocked_subject', 's:48:"Account details for !username at !site (blocked)";'),
('user_mail_status_blocked_body', 's:53:"!username,\r\n\r\nYour account on !site has been blocked.";'),
('user_mail_status_deleted_notify', 'i:0;'),
('user_mail_status_deleted_subject', 's:48:"Account details for !username at !site (deleted)";'),
('user_mail_status_deleted_body', 's:53:"!username,\r\n\r\nYour account on !site has been deleted.";'),
('user_signatures', 's:1:"0";'),
('user_pictures', 's:1:"0";'),
('user_picture_path', 's:8:"pictures";'),
('user_picture_default', 's:0:"";'),
('user_picture_dimensions', 's:5:"85x85";'),
('user_picture_file_size', 's:2:"30";'),
('user_picture_guidelines', 's:0:"";'),
('date_format_medium', 's:14:"D, m/d/Y - H:i";'),
('date_format_medium_custom', 's:14:"D, m/d/Y - H:i";'),
('date_format_long', 's:15:"l, F j, Y - H:i";'),
('date_format_long_custom', 's:15:"l, F j, Y - H:i";'),
('content_access_settings', 'a:4:{s:4:"view";a:1:{s:7:"webform";a:1:{i:0;i:2;}}s:8:"view_own";a:1:{s:7:"webform";a:2:{i:0;i:1;i:1;i:2;}}s:8:"per_node";a:1:{s:7:"webform";i:0;}s:8:"priority";a:1:{s:7:"webform";s:1:"0";}}'),
('node_cron_comments_scale', 'd:1;'),
('node_cron_views_scale', 'd:1;'),
('node_cron_last', 's:10:"1345204418";');

-- --------------------------------------------------------

--
-- Table structure for table `vocabulary`
--

CREATE TABLE IF NOT EXISTS `vocabulary` (
  `vid` int(10) unsigned NOT NULL AUTO_INCREMENT,
  `name` varchar(255) NOT NULL DEFAULT '',
  `description` longtext,
  `help` varchar(255) NOT NULL DEFAULT '',
  `relations` tinyint(3) unsigned NOT NULL DEFAULT '0',
  `hierarchy` tinyint(3) unsigned NOT NULL DEFAULT '0',
  `multiple` tinyint(3) unsigned NOT NULL DEFAULT '0',
  `required` tinyint(3) unsigned NOT NULL DEFAULT '0',
  `tags` tinyint(3) unsigned NOT NULL DEFAULT '0',
  `module` varchar(255) NOT NULL DEFAULT '',
  `weight` tinyint(4) NOT NULL DEFAULT '0',
  PRIMARY KEY (`vid`),
  KEY `list` (`weight`,`name`)
) ENGINE=MyISAM DEFAULT CHARSET=utf8 AUTO_INCREMENT=1 ;

--
-- Dumping data for table `vocabulary`
--


-- --------------------------------------------------------

--
-- Table structure for table `vocabulary_node_types`
--

CREATE TABLE IF NOT EXISTS `vocabulary_node_types` (
  `vid` int(10) unsigned NOT NULL DEFAULT '0',
  `type` varchar(32) NOT NULL DEFAULT '',
  PRIMARY KEY (`type`,`vid`),
  KEY `vid` (`vid`)
) ENGINE=MyISAM DEFAULT CHARSET=utf8;

--
-- Dumping data for table `vocabulary_node_types`
--


-- --------------------------------------------------------

--
-- Table structure for table `watchdog`
--

CREATE TABLE IF NOT EXISTS `watchdog` (
  `wid` int(11) NOT NULL AUTO_INCREMENT,
  `uid` int(11) NOT NULL DEFAULT '0',
  `type` varchar(16) NOT NULL DEFAULT '',
  `message` longtext NOT NULL,
  `variables` longtext NOT NULL,
  `severity` tinyint(3) unsigned NOT NULL DEFAULT '0',
  `link` varchar(255) NOT NULL DEFAULT '',
  `location` text NOT NULL,
  `referer` text,
  `hostname` varchar(128) NOT NULL DEFAULT '',
  `timestamp` int(11) NOT NULL DEFAULT '0',
  PRIMARY KEY (`wid`),
  KEY `type` (`type`)
) ENGINE=MyISAM DEFAULT CHARSET=utf8 AUTO_INCREMENT=1 ;

--
-- Dumping data for table `watchdog`
--


-- --------------------------------------------------------

--
-- Table structure for table `webform`
--

CREATE TABLE IF NOT EXISTS `webform` (
  `nid` int(10) unsigned NOT NULL,
  `confirmation` text NOT NULL,
  `confirmation_format` tinyint(4) NOT NULL DEFAULT '0',
  `redirect_url` varchar(255) DEFAULT '<confirmation>',
  `status` tinyint(4) NOT NULL DEFAULT '1',
  `block` tinyint(4) NOT NULL DEFAULT '0',
  `teaser` tinyint(4) NOT NULL DEFAULT '0',
  `allow_draft` tinyint(4) NOT NULL DEFAULT '0',
  `auto_save` tinyint(4) NOT NULL DEFAULT '0',
  `submit_notice` tinyint(4) NOT NULL DEFAULT '1',
  `submit_text` varchar(255) DEFAULT NULL,
  `submit_limit` tinyint(4) NOT NULL DEFAULT '-1',
  `submit_interval` int(11) NOT NULL DEFAULT '-1',
  `total_submit_limit` int(11) NOT NULL DEFAULT '-1',
  `total_submit_interval` int(11) NOT NULL DEFAULT '-1',
  PRIMARY KEY (`nid`)
) ENGINE=MyISAM DEFAULT CHARSET=utf8;

--
-- Dumping data for table `webform`
--

INSERT INTO `webform` (`nid`, `confirmation`, `confirmation_format`, `redirect_url`, `status`, `block`, `teaser`, `allow_draft`, `auto_save`, `submit_notice`, `submit_text`, `submit_limit`, `submit_interval`, `total_submit_limit`, `total_submit_interval`) VALUES
(14, '', 1, '<confirmation>', 1, 0, 0, 0, 0, 1, '', -1, -1, -1, -1),
(2, '', 1, '<confirmation>', 1, 0, 0, 0, 0, 1, '', -1, -1, -1, -1),
(3, '', 1, '<confirmation>', 1, 0, 0, 0, 0, 1, '', -1, -1, -1, -1),
(4, '', 1, '<confirmation>', 1, 0, 0, 0, 0, 1, '', -1, -1, -1, -1),
(5, '', 1, '<confirmation>', 1, 0, 0, 0, 0, 1, '', -1, -1, -1, -1),
(6, '', 1, '<confirmation>', 1, 0, 0, 0, 0, 1, '', -1, -1, -1, -1),
(7, '', 1, '<confirmation>', 1, 0, 0, 0, 0, 1, '', -1, -1, -1, -1),
(8, '', 1, '<confirmation>', 1, 0, 0, 0, 0, 1, '', -1, -1, -1, -1),
(9, '', 1, '<confirmation>', 1, 0, 0, 0, 0, 1, '', -1, -1, -1, -1),
(10, '', 1, '<confirmation>', 1, 0, 0, 0, 0, 1, '', -1, -1, -1, -1),
(11, '', 1, '<confirmation>', 1, 0, 0, 0, 0, 1, '', -1, -1, -1, -1),
(12, '', 1, '<confirmation>', 1, 0, 0, 0, 0, 1, '', -1, -1, -1, -1),
(13, '', 1, '<confirmation>', 1, 0, 0, 0, 0, 1, '', -1, -1, -1, -1);

-- --------------------------------------------------------

--
-- Table structure for table `webform_addmore`
--

CREATE TABLE IF NOT EXISTS `webform_addmore` (
  `id` int(10) unsigned NOT NULL AUTO_INCREMENT,
  `nid` int(11) NOT NULL DEFAULT '0',
  `fieldset_cid` int(11) NOT NULL DEFAULT '0',
  `fieldset_form_key` varchar(255) NOT NULL DEFAULT '',
  `fieldset_name` varchar(255) NOT NULL DEFAULT '',
  `sub_fieldset_cid` int(11) NOT NULL DEFAULT '0',
  `sub_fieldset_form_key` varchar(255) NOT NULL DEFAULT '',
  PRIMARY KEY (`id`)
) ENGINE=MyISAM  DEFAULT CHARSET=utf8 AUTO_INCREMENT=50 ;

--
-- Dumping data for table `webform_addmore`
--

INSERT INTO `webform_addmore` (`id`, `nid`, `fieldset_cid`, `fieldset_form_key`, `fieldset_name`, `sub_fieldset_cid`, `sub_fieldset_form_key`) VALUES
(12, 1, 1, 'information', 'Telephone', 2, 'info'),
(3, 1, 13, 'mail_address', 'Mail Address', 14, 'info'),
(28, 3, 1, 'bank_account', 'Bank Account', 2, 'info'),
(14, 3, 5, 'credit___debit_cards', 'Credit / Debit Cards', 6, 'info'),
(15, 3, 11, 'credit_score', 'Credit Score', 12, 'info'),
(16, 3, 15, 'loans', 'Loans', 16, 'info'),
(17, 4, 7, 'letters_of_recommendation', 'Letters of recommendation', 11, 'info'),
(18, 5, 10, 'implants', 'Implants', 11, 'info'),
(19, 5, 6, 'surgeries', 'Surgeries', 7, 'info'),
(20, 14, 4, 'telephone', 'Telephone ', 5, 'info');

-- --------------------------------------------------------

--
-- Table structure for table `webform_component`
--

CREATE TABLE IF NOT EXISTS `webform_component` (
  `nid` int(10) unsigned NOT NULL DEFAULT '0',
  `cid` smallint(5) unsigned NOT NULL DEFAULT '0',
  `pid` smallint(5) unsigned NOT NULL DEFAULT '0',
  `form_key` varchar(128) DEFAULT NULL,
  `name` varchar(255) DEFAULT NULL,
  `type` varchar(16) DEFAULT NULL,
  `value` text NOT NULL,
  `extra` text NOT NULL,
  `mandatory` tinyint(4) NOT NULL DEFAULT '0',
  `weight` smallint(6) NOT NULL DEFAULT '0',
  PRIMARY KEY (`nid`,`cid`)
) ENGINE=MyISAM DEFAULT CHARSET=utf8;

--
-- Dumping data for table `webform_component`
--

INSERT INTO `webform_component` (`nid`, `cid`, `pid`, `form_key`, `name`, `type`, `value`, `extra`, `mandatory`, `weight`) VALUES
(14, 5, 4, 'info', 'Info', 'fieldset', '', 'a:5:{s:13:"title_display";i:0;s:7:"private";i:0;s:11:"collapsible";i:0;s:9:"collapsed";i:0;s:20:"conditional_operator";s:1:"=";}', 0, 4),
(14, 6, 5, 'type', 'Type', 'select', '', 'a:7:{s:5:"items";s:35:"Cell|Cell\r\nHome|Home\r\nOffice|Office";s:8:"multiple";i:0;s:13:"title_display";s:6:"before";s:7:"private";i:0;s:6:"aslist";i:1;s:7:"optrand";i:0;s:20:"conditional_operator";s:1:"=";}', 0, 5),
(14, 3, 0, 'email_address', 'Email address', 'email', '', 'a:5:{s:13:"title_display";s:6:"before";s:7:"private";i:0;s:8:"disabled";i:0;s:6:"unique";i:0;s:20:"conditional_operator";s:1:"=";}', 0, 2),
(14, 4, 0, 'telephone', 'Telephone ', 'fieldset', '', 'a:5:{s:13:"title_display";i:0;s:7:"private";i:0;s:11:"collapsible";i:0;s:9:"collapsed";i:0;s:20:"conditional_operator";s:1:"=";}', 0, 3),
(14, 1, 0, 'name', 'Name', 'textfield', '', 'a:5:{s:13:"title_display";s:6:"before";s:7:"private";i:0;s:8:"disabled";i:0;s:6:"unique";i:0;s:20:"conditional_operator";s:1:"=";}', 0, 0),
(14, 2, 0, 'address', 'Address', 'textarea', '', 'a:5:{s:13:"title_display";i:0;s:7:"private";i:0;s:9:"resizable";i:1;s:8:"disabled";i:0;s:20:"conditional_operator";s:1:"=";}', 0, 1),
(2, 1, 0, 'dob', 'DOB', 'date', '', 'a:8:{s:8:"timezone";s:4:"user";s:13:"title_display";s:6:"before";s:7:"private";i:0;s:10:"datepicker";i:1;s:14:"year_textfield";i:0;s:10:"start_date";s:10:"Jan 1 1970";s:8:"end_date";s:11:"Dec 31 2011";s:20:"conditional_operator";s:1:"=";}', 0, 0),
(2, 2, 0, 'ssn', 'SSN', 'ssn', '', 'a:6:{s:4:"mask";i:0;s:13:"title_display";s:4:"none";s:7:"private";i:0;s:8:"disabled";i:0;s:6:"unique";i:0;s:20:"conditional_operator";s:1:"=";}', 0, 1),
(3, 1, 0, 'bank_account', 'Bank Account', 'fieldset', '', 'a:5:{s:13:"title_display";i:0;s:7:"private";i:0;s:11:"collapsible";i:0;s:9:"collapsed";i:0;s:20:"conditional_operator";s:1:"=";}', 0, 0),
(3, 2, 1, 'info', 'Info', 'fieldset', '', 'a:5:{s:13:"title_display";i:0;s:7:"private";i:0;s:11:"collapsible";i:0;s:9:"collapsed";i:0;s:20:"conditional_operator";s:1:"=";}', 0, 1),
(3, 3, 2, 'account_type_bank', 'Account Type', 'select', '', 'a:7:{s:5:"items";s:73:"Checking|Checking \r\nSavings|Savings\r\nRetirement |Retirement \r\nOther|Other";s:8:"multiple";i:0;s:13:"title_display";s:6:"before";s:7:"private";i:0;s:6:"aslist";i:1;s:7:"optrand";i:0;s:20:"conditional_operator";s:1:"=";}', 0, 2),
(3, 4, 2, 'account_number_bank', 'Account #', 'textfield', '', 'a:5:{s:13:"title_display";s:6:"before";s:7:"private";i:0;s:8:"disabled";i:0;s:6:"unique";i:0;s:20:"conditional_operator";s:1:"=";}', 0, 3),
(3, 5, 0, 'credit___debit_cards', 'Credit / Debit Cards', 'fieldset', '', 'a:5:{s:13:"title_display";i:0;s:7:"private";i:0;s:11:"collapsible";i:0;s:9:"collapsed";i:0;s:20:"conditional_operator";s:1:"=";}', 0, 4),
(3, 8, 6, 'account_type', 'Account Type', 'select', '', 'a:7:{s:5:"items";s:86:"MasterCard|MasterCard\r\nVISA|VISA\r\nAmerican Express|American Express\r\nDiscover|Discover";s:8:"multiple";i:0;s:13:"title_display";s:6:"before";s:7:"private";i:0;s:6:"aslist";i:1;s:7:"optrand";i:0;s:20:"conditional_operator";s:1:"=";}', 0, 7),
(3, 6, 5, 'info', 'Info', 'fieldset', '', 'a:5:{s:13:"title_display";i:0;s:7:"private";i:0;s:11:"collapsible";i:0;s:9:"collapsed";i:0;s:20:"conditional_operator";s:1:"=";}', 0, 5),
(3, 7, 6, 'expiration_code', 'Expiration Code', 'date', '', 'a:11:{s:8:"timezone";s:4:"user";s:13:"title_display";s:6:"before";s:7:"private";i:0;s:10:"datepicker";i:1;s:14:"year_textfield";i:0;s:10:"start_date";s:10:"Jan 1 1970";s:8:"end_date";s:11:"Dec 31 2030";s:20:"conditional_operator";s:1:"=";s:11:"description";s:0:"";s:21:"conditional_component";s:0:"";s:18:"conditional_values";s:0:"";}', 0, 9),
(3, 9, 6, 'account_', 'Account #', 'textfield', '', 'a:13:{s:13:"title_display";s:6:"before";s:7:"private";i:0;s:8:"disabled";i:0;s:6:"unique";i:0;s:20:"conditional_operator";s:1:"=";s:5:"width";s:0:"";s:9:"maxlength";s:0:"";s:12:"field_prefix";s:0:"";s:12:"field_suffix";s:0:"";s:11:"description";s:0:"";s:10:"attributes";a:0:{}s:21:"conditional_component";s:0:"";s:18:"conditional_values";s:0:"";}', 0, 8),
(3, 10, 6, 'pin_number', 'PIN Number', 'textfield', '', 'a:5:{s:13:"title_display";s:6:"before";s:7:"private";i:0;s:8:"disabled";i:0;s:6:"unique";i:0;s:20:"conditional_operator";s:1:"=";}', 0, 10),
(3, 11, 0, 'credit_score', 'Credit Score', 'fieldset', '', 'a:5:{s:13:"title_display";i:0;s:7:"private";i:0;s:11:"collapsible";i:0;s:9:"collapsed";i:0;s:20:"conditional_operator";s:1:"=";}', 0, 11),
(3, 12, 11, 'info', 'Info', 'fieldset', '', 'a:5:{s:13:"title_display";i:0;s:7:"private";i:0;s:11:"collapsible";i:0;s:9:"collapsed";i:0;s:20:"conditional_operator";s:1:"=";}', 0, 12),
(3, 13, 12, 'date_credit', 'Date', 'date', '', 'a:11:{s:8:"timezone";s:4:"user";s:13:"title_display";s:6:"before";s:7:"private";i:0;s:10:"datepicker";i:1;s:14:"year_textfield";i:0;s:10:"start_date";s:10:"Jan 1 1970";s:8:"end_date";s:11:"Dec 31 2030";s:20:"conditional_operator";s:1:"=";s:11:"description";s:0:"";s:21:"conditional_component";s:0:"";s:18:"conditional_values";s:0:"";}', 0, 13),
(3, 14, 12, 'value', 'Value', 'number', '', 'a:19:{s:13:"title_display";s:6:"before";s:7:"private";i:0;s:4:"type";s:9:"textfield";s:8:"decimals";s:0:"";s:9:"separator";s:1:",";s:5:"point";s:1:".";s:6:"unique";i:0;s:7:"integer";i:1;s:20:"conditional_operator";s:1:"=";s:11:"excludezero";i:0;s:12:"field_prefix";s:0:"";s:12:"field_suffix";s:0:"";s:11:"description";s:0:"";s:10:"attributes";a:0:{}s:3:"min";s:0:"";s:3:"max";s:0:"";s:4:"step";s:0:"";s:21:"conditional_component";s:0:"";s:18:"conditional_values";s:0:"";}', 0, 14),
(3, 15, 0, 'loans', 'Loans', 'fieldset', '', 'a:5:{s:13:"title_display";i:0;s:7:"private";i:0;s:11:"collapsible";i:0;s:9:"collapsed";i:0;s:20:"conditional_operator";s:1:"=";}', 0, 15),
(4, 1, 0, 'employer', 'Employer', 'textfield', '', 'a:5:{s:13:"title_display";s:6:"before";s:7:"private";i:0;s:8:"disabled";i:0;s:6:"unique";i:0;s:20:"conditional_operator";s:1:"=";}', 0, 0),
(3, 16, 15, 'info', 'Info', 'fieldset', '', 'a:5:{s:13:"title_display";i:0;s:7:"private";i:0;s:11:"collapsible";i:0;s:9:"collapsed";i:0;s:20:"conditional_operator";s:1:"=";}', 0, 16),
(3, 17, 16, 'loan_type', 'Loan Type', 'select', '', 'a:7:{s:5:"items";s:44:"Home|Home\r\nAuto|Auto\r\nBoat|Boat\r\nOther|Other";s:8:"multiple";i:0;s:13:"title_display";s:6:"before";s:7:"private";i:0;s:6:"aslist";i:1;s:7:"optrand";i:0;s:20:"conditional_operator";s:1:"=";}', 0, 17),
(3, 18, 16, 'date_loan', 'Date', 'date', '', 'a:11:{s:8:"timezone";s:4:"user";s:13:"title_display";s:6:"before";s:7:"private";i:0;s:10:"datepicker";i:1;s:14:"year_textfield";i:0;s:10:"start_date";s:10:"Jan 1 1970";s:8:"end_date";s:11:"Dec 31 2030";s:20:"conditional_operator";s:1:"=";s:11:"description";s:0:"";s:21:"conditional_component";s:0:"";s:18:"conditional_values";s:0:"";}', 0, 18),
(3, 19, 16, 'loan_amount', 'Loan Amount', 'number', '', 'a:11:{s:13:"title_display";s:6:"before";s:7:"private";i:0;s:4:"type";s:9:"textfield";s:12:"field_prefix";s:3:"($)";s:8:"decimals";s:0:"";s:9:"separator";s:1:",";s:5:"point";s:1:".";s:6:"unique";i:0;s:7:"integer";i:0;s:20:"conditional_operator";s:1:"=";s:11:"excludezero";i:0;}', 0, 19),
(4, 14, 0, 'cv', 'CV', 'file', '', 'a:6:{s:11:"description";s:63:"Allowed file formats are: .doc , .docx, .pdf (Max. size is 2MB)";s:12:"savelocation";s:2:"cv";s:13:"title_display";s:6:"before";s:7:"private";i:0;s:9:"filtering";a:3:{s:4:"size";s:4:"2048";s:5:"types";a:3:{i:0;s:3:"pdf";i:1;s:3:"doc";i:2;s:4:"docx";}s:13:"addextensions";s:0:"";}s:20:"conditional_operator";s:1:"=";}', 0, 5),
(4, 2, 0, 'start_date', 'Start Date', 'date', '', 'a:8:{s:8:"timezone";s:4:"user";s:13:"title_display";s:6:"before";s:7:"private";i:0;s:10:"datepicker";i:1;s:14:"year_textfield";i:0;s:10:"start_date";s:10:"Jan 1 1940";s:8:"end_date";s:11:"Dec 31 2012";s:20:"conditional_operator";s:1:"=";}', 0, 1),
(4, 3, 0, 'end_date', 'End Date', 'date', '', 'a:8:{s:8:"timezone";s:4:"user";s:13:"title_display";s:6:"before";s:7:"private";i:0;s:10:"datepicker";i:1;s:14:"year_textfield";i:0;s:10:"start_date";s:10:"Jan 1 1940";s:8:"end_date";s:11:"Dec 31 2012";s:20:"conditional_operator";s:1:"=";}', 0, 2),
(4, 12, 0, 'employer_contact_information', 'Employer Contact information', 'textfield', '', 'a:13:{s:13:"title_display";s:6:"before";s:7:"private";i:0;s:8:"disabled";i:0;s:6:"unique";i:0;s:20:"conditional_operator";s:1:"=";s:5:"width";s:0:"";s:9:"maxlength";s:0:"";s:12:"field_prefix";s:0:"";s:12:"field_suffix";s:0:"";s:11:"description";s:0:"";s:10:"attributes";a:0:{}s:21:"conditional_component";s:0:"";s:18:"conditional_values";s:0:"";}', 0, 3),
(4, 13, 0, 'annual_salary_and_wages', 'Annual salary and wages', 'textarea', '', 'a:11:{s:13:"title_display";i:0;s:7:"private";i:0;s:9:"resizable";i:1;s:8:"disabled";i:0;s:20:"conditional_operator";s:1:"=";s:4:"cols";s:0:"";s:4:"rows";s:0:"";s:11:"description";s:0:"";s:10:"attributes";a:0:{}s:21:"conditional_component";s:0:"";s:18:"conditional_values";s:0:"";}', 0, 4),
(4, 7, 0, 'letters_of_recommendation', 'Letters of recommendation', 'fieldset', '', 'a:5:{s:13:"title_display";i:0;s:7:"private";i:0;s:11:"collapsible";i:0;s:9:"collapsed";i:0;s:20:"conditional_operator";s:1:"=";}', 0, 6),
(4, 8, 11, 'date', 'Date', 'date', '', 'a:8:{s:8:"timezone";s:4:"user";s:13:"title_display";s:6:"before";s:7:"private";i:0;s:10:"datepicker";i:1;s:14:"year_textfield";i:0;s:10:"start_date";s:10:"Jan 1 1940";s:8:"end_date";s:11:"Dec 31 2020";s:20:"conditional_operator";s:1:"=";}', 0, 11),
(4, 9, 11, 'person', 'Person', 'textfield', '', 'a:13:{s:13:"title_display";s:6:"before";s:7:"private";i:0;s:8:"disabled";i:0;s:6:"unique";i:0;s:20:"conditional_operator";s:1:"=";s:5:"width";s:0:"";s:9:"maxlength";s:0:"";s:12:"field_prefix";s:0:"";s:12:"field_suffix";s:0:"";s:11:"description";s:0:"";s:10:"attributes";a:0:{}s:21:"conditional_component";s:0:"";s:18:"conditional_values";s:0:"";}', 0, 12),
(4, 10, 11, 'letter', 'Letter', 'file', '', 'a:6:{s:11:"description";s:63:"Allowed file formats are: .doc , .docx, .pdf (Max. size is 2MB)";s:12:"savelocation";s:21:"recommendation_letter";s:13:"title_display";s:6:"before";s:7:"private";i:0;s:9:"filtering";a:3:{s:4:"size";s:4:"2048";s:5:"types";a:4:{i:0;s:4:"html";i:1;s:3:"pdf";i:2;s:3:"doc";i:3;s:4:"docx";}s:13:"addextensions";s:0:"";}s:20:"conditional_operator";s:1:"=";}', 0, 13),
(4, 11, 7, 'info', 'Info', 'fieldset', '', 'a:5:{s:13:"title_display";i:0;s:7:"private";i:0;s:11:"collapsible";i:0;s:9:"collapsed";i:0;s:20:"conditional_operator";s:1:"=";}', 0, 10),
(5, 1, 0, 'allergies', 'Allergies', 'textfield', '', 'a:5:{s:13:"title_display";s:6:"before";s:7:"private";i:0;s:8:"disabled";i:0;s:6:"unique";i:0;s:20:"conditional_operator";s:1:"=";}', 0, 0),
(5, 2, 0, 'medications', 'Medications', 'textfield', '', 'a:5:{s:13:"title_display";s:6:"before";s:7:"private";i:0;s:8:"disabled";i:0;s:6:"unique";i:0;s:20:"conditional_operator";s:1:"=";}', 0, 1),
(5, 3, 0, 'family_history', 'Family history', 'textarea', '', 'a:5:{s:13:"title_display";i:0;s:7:"private";i:0;s:9:"resizable";i:1;s:8:"disabled";i:0;s:20:"conditional_operator";s:1:"=";}', 0, 2),
(5, 4, 0, 'smoker___no_smoker', 'Smoker / No Smoker', 'select', '', 'a:7:{s:5:"items";s:34:"Smoker|Smoker\r\nNo Smoker|No Smoker";s:8:"multiple";i:0;s:13:"title_display";s:6:"before";s:7:"private";i:0;s:6:"aslist";i:0;s:7:"optrand";i:0;s:20:"conditional_operator";s:1:"=";}', 0, 3),
(5, 5, 0, 'alcohol', 'Alcohol', 'select', '', 'a:7:{s:5:"items";s:51:"Never|Never\r\nOccasionally|Occasionally\r\nDaily|Daily";s:8:"multiple";i:0;s:13:"title_display";s:6:"before";s:7:"private";i:0;s:6:"aslist";i:1;s:7:"optrand";i:0;s:20:"conditional_operator";s:1:"=";}', 0, 4),
(5, 6, 0, 'surgeries', 'Surgeries', 'fieldset', '', 'a:5:{s:13:"title_display";i:0;s:7:"private";i:0;s:11:"collapsible";i:0;s:9:"collapsed";i:0;s:20:"conditional_operator";s:1:"=";}', 0, 5),
(5, 7, 6, 'info', 'Info', 'fieldset', '', 'a:5:{s:13:"title_display";i:0;s:7:"private";i:0;s:11:"collapsible";i:0;s:9:"collapsed";i:0;s:20:"conditional_operator";s:1:"=";}', 0, 6),
(5, 8, 7, 'date_surgeries', 'Date', 'date', '', 'a:8:{s:8:"timezone";s:4:"user";s:13:"title_display";s:6:"before";s:7:"private";i:0;s:10:"datepicker";i:1;s:14:"year_textfield";i:0;s:10:"start_date";s:10:"Jan 1 1970";s:8:"end_date";s:11:"Dec 31 2012";s:20:"conditional_operator";s:1:"=";}', 0, 7),
(5, 9, 7, 'reason', 'Reason', 'textfield', '', 'a:13:{s:13:"title_display";s:6:"before";s:7:"private";i:0;s:8:"disabled";i:0;s:6:"unique";i:0;s:20:"conditional_operator";s:1:"=";s:5:"width";s:0:"";s:9:"maxlength";s:0:"";s:12:"field_prefix";s:0:"";s:12:"field_suffix";s:0:"";s:11:"description";s:0:"";s:10:"attributes";a:0:{}s:21:"conditional_component";s:0:"";s:18:"conditional_values";s:0:"";}', 0, 8),
(6, 1, 0, 'expense_type', 'Expense Type', 'select', '', 'a:14:{s:5:"items";s:161:"Mortgage|Mortgage\r\nRent|Rent\r\nAuto|Auto\r\nWater|Water\r\nCable|Cable\r\nPhone|Phone\r\nInternet|Internet\r\nGroceries|Groceries\r\nGas|Gas\r\nChildcare|Childcare\r\nOther|Other";s:8:"multiple";i:0;s:13:"title_display";s:6:"before";s:7:"private";i:0;s:6:"aslist";i:1;s:7:"optrand";i:0;s:20:"conditional_operator";s:1:"=";s:12:"other_option";N;s:10:"other_text";s:8:"Other...";s:11:"description";s:0:"";s:11:"custom_keys";b:0;s:14:"options_source";s:0:"";s:21:"conditional_component";s:0:"";s:18:"conditional_values";s:0:"";}', 1, 0),
(5, 10, 0, 'implants', 'Implants', 'fieldset', '', 'a:8:{s:13:"title_display";i:0;s:7:"private";i:0;s:11:"collapsible";i:0;s:9:"collapsed";i:0;s:20:"conditional_operator";s:1:"=";s:11:"description";s:0:"";s:21:"conditional_component";s:0:"";s:18:"conditional_values";s:0:"";}', 0, 6),
(5, 11, 10, 'info', 'Info', 'fieldset', '', 'a:5:{s:13:"title_display";i:0;s:7:"private";i:0;s:11:"collapsible";i:0;s:9:"collapsed";i:0;s:20:"conditional_operator";s:1:"=";}', 0, 10),
(5, 12, 11, 'date_implants', 'Date', 'date', '', 'a:8:{s:8:"timezone";s:4:"user";s:13:"title_display";s:6:"before";s:7:"private";i:0;s:10:"datepicker";i:1;s:14:"year_textfield";i:0;s:10:"start_date";s:10:"Jan 1 1970";s:8:"end_date";s:11:"Dec 31 2020";s:20:"conditional_operator";s:1:"=";}', 0, 11),
(5, 13, 11, 'type', 'Type', 'select', '', 'a:7:{s:5:"items";s:308:"Joint replacement: Shoulder|Joint replacement: Shoulder\r\nJoint replacement: Elbow|Joint replacement: Elbow\r\nJoint replacement: Hip|Joint replacement: Hip\r\nJoint replacement: Knee|Joint replacement: Knee\r\nJoint replacement: Ankle|Joint replacement: Ankle\r\nDental Breast Augmentation|Dental Breast Augmentation";s:8:"multiple";i:0;s:13:"title_display";s:6:"before";s:7:"private";i:0;s:6:"aslist";i:1;s:7:"optrand";i:0;s:20:"conditional_operator";s:1:"=";}', 0, 12),
(5, 14, 11, 'manufacturer', 'Manufacturer', 'textfield', '', 'a:13:{s:13:"title_display";s:6:"before";s:7:"private";i:0;s:8:"disabled";i:0;s:6:"unique";i:0;s:20:"conditional_operator";s:1:"=";s:5:"width";s:0:"";s:9:"maxlength";s:0:"";s:12:"field_prefix";s:0:"";s:12:"field_suffix";s:0:"";s:11:"description";s:0:"";s:10:"attributes";a:0:{}s:21:"conditional_component";s:0:"";s:18:"conditional_values";s:0:"";}', 0, 13),
(7, 1, 0, 'type', 'Type', 'select', '', 'a:7:{s:5:"items";s:51:"Auto Service|Auto Service\r\nRecall|Recall\r\nHome|Home";s:8:"multiple";i:0;s:13:"title_display";s:6:"before";s:7:"private";i:0;s:6:"aslist";i:1;s:7:"optrand";i:0;s:20:"conditional_operator";s:1:"=";}', 0, 0),
(6, 2, 0, 'amount', 'Amount($)', 'number', '', 'a:10:{s:13:"title_display";s:6:"before";s:7:"private";i:0;s:4:"type";s:9:"textfield";s:8:"decimals";s:0:"";s:9:"separator";s:1:",";s:5:"point";s:1:".";s:6:"unique";i:0;s:7:"integer";i:0;s:20:"conditional_operator";s:1:"=";s:11:"excludezero";i:0;}', 1, 1),
(6, 3, 0, 'date_due', 'Date Due', 'date', '', 'a:8:{s:8:"timezone";s:4:"user";s:13:"title_display";s:6:"before";s:7:"private";i:0;s:10:"datepicker";i:1;s:14:"year_textfield";i:0;s:10:"start_date";s:10:"Jan 1 1970";s:8:"end_date";s:11:"Dec 31 2030";s:20:"conditional_operator";s:1:"=";}', 1, 2),
(7, 2, 0, 'date', 'Date', 'date', '', 'a:8:{s:8:"timezone";s:4:"user";s:13:"title_display";s:6:"before";s:7:"private";i:0;s:10:"datepicker";i:1;s:14:"year_textfield";i:0;s:10:"start_date";s:10:"Jan 1 1970";s:8:"end_date";s:11:"Dec 31 2030";s:20:"conditional_operator";s:1:"=";}', 0, 1),
(8, 1, 0, 'type', 'Type', 'select', '', 'a:7:{s:5:"items";s:50:"Driver license|Driver''s License\r\nPassport|Passport";s:8:"multiple";i:0;s:13:"title_display";s:6:"before";s:7:"private";i:0;s:6:"aslist";i:1;s:7:"optrand";i:0;s:20:"conditional_operator";s:1:"=";}', 0, 0),
(8, 2, 0, 'date_issued', 'Date Issued', 'date', '', 'a:8:{s:8:"timezone";s:4:"user";s:13:"title_display";s:6:"before";s:7:"private";i:0;s:10:"datepicker";i:1;s:14:"year_textfield";i:0;s:10:"start_date";s:10:"Jan 1 1940";s:8:"end_date";s:11:"Dec 31 2012";s:20:"conditional_operator";s:1:"=";}', 0, 1),
(8, 3, 0, 'expiration_date', 'Expiration Date', 'date', '', 'a:8:{s:8:"timezone";s:4:"user";s:13:"title_display";s:6:"before";s:7:"private";i:0;s:10:"datepicker";i:1;s:14:"year_textfield";i:0;s:10:"start_date";s:10:"Jan 1 1940";s:8:"end_date";s:11:"Dec 31 2030";s:20:"conditional_operator";s:1:"=";}', 0, 2),
(8, 4, 0, 'photo', 'Photo', 'file', '', 'a:6:{s:11:"description";s:67:"Allowed file formats are(Max. size is 2MB): .gif , .jpg,.png , .bmp";s:12:"savelocation";s:12:"photo_gov_id";s:13:"title_display";s:6:"before";s:7:"private";i:0;s:9:"filtering";a:3:{s:4:"size";s:4:"2048";s:5:"types";a:4:{i:0;s:3:"gif";i:1;s:3:"jpg";i:2;s:3:"png";i:3;s:3:"bmp";}s:13:"addextensions";s:0:"";}s:20:"conditional_operator";s:1:"=";}', 0, 3),
(8, 5, 0, 'digital', 'Digital', 'textfield', '', 'a:5:{s:13:"title_display";s:6:"before";s:7:"private";i:0;s:8:"disabled";i:0;s:6:"unique";i:0;s:20:"conditional_operator";s:1:"=";}', 0, 4),
(9, 1, 0, 'type', 'Type', 'select', '', 'a:7:{s:5:"items";s:74:"Automobile|Automobile\r\nHome|Home\r\nBusiness|Business\r\nDisability|Disability";s:8:"multiple";i:0;s:13:"title_display";s:6:"before";s:7:"private";i:0;s:6:"aslist";i:1;s:7:"optrand";i:0;s:20:"conditional_operator";s:1:"=";}', 0, 0),
(9, 2, 0, 'policy', 'Policy', 'file', '', 'a:6:{s:11:"description";s:133:"Allowed file formats are: <strong>.doc , .docx, .pdf, .jpg, .gif, .png, .txt, .html, .xls, .xlsx</strong> <em>(Max. size is 2MB)</em>";s:12:"savelocation";s:6:"policy";s:13:"title_display";s:6:"before";s:7:"private";i:0;s:9:"filtering";a:3:{s:4:"size";s:4:"2048";s:5:"types";a:10:{i:0;s:3:"gif";i:1;s:3:"jpg";i:2;s:3:"png";i:3;s:3:"txt";i:4;s:4:"html";i:5;s:3:"pdf";i:6;s:3:"doc";i:7;s:4:"docx";i:8;s:3:"xls";i:9;s:4:"xlsx";}s:13:"addextensions";s:0:"";}s:20:"conditional_operator";s:1:"=";}', 0, 1),
(9, 3, 0, 'notes', 'Notes', 'textarea', '', 'a:5:{s:13:"title_display";i:0;s:7:"private";i:0;s:9:"resizable";i:1;s:8:"disabled";i:0;s:20:"conditional_operator";s:1:"=";}', 0, 2),
(10, 1, 0, 'type', 'Type', 'select', '', 'a:7:{s:5:"items";s:43:"Restaurant|Restaurant\r\nWeb|Web\r\nOther|Other";s:8:"multiple";i:0;s:13:"title_display";s:6:"before";s:7:"private";i:0;s:6:"aslist";i:1;s:7:"optrand";i:0;s:20:"conditional_operator";s:1:"=";}', 0, 0),
(10, 2, 0, 'name', 'Name', 'textfield', '', 'a:5:{s:13:"title_display";s:6:"before";s:7:"private";i:0;s:8:"disabled";i:0;s:6:"unique";i:0;s:20:"conditional_operator";s:1:"=";}', 0, 1),
(10, 3, 0, 'telephone_number', 'Telephone Number', 'textfield', '', 'a:6:{s:11:"description";s:27:"For example: (999) 999-9999";s:13:"title_display";s:6:"before";s:7:"private";i:0;s:8:"disabled";i:0;s:6:"unique";i:0;s:20:"conditional_operator";s:1:"=";}', 0, 3),
(11, 1, 0, 'product_name', 'Product Name', 'textfield', '', 'a:5:{s:13:"title_display";s:6:"before";s:7:"private";i:0;s:8:"disabled";i:0;s:6:"unique";i:0;s:20:"conditional_operator";s:1:"=";}', 0, 0),
(11, 2, 0, 'date_of_purchase', 'Date of Purchase', 'date', '', 'a:8:{s:8:"timezone";s:4:"user";s:13:"title_display";s:6:"before";s:7:"private";i:0;s:10:"datepicker";i:1;s:14:"year_textfield";i:0;s:10:"start_date";s:10:"Jan 1 1970";s:8:"end_date";s:11:"Dec 31 2012";s:20:"conditional_operator";s:1:"=";}', 0, 1),
(11, 3, 0, 'warranty', 'Warranty', 'file', '', 'a:5:{s:11:"description";s:138:"Allowed file formats are(Max. size is 2MB): .gif , .jpg,.png , .txt, .pdf , .doc , .docx , .ppt , .pptx , .xls, .xlsx , .rar , .tar , .zip";s:13:"title_display";s:6:"before";s:7:"private";i:0;s:9:"filtering";a:3:{s:4:"size";s:4:"2048";s:5:"types";a:20:{i:0;s:3:"gif";i:1;s:3:"jpg";i:2;s:3:"png";i:3;s:3:"bmp";i:4;s:3:"txt";i:5;s:3:"rtf";i:6;s:4:"html";i:7;s:3:"odf";i:8;s:3:"pdf";i:9;s:3:"doc";i:10;s:4:"docx";i:11;s:3:"ppt";i:12;s:4:"pptx";i:13;s:3:"xls";i:14;s:4:"xlsx";i:15;s:3:"xml";i:16;s:2:"gz";i:17;s:3:"rar";i:18;s:3:"tar";i:19;s:3:"zip";}s:13:"addextensions";s:0:"";}s:20:"conditional_operator";s:1:"=";}', 0, 2),
(11, 4, 0, 'manual_link', 'Manual Link', 'textfield', '', 'a:6:{s:11:"description";s:36:"(For example http://www.example.com)";s:13:"title_display";s:6:"before";s:7:"private";i:0;s:8:"disabled";i:0;s:6:"unique";i:0;s:20:"conditional_operator";s:1:"=";}', 0, 3),
(12, 1, 0, 'type', 'Type', 'select', '', 'a:7:{s:5:"items";s:45:"Room|Room\r\nFurniture |Furniture \r\nOther|Other";s:8:"multiple";i:0;s:13:"title_display";s:6:"before";s:7:"private";i:0;s:6:"aslist";i:1;s:7:"optrand";i:0;s:20:"conditional_operator";s:1:"=";}', 0, 0),
(12, 2, 0, 'photo', 'Photo', 'file', '', 'a:6:{s:11:"description";s:66:"Allowed file formats are(Max. size is 2MB): .gif, .jpg, .png, .bmp";s:12:"savelocation";s:19:"photo-home-registry";s:13:"title_display";s:6:"before";s:7:"private";i:0;s:9:"filtering";a:3:{s:4:"size";s:4:"2048";s:5:"types";a:4:{i:0;s:3:"gif";i:1;s:3:"jpg";i:2;s:3:"png";i:3;s:3:"bmp";}s:13:"addextensions";s:0:"";}s:20:"conditional_operator";s:1:"=";}', 0, 1),
(13, 1, 0, 'type', 'Type', 'select', '', 'a:7:{s:5:"items";s:83:"Facebook|Facebook\r\nTwitter|Twitter\r\nLinkedin|Linkedin\r\nPinterest|Pinterest\r\nWeb|Web";s:8:"multiple";i:0;s:13:"title_display";s:6:"before";s:7:"private";i:0;s:6:"aslist";i:1;s:7:"optrand";i:0;s:20:"conditional_operator";s:1:"=";}', 0, 0),
(13, 2, 0, 'user_id', 'User ID', 'textfield', '', 'a:5:{s:13:"title_display";s:6:"before";s:7:"private";i:0;s:8:"disabled";i:0;s:6:"unique";i:0;s:20:"conditional_operator";s:1:"=";}', 0, 1),
(13, 3, 0, 'password', 'Password', 'textfield', '', 'a:5:{s:13:"title_display";s:6:"before";s:7:"private";i:0;s:8:"disabled";i:0;s:6:"unique";i:0;s:20:"conditional_operator";s:1:"=";}', 0, 2),
(14, 8, 5, 'telephone_number', 'Telephone Number', 'textfield', '', 'a:6:{s:11:"description";s:28:"For Example : (999) 999-9999";s:13:"title_display";s:6:"before";s:7:"private";i:0;s:8:"disabled";i:0;s:6:"unique";i:0;s:20:"conditional_operator";s:1:"=";}', 0, 6);

-- --------------------------------------------------------

--
-- Table structure for table `webform_emails`
--

CREATE TABLE IF NOT EXISTS `webform_emails` (
  `nid` int(10) unsigned NOT NULL DEFAULT '0',
  `eid` smallint(5) unsigned NOT NULL DEFAULT '0',
  `email` text,
  `subject` varchar(255) DEFAULT NULL,
  `from_name` varchar(255) DEFAULT NULL,
  `from_address` varchar(255) DEFAULT NULL,
  `template` text,
  `excluded_components` text NOT NULL,
  `html` tinyint(3) unsigned NOT NULL DEFAULT '0',
  `attachments` tinyint(3) unsigned NOT NULL DEFAULT '0',
  PRIMARY KEY (`nid`,`eid`)
) ENGINE=MyISAM DEFAULT CHARSET=utf8;

--
-- Dumping data for table `webform_emails`
--


-- --------------------------------------------------------

--
-- Table structure for table `webform_last_download`
--

CREATE TABLE IF NOT EXISTS `webform_last_download` (
  `nid` int(10) unsigned NOT NULL DEFAULT '0',
  `uid` int(10) unsigned NOT NULL DEFAULT '0',
  `sid` int(10) unsigned NOT NULL DEFAULT '0',
  `requested` int(10) unsigned NOT NULL DEFAULT '0',
  PRIMARY KEY (`nid`,`uid`)
) ENGINE=MyISAM DEFAULT CHARSET=utf8;

--
-- Dumping data for table `webform_last_download`
--


-- --------------------------------------------------------

--
-- Table structure for table `webform_roles`
--

CREATE TABLE IF NOT EXISTS `webform_roles` (
  `nid` int(10) unsigned NOT NULL DEFAULT '0',
  `rid` int(10) unsigned NOT NULL DEFAULT '0',
  PRIMARY KEY (`nid`,`rid`)
) ENGINE=MyISAM DEFAULT CHARSET=utf8;

--
-- Dumping data for table `webform_roles`
--

INSERT INTO `webform_roles` (`nid`, `rid`) VALUES
(2, 1),
(2, 2),
(3, 1),
(3, 2),
(4, 1),
(4, 2),
(5, 1),
(5, 2),
(6, 1),
(6, 2),
(7, 1),
(7, 2),
(8, 1),
(8, 2),
(9, 1),
(9, 2),
(10, 1),
(10, 2),
(11, 1),
(11, 2),
(12, 1),
(12, 2),
(13, 1),
(13, 2),
(14, 1),
(14, 2);

-- --------------------------------------------------------

--
-- Table structure for table `webform_submissions`
--

CREATE TABLE IF NOT EXISTS `webform_submissions` (
  `sid` int(10) unsigned NOT NULL AUTO_INCREMENT,
  `nid` int(10) unsigned NOT NULL DEFAULT '0',
  `uid` int(10) unsigned NOT NULL DEFAULT '0',
  `is_draft` tinyint(4) NOT NULL DEFAULT '0',
  `submitted` int(11) NOT NULL DEFAULT '0',
  `remote_addr` varchar(128) DEFAULT NULL,
  PRIMARY KEY (`sid`),
  UNIQUE KEY `sid_nid` (`sid`,`nid`),
  KEY `nid_uid_sid` (`nid`,`uid`,`sid`),
  KEY `nid_sid` (`nid`,`sid`)
) ENGINE=MyISAM  DEFAULT CHARSET=utf8 AUTO_INCREMENT=195 ;

--
-- Dumping data for table `webform_submissions`
--

INSERT INTO `webform_submissions` (`sid`, `nid`, `uid`, `is_draft`, `submitted`, `remote_addr`) VALUES
(1, 4, 1, 0, 1343297662, '115.186.146.97'),
(2, 4, 1, 0, 1343808529, '115.186.146.97'),
(39, 3, 1, 0, 1343810582, '115.186.146.97'),
(40, 10, 1, 0, 1343816339, '115.186.146.97'),
(41, 13, 1, 0, 1343816553, '115.186.146.97'),
(42, 14, 88, 0, 1343818800, '115.186.146.97'),
(43, 14, 91, 0, 1343819749, '182.177.122.245'),
(44, 14, 91, 0, 1343821739, '182.177.122.245'),
(45, 4, 91, 0, 1343822173, '182.177.122.245'),
(46, 4, 91, 0, 1343823079, '182.177.122.245'),
(47, 6, 91, 0, 1343881317, '182.177.122.245'),
(48, 6, 91, 0, 1343881733, '182.177.122.245'),
(49, 10, 91, 0, 1343881939, '182.177.122.245'),
(50, 3, 91, 0, 1343884624, '182.177.108.219'),
(51, 8, 91, 0, 1343887594, '115.186.146.97'),
(52, 12, 91, 0, 1343888286, '115.186.146.97'),
(53, 9, 91, 0, 1343889104, '115.186.146.97'),
(54, 7, 91, 0, 1343889942, '115.186.146.97'),
(55, 5, 91, 0, 1343891949, '115.186.146.97'),
(56, 2, 91, 0, 1343893064, '115.186.146.97'),
(57, 11, 91, 0, 1343894167, '115.186.146.97'),
(58, 11, 91, 0, 1343894176, '115.186.146.97'),
(59, 13, 91, 0, 1343894643, '115.186.146.97'),
(60, 5, 92, 0, 1343986194, '115.186.146.97'),
(61, 5, 92, 0, 1343986281, '115.186.146.97'),
(62, 5, 92, 0, 1343986537, '115.186.146.97'),
(63, 5, 92, 0, 1343986786, '115.186.146.97'),
(64, 5, 92, 0, 1343986817, '115.186.146.97'),
(65, 5, 92, 0, 1343986876, '115.186.146.97'),
(66, 14, 92, 0, 1343990237, '115.186.146.97'),
(67, 14, 86, 0, 1343990611, '115.186.146.97'),
(68, 14, 94, 0, 1344247931, '115.186.146.97'),
(69, 14, 94, 0, 1344247943, '115.186.146.97'),
(70, 14, 94, 0, 1344247962, '115.186.146.97'),
(71, 14, 94, 0, 1344247998, '115.186.146.97'),
(72, 14, 94, 0, 1344248037, '115.186.146.97'),
(73, 14, 94, 0, 1344248063, '115.186.146.97'),
(74, 14, 94, 0, 1344248089, '115.186.146.97'),
(75, 14, 94, 0, 1344248103, '115.186.146.97'),
(76, 14, 94, 0, 1344248119, '115.186.146.97'),
(77, 14, 94, 0, 1344248133, '115.186.146.97'),
(78, 14, 94, 0, 1344248143, '115.186.146.97'),
(79, 14, 94, 0, 1344248202, '115.186.146.97'),
(80, 14, 94, 0, 1344248246, '115.186.146.97'),
(81, 14, 94, 0, 1344248261, '115.186.146.97'),
(82, 14, 94, 0, 1344248275, '115.186.146.97'),
(83, 14, 94, 0, 1344248287, '115.186.146.97'),
(84, 14, 94, 0, 1344248299, '115.186.146.97'),
(85, 14, 94, 0, 1344248308, '115.186.146.97'),
(86, 14, 94, 0, 1344248318, '115.186.146.97'),
(87, 14, 94, 0, 1344248332, '115.186.146.97'),
(88, 14, 103, 0, 1344327334, '115.186.146.97'),
(89, 4, 103, 0, 1344328321, '115.186.146.97'),
(90, 6, 1, 0, 1344334233, '115.186.146.97'),
(91, 4, 1, 0, 1344334744, '115.186.146.97'),
(92, 14, 113, 0, 1344403202, '182.180.65.160'),
(93, 14, 113, 0, 1344403707, '182.180.65.160'),
(94, 4, 113, 0, 1344404100, '182.180.65.160'),
(95, 4, 113, 0, 1344404645, '182.180.65.160'),
(96, 4, 113, 0, 1344410472, '115.186.146.97'),
(97, 6, 113, 0, 1344411766, '115.186.146.97'),
(98, 10, 113, 0, 1344411962, '115.186.146.97'),
(99, 8, 113, 0, 1344413588, '115.186.146.97'),
(100, 8, 113, 0, 1344414010, '115.186.146.97'),
(101, 12, 113, 0, 1344414504, '115.186.146.97'),
(102, 13, 113, 0, 1344414764, '115.186.146.97'),
(103, 9, 113, 0, 1344415000, '115.186.146.97'),
(104, 9, 113, 0, 1344415181, '115.186.146.97'),
(105, 5, 113, 0, 1344415853, '115.186.146.97'),
(106, 5, 113, 0, 1344423872, '115.186.146.97'),
(107, 5, 113, 0, 1344423911, '115.186.146.97'),
(108, 5, 113, 0, 1344423958, '115.186.146.97'),
(109, 5, 113, 0, 1344424046, '115.186.146.97'),
(110, 9, 113, 0, 1344496087, '182.180.65.160'),
(111, 14, 1, 0, 1344855456, '182.180.65.160'),
(112, 3, 112, 0, 1344860026, '182.180.65.160'),
(113, 4, 112, 0, 1344860811, '182.180.65.160'),
(114, 14, 101, 0, 1345009697, '182.180.65.160'),
(115, 4, 101, 0, 1345010281, '182.180.65.160'),
(116, 6, 101, 0, 1345010308, '182.180.65.160'),
(117, 6, 101, 0, 1345010328, '182.180.65.160'),
(118, 10, 101, 0, 1345010349, '182.180.65.160'),
(119, 3, 101, 0, 1345010422, '182.180.65.160'),
(120, 3, 101, 0, 1345010498, '182.180.65.160'),
(121, 3, 101, 0, 1345010512, '182.180.65.160'),
(136, 13, 1, 0, 1345118296, '115.186.146.97'),
(123, 8, 101, 0, 1345010635, '182.180.65.160'),
(124, 12, 101, 0, 1345010797, '182.180.65.160'),
(125, 9, 101, 0, 1345010860, '182.180.65.160'),
(126, 7, 101, 0, 1345010882, '182.180.65.160'),
(127, 5, 101, 0, 1345010966, '182.180.65.160'),
(128, 2, 101, 0, 1345011221, '182.180.65.160'),
(129, 13, 101, 0, 1345011245, '182.180.65.160'),
(130, 3, 1, 0, 1345012196, '115.186.146.97'),
(131, 14, 113, 0, 1345012529, '182.180.65.160'),
(132, 14, 113, 0, 1345012564, '182.180.65.160'),
(133, 14, 1, 0, 1345012952, '115.186.146.97'),
(134, 5, 1, 0, 1345015684, '115.186.146.97'),
(135, 14, 113, 0, 1345032288, '182.180.65.160'),
(137, 14, 121, 0, 1345194743, '115.186.146.97'),
(138, 14, 121, 0, 1345196451, '115.186.146.97'),
(139, 4, 121, 0, 1345196867, '115.186.146.97'),
(140, 4, 121, 0, 1345197043, '115.186.146.97'),
(141, 3, 113, 0, 1345198080, '115.186.146.97'),
(142, 6, 113, 0, 1345198632, '115.186.146.97'),
(143, 10, 113, 0, 1345198664, '115.186.146.97'),
(144, 8, 113, 0, 1345199099, '115.186.146.97'),
(145, 12, 113, 0, 1345199571, '115.186.146.97'),
(146, 9, 113, 0, 1345199806, '115.186.146.97'),
(147, 9, 113, 0, 1345199854, '115.186.146.97'),
(148, 7, 113, 0, 1345200016, '115.186.146.97'),
(149, 14, 1, 0, 1345200819, '115.186.146.97'),
(150, 11, 113, 0, 1345200900, '115.186.146.97'),
(151, 11, 113, 0, 1345201014, '115.186.146.97'),
(152, 11, 113, 0, 1345202377, '115.186.146.97'),
(153, 13, 113, 0, 1345202740, '115.186.146.97'),
(154, 2, 1, 0, 1345701208, '115.186.146.97'),
(155, 2, 113, 0, 1345702775, '115.186.146.97'),
(156, 2, 113, 0, 1345702808, '115.186.146.97'),
(157, 3, 113, 0, 1345706989, '115.186.146.97'),
(158, 4, 1, 0, 1345709945, '115.186.146.97'),
(159, 3, 1, 0, 1345714162, '115.186.146.97'),
(160, 11, 1, 0, 1345718396, '115.186.146.97'),
(161, 8, 1, 0, 1345719383, '115.186.146.97'),
(162, 12, 1, 0, 1345719428, '115.186.146.97'),
(163, 9, 1, 0, 1345719537, '115.186.146.97'),
(164, 7, 1, 0, 1345719608, '115.186.146.97'),
(165, 8, 1, 0, 1345726122, '115.186.146.97'),
(166, 4, 1, 0, 1345803772, '115.186.146.97'),
(167, 4, 1, 0, 1345803790, '115.186.146.97'),
(168, 4, 116, 0, 1345804057, '115.186.146.97'),
(169, 4, 116, 0, 1345804213, '115.186.146.97'),
(170, 4, 116, 0, 1345804239, '115.186.146.97'),
(171, 12, 126, 0, 1345804847, '115.186.146.97'),
(172, 9, 126, 0, 1345805015, '115.186.146.97'),
(173, 11, 126, 0, 1345805466, '115.186.146.97'),
(174, 4, 126, 0, 1345805603, '115.186.146.97'),
(175, 14, 126, 0, 1345807020, '115.186.146.97'),
(176, 4, 126, 0, 1345808262, '115.186.146.97'),
(177, 6, 126, 0, 1345809747, '115.186.146.97'),
(178, 10, 126, 0, 1345810155, '115.186.146.97'),
(179, 3, 126, 0, 1345810262, '115.186.146.97'),
(180, 3, 126, 0, 1345810383, '115.186.146.97'),
(181, 8, 126, 0, 1345810763, '115.186.146.97'),
(182, 7, 126, 0, 1345811341, '115.186.146.97'),
(183, 5, 126, 0, 1345811438, '115.186.146.97'),
(184, 2, 126, 0, 1345811782, '115.186.146.97'),
(185, 11, 126, 0, 1345811836, '115.186.146.97'),
(186, 13, 126, 0, 1345812081, '115.186.146.97'),
(187, 4, 1, 0, 1345875817, '115.186.146.97'),
(188, 4, 1, 0, 1345876107, '115.186.146.97'),
(189, 9, 126, 0, 1345883160, '115.186.146.97'),
(190, 3, 1, 0, 1345883333, '115.186.146.97'),
(191, 3, 126, 0, 1345885093, '115.186.146.97'),
(192, 3, 1, 0, 1345894464, '115.186.146.97'),
(193, 3, 1, 0, 1345897551, '115.186.146.97');

-- --------------------------------------------------------

--
-- Table structure for table `webform_submitted_data`
--

CREATE TABLE IF NOT EXISTS `webform_submitted_data` (
  `nid` int(10) unsigned NOT NULL DEFAULT '0',
  `sid` int(10) unsigned NOT NULL DEFAULT '0',
  `cid` smallint(5) unsigned NOT NULL DEFAULT '0',
  `no` varchar(128) NOT NULL DEFAULT '0',
  `data` mediumtext NOT NULL,
  KEY `nid` (`nid`),
  KEY `sid_nid` (`sid`,`nid`)
) ENGINE=MyISAM DEFAULT CHARSET=utf8;

--
-- Dumping data for table `webform_submitted_data`
--

INSERT INTO `webform_submitted_data` (`nid`, `sid`, `cid`, `no`, `data`) VALUES
(4, 1, 0, '0', ''),
(4, 1, 0, 'month', ''),
(4, 1, 0, 'day', ''),
(4, 1, 0, 'year', ''),
(4, 1, 0, '_fid', ''),
(4, 1, 0, '_old', ''),
(4, 1, 0, 'info', ''),
(4, 1, 0, 'quantity', '1'),
(4, 1, 0, 'add_fields', 'Add Letters of recommendation'),
(4, 1, 1, '0', ''),
(4, 1, 2, '0', ''),
(4, 1, 3, '0', ''),
(4, 1, 12, '0', 'dfsdfsdfsdf'),
(4, 1, 13, '0', ''),
(4, 1, 14, '0', ''),
(4, 1, 8, '0', ''),
(4, 1, 9, '0', ''),
(4, 1, 10, '0', ''),
(4, 2, 1, '0', 'Google'),
(4, 2, 2, '0', '2006-06-10'),
(4, 2, 3, '0', '2012-04-19'),
(4, 2, 12, '0', 'dfg'),
(4, 2, 13, '0', 'df'),
(4, 2, 14, '0', ''),
(4, 2, 8, '0', '2005-02-07'),
(4, 2, 9, '0', 'Frank'),
(4, 2, 10, '0', ''),
(4, 2, 0, '0', 'Add Letters of recommendation'),
(10, 40, 3, '0', '(999)999-1001'),
(10, 40, 2, '0', 'Methane'),
(10, 40, 1, '0', 'Restaurant'),
(13, 41, 2, '0', 'http://www.facebook.com/50cent'),
(13, 41, 1, '0', 'Twitter'),
(14, 44, 1, '0', 'test'),
(14, 42, 8, '0', ''),
(14, 42, 6, '0', ''),
(14, 42, 3, '0', ''),
(14, 42, 2, '0', ''),
(14, 42, 1, '0', ''),
(14, 43, 1, '0', 'Muhammad usman'),
(14, 43, 2, '0', 'H# 238/24, this block, test city\r\ntest country'),
(14, 43, 3, '0', 'muhammad.usman@vizeck.com'),
(14, 43, 6, '0', ''),
(14, 43, 8, '0', ''),
(14, 43, 0, '0', 'Add Telephone '),
(14, 44, 2, '0', 'aeqweqweqweqweqweqwe'),
(14, 44, 3, '0', 'qweqwe@dfa.com'),
(14, 44, 6, '0', ''),
(14, 44, 8, '0', '(999) 999-9999'),
(14, 44, 0, '0', 'Add Telephone '),
(4, 45, 1, '0', 'microsoft'),
(4, 45, 2, '0', '1918-01-03'),
(4, 45, 3, '0', '2011-01-01'),
(4, 45, 12, '0', 'www.google.com'),
(4, 45, 13, '0', '50,222.00\r\nkjhKAJHSKJ'),
(4, 45, 14, '0', ''),
(4, 45, 8, '0', ''),
(4, 45, 9, '0', ''),
(4, 45, 10, '0', ''),
(4, 45, 0, '0', 'Add Letters of recommendation'),
(4, 46, 1, '0', ''),
(4, 46, 2, '0', ''),
(4, 46, 3, '0', ''),
(4, 46, 12, '0', ''),
(4, 46, 13, '0', ''),
(4, 46, 14, '0', ''),
(4, 46, 8, '0', ''),
(4, 46, 9, '0', ''),
(4, 46, 10, '0', '30'),
(4, 46, 0, '0', 'Add Letters of recommendation'),
(6, 47, 3, '0', ''),
(6, 47, 2, '0', '50000.00'),
(6, 47, 1, '0', ''),
(6, 48, 1, '0', 'Mortgage'),
(6, 48, 2, '0', '1231'),
(6, 48, 3, '0', ''),
(10, 49, 1, '0', 'Restaurant'),
(10, 49, 2, '0', 'Inzimam'),
(10, 49, 3, '0', ''),
(3, 50, 3, '0', 'Checking'),
(3, 50, 4, '0', 'ase123'),
(3, 50, 0, '0', 'Add Bank Account'),
(3, 50, 8, '0', ''),
(3, 50, 9, '0', ''),
(3, 50, 7, '0', '2004-07-15'),
(3, 50, 10, '0', ''),
(3, 50, 13, '0', '1915-08-03'),
(3, 50, 14, '0', ''),
(3, 50, 17, '0', ''),
(3, 50, 18, '0', '1919-09-12'),
(3, 50, 19, '0', ''),
(8, 51, 1, '0', ''),
(8, 51, 2, '0', '1917-02-04'),
(8, 51, 3, '0', '1918-04-04'),
(8, 51, 4, '0', ''),
(8, 51, 5, '0', ''),
(12, 52, 1, '0', ''),
(12, 52, 2, '0', '32'),
(9, 53, 1, '0', 'Automobile'),
(9, 53, 2, '0', '33'),
(14, 66, 1, '0', 'test'),
(14, 66, 2, '0', 'test'),
(14, 66, 3, '0', 'test@test.com'),
(7, 54, 1, '0', 'Auto Service'),
(7, 54, 2, '0', '2030-03-03'),
(5, 55, 0, '0', 'Asthama'),
(5, 55, 0, 'info', ''),
(5, 55, 0, 'quantity', '1'),
(5, 55, 0, 'add_fields', 'Add Surgeries'),
(5, 55, 1, '0', 'Asthama'),
(5, 55, 2, '0', 'Aspirin'),
(5, 55, 3, '0', 'AspirinAspirinAspirinAspirinAspirinAspirinAspirinAspirinAspirinAspirinAspirinAspirinAspirinAspirinAspirinAspirinAspirinAspirin'),
(5, 55, 4, '0', 'Smoker'),
(5, 55, 5, '0', 'Never'),
(5, 55, 8, '0', '1919-03-14'),
(5, 55, 9, '0', ''),
(5, 55, 12, '0', ''),
(5, 55, 13, '0', 'Joint replacement: Shoulder'),
(5, 55, 14, '0', '59859'),
(2, 56, 1, '0', '1905-02-03'),
(2, 56, 2, '0', '234-34-2342'),
(11, 57, 1, '0', 'Hello this is test product'),
(11, 57, 2, '0', '1915-01-02'),
(11, 57, 3, '0', ''),
(11, 57, 4, '0', ''),
(11, 58, 1, '0', ''),
(11, 58, 2, '0', ''),
(11, 58, 3, '0', ''),
(11, 58, 4, '0', ''),
(13, 59, 1, '0', 'Facebook'),
(13, 59, 2, '0', ''),
(4, 96, 1, '0', ''),
(5, 60, 1, '0', 'test'),
(5, 60, 2, '0', 'test'),
(5, 60, 3, '0', ''),
(5, 60, 4, '0', 'Smoker'),
(5, 60, 5, '0', 'Occasionally'),
(5, 60, 8, '0', '1913-01-02'),
(5, 60, 9, '0', 'test'),
(5, 60, 0, '0', 'Add Surgeries'),
(5, 60, 12, '0', ''),
(5, 60, 13, '0', ''),
(5, 60, 14, '0', ''),
(5, 61, 0, '0', 'tests'),
(5, 61, 0, 'info', ''),
(5, 61, 0, 'quantity', '1'),
(5, 61, 0, 'add_fields', 'Add Surgeries'),
(5, 61, 1, '0', 'tests'),
(5, 61, 2, '0', 'sdf'),
(5, 61, 3, '0', 'sdf'),
(5, 61, 4, '0', 'Smoker'),
(5, 61, 5, '0', 'Never'),
(5, 61, 8, '0', '1915-01-03'),
(5, 61, 9, '0', 'sdf'),
(5, 61, 12, '0', '1914-02-02'),
(5, 61, 13, '0', 'Joint replacement: Shoulder'),
(5, 61, 14, '0', 'sd'),
(5, 62, 0, '0', 'tests'),
(5, 62, 0, '0', 'test'),
(5, 62, 0, '0', 'fb'),
(5, 62, 0, '0', 'Smoker'),
(5, 62, 0, '0', 'Never'),
(5, 62, 0, 'info', ''),
(5, 62, 0, 'quantity', '1'),
(5, 62, 0, 'add_fields', 'Add Surgeries'),
(5, 62, 0, 'info', ''),
(5, 62, 0, 'quantity', '1'),
(5, 62, 0, 'add_fields', 'Add Implants'),
(5, 62, 1, '0', 'tests'),
(5, 62, 2, '0', 'test'),
(5, 62, 3, '0', 'fb'),
(5, 62, 4, '0', 'Smoker'),
(5, 62, 5, '0', 'Never'),
(5, 62, 8, '0', '1927-03-06'),
(5, 62, 9, '0', 'cvb'),
(5, 62, 0, '0', 'Add Surgeries'),
(5, 62, 12, '0', '1923-01-02'),
(5, 62, 13, '0', 'Joint replacement: Hip'),
(5, 62, 14, '0', 'xv'),
(5, 63, 1, '0', 'tests'),
(5, 63, 2, '0', ''),
(5, 63, 3, '0', ''),
(5, 63, 4, '0', 'Smoker'),
(5, 63, 5, '0', ''),
(5, 63, 8, '0', ''),
(5, 63, 9, '0', ''),
(5, 63, 0, '0', 'Add Surgeries'),
(5, 63, 12, '0', ''),
(5, 63, 13, '0', ''),
(5, 63, 14, '0', ''),
(5, 64, 1, '0', 'tests'),
(5, 64, 2, '0', 'sdf'),
(5, 64, 3, '0', 'dgf'),
(5, 64, 4, '0', 'Smoker'),
(5, 64, 5, '0', ''),
(5, 64, 8, '0', '1921-01-03'),
(5, 64, 9, '0', 'dg'),
(5, 64, 0, '0', 'Add Surgeries'),
(5, 64, 12, '0', '1928-02-03'),
(5, 64, 13, '0', 'Joint replacement: Elbow'),
(5, 64, 14, '0', 'dfg'),
(5, 65, 0, '0', 'ads'),
(5, 65, 0, '0', 'ads'),
(5, 65, 0, '0', 'ads'),
(5, 65, 0, '0', ''),
(5, 65, 0, '0', ''),
(5, 65, 0, 'info', ''),
(5, 65, 0, 'quantity', '1'),
(5, 65, 0, 'add_fields', 'Add Surgeries'),
(5, 65, 0, 'info', ''),
(5, 65, 0, 'quantity', '1'),
(5, 65, 0, 'add_fields', 'Add Implants'),
(5, 65, 1, '0', 'ads'),
(5, 65, 2, '0', 'ads'),
(5, 65, 3, '0', 'ads'),
(5, 65, 4, '0', ''),
(5, 65, 5, '0', ''),
(5, 65, 8, '0', '1922-01-03'),
(5, 65, 9, '0', 'ad'),
(5, 65, 0, '0', 'Add Surgeries'),
(5, 65, 12, '0', '1928-01-02'),
(5, 65, 13, '0', 'Joint replacement: Hip'),
(5, 65, 14, '0', 'ads'),
(14, 66, 6, '0', 'Home'),
(14, 66, 8, '0', '(999) 999-1221'),
(14, 66, 0, '0', 'Add Telephone '),
(14, 67, 1, '0', 'asdf'),
(14, 67, 2, '0', 'asdfasdf'),
(14, 67, 3, '0', 'asdf@dfgh.com'),
(14, 67, 6, '0', ''),
(14, 67, 8, '0', '(999) 999-9999'),
(14, 67, 0, '0', 'Add Telephone '),
(14, 68, 1, '0', 'qWED'),
(14, 68, 2, '0', 'ASD'),
(14, 68, 3, '0', 'ASD@XFS.CU'),
(14, 68, 6, '0', 'Cell'),
(14, 68, 8, '0', '(999) 999-9999'),
(14, 68, 0, '0', 'Add Telephone '),
(14, 69, 1, '0', 'A'),
(14, 69, 2, '0', 'A'),
(14, 69, 3, '0', 'a@a.com'),
(14, 69, 6, '0', ''),
(14, 69, 8, '0', ''),
(14, 69, 0, '0', 'Add Telephone '),
(14, 70, 1, '0', 'B'),
(14, 70, 2, '0', 'B'),
(14, 70, 3, '0', 'a@a.com'),
(14, 70, 6, '0', ''),
(14, 70, 8, '0', ''),
(14, 70, 0, '0', 'Add Telephone '),
(14, 71, 1, '0', 'C'),
(14, 71, 2, '0', 'C'),
(14, 71, 3, '0', 'a@a.com'),
(14, 71, 6, '0', ''),
(14, 71, 8, '0', ''),
(14, 71, 0, '0', 'Add Telephone '),
(14, 72, 1, '0', 'D'),
(14, 72, 2, '0', 'D'),
(14, 72, 3, '0', 'a@a.com'),
(14, 72, 6, '0', ''),
(14, 72, 8, '0', '(999) 999-9999'),
(14, 72, 0, '0', 'Add Telephone '),
(14, 73, 1, '0', 'A'),
(14, 73, 2, '0', 'A'),
(14, 73, 3, '0', 'a@a.com'),
(14, 73, 6, '0', ''),
(14, 73, 8, '0', ''),
(14, 73, 0, '0', 'Add Telephone '),
(14, 74, 1, '0', 'A'),
(14, 74, 2, '0', 'A'),
(14, 74, 3, '0', 'a@a.com'),
(14, 74, 6, '0', ''),
(14, 74, 8, '0', ''),
(14, 74, 0, '0', 'Add Telephone '),
(14, 75, 1, '0', 'A'),
(14, 75, 2, '0', 'A'),
(14, 75, 3, '0', 'a@a.com'),
(14, 75, 6, '0', ''),
(14, 75, 8, '0', ''),
(14, 75, 0, '0', 'Add Telephone '),
(14, 79, 1, '0', 'G'),
(14, 76, 8, '0', ''),
(14, 76, 6, '0', ''),
(14, 76, 3, '0', ''),
(14, 76, 2, '0', 'V'),
(14, 76, 1, '0', 'V'),
(14, 77, 1, '0', ''),
(14, 77, 2, '0', ''),
(14, 77, 3, '0', ''),
(14, 77, 6, '0', ''),
(14, 77, 8, '0', ''),
(14, 77, 0, '0', 'Add Telephone '),
(14, 78, 1, '0', ''),
(14, 78, 2, '0', ''),
(14, 78, 3, '0', ''),
(14, 78, 6, '0', ''),
(14, 78, 8, '0', ''),
(14, 78, 0, '0', 'Add Telephone '),
(14, 79, 2, '0', 'G'),
(14, 79, 3, '0', ''),
(14, 79, 6, '0', ''),
(14, 79, 8, '0', ''),
(14, 79, 0, '0', 'Add Telephone '),
(14, 80, 1, '0', 'J'),
(14, 80, 2, '0', 'J'),
(14, 80, 3, '0', ''),
(14, 80, 6, '0', ''),
(14, 80, 8, '0', ''),
(14, 80, 0, '0', 'Add Telephone '),
(14, 81, 1, '0', 'G'),
(14, 81, 2, '0', 'G'),
(14, 81, 3, '0', ''),
(14, 81, 6, '0', ''),
(14, 81, 8, '0', ''),
(14, 81, 0, '0', 'Add Telephone '),
(14, 82, 1, '0', 'J'),
(14, 82, 2, '0', 'J'),
(14, 82, 3, '0', ''),
(14, 82, 6, '0', ''),
(14, 82, 8, '0', ''),
(14, 82, 0, '0', 'Add Telephone '),
(14, 83, 1, '0', ''),
(14, 83, 2, '0', ''),
(14, 83, 3, '0', ''),
(14, 83, 6, '0', ''),
(14, 83, 8, '0', ''),
(14, 83, 0, '0', 'Add Telephone '),
(14, 84, 1, '0', ''),
(14, 84, 2, '0', ''),
(14, 84, 3, '0', ''),
(14, 84, 6, '0', ''),
(14, 84, 8, '0', ''),
(14, 84, 0, '0', 'Add Telephone '),
(14, 85, 1, '0', ''),
(14, 85, 2, '0', ''),
(14, 85, 3, '0', ''),
(14, 85, 6, '0', ''),
(14, 85, 8, '0', ''),
(14, 85, 0, '0', 'Add Telephone '),
(14, 86, 1, '0', ''),
(14, 86, 2, '0', ''),
(14, 86, 3, '0', ''),
(14, 86, 6, '0', ''),
(14, 86, 8, '0', ''),
(14, 86, 0, '0', 'Add Telephone '),
(14, 87, 1, '0', ''),
(14, 87, 2, '0', ''),
(14, 87, 3, '0', ''),
(14, 87, 6, '0', ''),
(14, 87, 8, '0', ''),
(14, 87, 0, '0', 'Add Telephone '),
(14, 88, 1, '0', 'Inzimam'),
(14, 88, 2, '0', 'srfsdfssdfsdfsdfsdfsdf'),
(14, 88, 3, '0', 'sdfgsd@dfgh.cyg'),
(14, 88, 6, '0', 'Cell'),
(14, 88, 8, '0', '(999) 999-9999'),
(14, 88, 0, '0', 'Add Telephone '),
(4, 89, 1, '0', 'microsoft'),
(4, 89, 2, '0', '1915-01-02'),
(4, 89, 3, '0', '1931-03-04'),
(4, 89, 12, '0', 'www.google.com'),
(4, 89, 13, '0', ''),
(4, 89, 14, '0', '39'),
(4, 89, 8, '0', '1915-02-02'),
(4, 89, 9, '0', 'Gel'),
(4, 89, 10, '0', '40'),
(4, 89, 0, '0', 'Add Letters of recommendation'),
(6, 90, 1, '0', 'Mortgage'),
(6, 90, 2, '0', '4545'),
(6, 90, 3, '0', '1970-01-01'),
(4, 91, 1, '0', 'Google'),
(4, 91, 2, '0', '1940-01-01'),
(4, 91, 3, '0', '2012-12-31'),
(4, 91, 12, '0', 'aa'),
(4, 91, 13, '0', 'aa'),
(4, 91, 14, '0', ''),
(4, 91, 8, '0', '1940-01-01'),
(4, 91, 9, '0', 'asdfsdf'),
(4, 91, 10, '0', ''),
(4, 91, 0, 'quantity', '1'),
(4, 91, 0, 'add_fields', 'Add '),
(14, 92, 1, '0', 'xfcfvsd'),
(14, 92, 2, '0', 'fsfssdfdsf'),
(14, 92, 3, '0', ''),
(14, 92, 6, '0', ''),
(14, 92, 8, '0', ''),
(14, 92, 0, '0', 'Add Telephone '),
(14, 93, 1, '0', 'aer'),
(14, 93, 2, '0', 'wqer'),
(14, 93, 3, '0', ''),
(14, 93, 6, '0', ''),
(14, 93, 8, '0', '(999) 999-9999'),
(14, 93, 0, '0', 'Add Telephone '),
(4, 94, 1, '0', 'microsoft'),
(4, 94, 2, '0', '1940-02-03'),
(4, 94, 3, '0', '1941-03-02'),
(4, 94, 12, '0', 'www.google.com'),
(4, 94, 13, '0', '50.000\r\naseda'),
(4, 94, 14, '0', '41'),
(4, 94, 8, '0', '1955-01-16'),
(4, 94, 9, '0', ''),
(4, 94, 10, '0', '42'),
(4, 94, 0, 'quantity', '1'),
(4, 94, 0, 'add_fields', 'Add '),
(4, 95, 1, '0', ''),
(4, 95, 2, '0', ''),
(4, 95, 3, '0', ''),
(4, 95, 12, '0', ''),
(4, 95, 13, '0', ''),
(4, 95, 14, '0', '43'),
(4, 95, 8, '0', ''),
(4, 95, 9, '0', ''),
(4, 95, 10, '0', ''),
(4, 95, 0, '0', 'Add Letters of recommendation'),
(4, 96, 2, '0', '1940-01-01'),
(4, 96, 3, '0', '1940-02-02'),
(4, 96, 12, '0', ''),
(4, 96, 13, '0', ''),
(4, 96, 14, '0', ''),
(4, 96, 8, '0', ''),
(4, 96, 9, '0', ''),
(4, 96, 10, '0', ''),
(4, 96, 0, '0', 'Add Letters of recommendation'),
(6, 97, 1, '0', 'Mortgage'),
(6, 97, 2, '0', '435'),
(6, 97, 3, '0', '1970-01-02'),
(10, 98, 1, '0', ''),
(10, 98, 2, '0', ''),
(10, 98, 3, '0', '(123)123-9999'),
(8, 99, 1, '0', ''),
(8, 99, 2, '0', ''),
(8, 99, 3, '0', ''),
(8, 99, 4, '0', '45'),
(8, 99, 5, '0', ''),
(8, 100, 1, '0', ''),
(8, 100, 2, '0', '1941-01-03'),
(8, 100, 3, '0', '1940-04-02'),
(8, 100, 4, '0', ''),
(8, 100, 5, '0', ''),
(12, 101, 1, '0', ''),
(12, 101, 2, '0', '46'),
(13, 102, 1, '0', ''),
(13, 102, 2, '0', 'jira.mwa.vizteck33@vizteck.com'),
(13, 102, 3, '0', 'asd'),
(9, 103, 1, '0', ''),
(9, 103, 2, '0', '47'),
(9, 103, 3, '0', 'gchfh\r\nk;l\r\nnkml\r\n\\nklnl'),
(9, 104, 1, '0', ''),
(9, 104, 2, '0', ''),
(9, 104, 3, '0', 'werwr'),
(5, 105, 1, '0', ''),
(5, 105, 2, '0', ''),
(5, 105, 3, '0', ''),
(5, 105, 4, '0', ''),
(5, 105, 5, '0', ''),
(5, 105, 8, '0', ''),
(5, 105, 9, '0', ''),
(5, 105, 0, '0', 'Add Surgeries'),
(5, 105, 12, '0', '1970-02-01'),
(5, 105, 13, '0', ''),
(5, 105, 14, '0', ''),
(5, 106, 1, '0', ''),
(5, 106, 2, '0', ''),
(5, 106, 3, '0', ''),
(5, 106, 4, '0', ''),
(5, 106, 5, '0', ''),
(5, 106, 8, '0', '1973-03-05'),
(5, 106, 9, '0', ''),
(5, 106, 0, '0', 'Add Surgeries'),
(5, 106, 12, '0', '1978-11-24'),
(5, 106, 13, '0', ''),
(5, 106, 14, '0', ''),
(5, 107, 0, '0', ''),
(5, 107, 0, '0', ''),
(5, 107, 0, '0', ''),
(5, 107, 0, '0', ''),
(5, 107, 0, '0', ''),
(5, 107, 0, 'info', ''),
(5, 107, 0, 'quantity', '1'),
(5, 107, 0, 'add_fields', 'Add Surgeries'),
(5, 107, 0, 'info', ''),
(5, 107, 0, 'quantity', '1'),
(5, 107, 0, 'add_fields', 'Add Implants'),
(5, 107, 1, '0', ''),
(5, 107, 2, '0', ''),
(5, 107, 3, '0', ''),
(5, 107, 4, '0', ''),
(5, 107, 5, '0', ''),
(5, 107, 8, '0', ''),
(5, 107, 9, '0', ''),
(5, 107, 0, '0', 'Add Surgeries'),
(5, 107, 12, '0', '1970-01-14'),
(5, 107, 13, '0', ''),
(5, 107, 14, '0', ''),
(5, 108, 1, '0', ''),
(5, 108, 2, '0', ''),
(5, 108, 3, '0', ''),
(5, 108, 4, '0', ''),
(5, 108, 5, '0', ''),
(5, 108, 8, '0', '1970-02-17'),
(5, 108, 9, '0', ''),
(5, 108, 0, '0', 'Add Surgeries'),
(5, 108, 12, '0', '1970-01-15'),
(5, 108, 13, '0', ''),
(5, 108, 14, '0', ''),
(5, 109, 1, '0', ''),
(5, 109, 2, '0', ''),
(5, 109, 3, '0', ''),
(5, 109, 4, '0', ''),
(5, 109, 5, '0', ''),
(5, 109, 8, '0', '1970-01-01'),
(5, 109, 9, '0', ''),
(5, 109, 0, '0', 'Add Surgeries'),
(5, 109, 12, '0', '1970-08-16'),
(5, 109, 13, '0', ''),
(5, 109, 14, '0', ''),
(9, 110, 1, '0', ''),
(9, 110, 2, '0', '48'),
(9, 110, 3, '0', ''),
(14, 111, 3, '0', 'george.nelson@gmail.com'),
(14, 111, 2, '0', '2843 Sherman Ave\nCamden, NJ 08105-442\n(856) 966-5786'),
(14, 111, 1, '0', 'George M. Nelson'),
(14, 111, 6, '0', ''),
(14, 111, 8, '0', ''),
(3, 112, 0, 'info', ''),
(3, 112, 0, 'quantity', '1'),
(3, 112, 0, 'add_fields', 'Add Bank Account'),
(3, 112, 0, 'info', ''),
(3, 112, 0, 'quantity', '1'),
(3, 112, 0, 'add_fields', 'Add Credit / Debit Cards'),
(3, 112, 0, 'info', ''),
(3, 112, 0, 'quantity', '1'),
(3, 112, 0, 'add_fields', 'Add Credit Score'),
(3, 112, 0, 'info', ''),
(3, 112, 0, 'quantity', '1'),
(3, 112, 0, 'add_fields', 'Add Loans'),
(3, 112, 3, '0', 'Checking'),
(3, 112, 4, '0', '111114564545'),
(3, 112, 0, '0', 'Add Bank Account'),
(3, 112, 8, '0', 'MasterCard'),
(3, 112, 9, '0', 'RT7984872415435'),
(3, 112, 7, '0', '1970-01-01'),
(3, 112, 10, '0', '1234'),
(3, 112, 13, '0', '2012-01-01'),
(3, 112, 14, '0', '45654'),
(3, 112, 17, '0', 'Home'),
(3, 112, 18, '0', '1987-02-18'),
(3, 112, 19, '0', '456209'),
(4, 113, 1, '0', 'Google.com'),
(4, 113, 2, '0', '2010-01-01'),
(4, 113, 3, '0', '2011-03-18'),
(4, 113, 12, '0', 'Test '),
(4, 113, 13, '0', '$4.50k plus transport'),
(4, 113, 14, '0', '51'),
(4, 113, 8, '0', '2004-02-02'),
(4, 113, 9, '0', 'Frank'),
(4, 113, 10, '0', '52'),
(4, 113, 0, '0', 'Add Letters of recommendation'),
(14, 114, 2, '0', 'test address'),
(14, 114, 3, '0', 'a@bcom'),
(14, 114, 6, '0', 'Cell'),
(4, 115, 1, '0', 'microsoft'),
(4, 115, 2, '0', '1940-02-02'),
(4, 115, 3, '0', '1944-02-01'),
(4, 115, 12, '0', 'www.google.com'),
(4, 115, 13, '0', 'USD 50,000/-.\r\nAccomodation'),
(4, 115, 14, '0', '54'),
(4, 115, 8, '0', '1943-01-03'),
(4, 115, 9, '0', 'Gel'),
(4, 115, 10, '0', '55'),
(4, 115, 0, '0', 'Add Letters of recommendation'),
(6, 116, 1, '0', 'Auto'),
(6, 116, 2, '0', '33333'),
(6, 116, 3, '0', '1976-01-03'),
(6, 117, 1, '0', 'Water'),
(6, 117, 2, '0', '33'),
(6, 117, 3, '0', '2030-01-01'),
(10, 118, 1, '0', 'Web'),
(10, 118, 2, '0', 'Inzimam'),
(10, 118, 3, '0', '(123)123-9999'),
(3, 119, 0, 'info', ''),
(3, 119, 0, 'quantity', '1'),
(3, 119, 0, 'add_fields', 'Add Bank Account'),
(3, 119, 0, 'info', ''),
(3, 119, 0, 'quantity', '1'),
(3, 119, 0, 'add_fields', 'Add Credit / Debit Cards'),
(3, 119, 0, 'info', ''),
(3, 119, 0, 'quantity', '1'),
(3, 119, 0, 'add_fields', 'Add Credit Score'),
(3, 119, 0, 'info', ''),
(3, 119, 0, 'quantity', '1'),
(3, 119, 0, 'add_fields', 'Add Loans'),
(3, 119, 3, '0', 'Checking'),
(3, 119, 4, '0', '123456789'),
(3, 119, 0, '0', 'Add Bank Account'),
(3, 119, 8, '0', 'MasterCard'),
(3, 119, 9, '0', '123456789'),
(3, 119, 7, '0', '1977-01-04'),
(3, 119, 10, '0', '1234'),
(3, 119, 13, '0', '1974-02-02'),
(3, 119, 14, '0', '1234'),
(3, 119, 17, '0', 'Auto'),
(3, 119, 18, '0', '1986-04-16'),
(3, 119, 19, '0', '22626'),
(3, 120, 3, '0', ''),
(3, 120, 4, '0', ''),
(3, 120, 0, '0', 'Add Bank Account'),
(3, 120, 8, '0', ''),
(3, 120, 9, '0', ''),
(3, 120, 7, '0', ''),
(3, 120, 10, '0', ''),
(3, 120, 13, '0', ''),
(3, 120, 14, '0', ''),
(3, 120, 17, '0', ''),
(3, 120, 18, '0', ''),
(3, 120, 19, '0', ''),
(3, 121, 0, 'info', ''),
(3, 121, 0, 'quantity', '1'),
(3, 121, 0, 'add_fields', 'Add Bank Account'),
(3, 121, 0, 'info', ''),
(3, 121, 0, 'quantity', '1'),
(3, 121, 0, 'add_fields', 'Add Credit / Debit Cards'),
(3, 121, 0, 'info', ''),
(3, 121, 0, 'quantity', '1'),
(3, 121, 0, 'add_fields', 'Add Credit Score'),
(3, 121, 0, 'info', ''),
(3, 121, 0, 'quantity', '1'),
(3, 121, 0, 'add_fields', 'Add Loans'),
(3, 121, 3, '0', ''),
(3, 121, 4, '0', ''),
(3, 121, 0, '0', 'Add Bank Account'),
(3, 121, 8, '0', ''),
(3, 121, 9, '0', ''),
(3, 121, 7, '0', ''),
(3, 121, 10, '0', ''),
(3, 121, 13, '0', ''),
(3, 121, 14, '0', ''),
(3, 121, 17, '0', ''),
(3, 121, 18, '0', ''),
(3, 121, 19, '0', ''),
(4, 166, 2, '0', ''),
(4, 166, 1, '0', ''),
(14, 138, 8, '0', '(999) 999-9999'),
(14, 138, 3, '0', 'a@a.com'),
(14, 138, 6, '0', 'Cell'),
(14, 138, 2, '0', 'ljhsdlkjf'),
(14, 138, 1, '0', 'Hello'),
(14, 137, 8, '0', ''),
(14, 137, 6, '0', ''),
(14, 137, 3, '0', ''),
(14, 137, 2, '0', ''),
(14, 137, 1, '0', ''),
(13, 136, 3, '0', '46512321'),
(13, 136, 2, '0', 'http://www.facebook.com/50cent'),
(13, 136, 1, '0', 'Twitter'),
(8, 123, 1, '0', 'Driver license'),
(8, 123, 2, '0', '1943-02-02'),
(8, 123, 3, '0', '1947-01-02'),
(8, 123, 4, '0', '56'),
(8, 123, 5, '0', ''),
(12, 124, 1, '0', 'Furniture '),
(12, 124, 2, '0', '57'),
(9, 125, 1, '0', 'Home'),
(9, 125, 2, '0', '58'),
(9, 125, 3, '0', 'these are test notes'),
(7, 126, 1, '0', 'Auto Service'),
(7, 126, 2, '0', '1974-01-01'),
(5, 127, 0, '0', 'Asthama'),
(5, 127, 0, '0', 'Aspirin'),
(5, 127, 0, '0', 'Not known'),
(5, 127, 0, '0', 'Smoker'),
(5, 127, 0, '0', 'Never'),
(5, 127, 0, 'info', ''),
(5, 127, 0, 'quantity', '1'),
(5, 127, 0, 'add_fields', 'Add Surgeries'),
(5, 127, 0, 'info', ''),
(5, 127, 0, 'quantity', '1'),
(5, 127, 0, 'add_fields', 'Add Implants'),
(5, 127, 1, '0', 'Asthama'),
(5, 127, 2, '0', 'Aspirin'),
(5, 127, 3, '0', 'Not known'),
(5, 127, 4, '0', 'Smoker'),
(5, 127, 5, '0', 'Never'),
(5, 127, 8, '0', '1971-01-01'),
(5, 127, 9, '0', 'thr is no reason for this'),
(5, 127, 0, '0', 'Add Surgeries'),
(5, 127, 12, '0', '1986-02-16'),
(5, 127, 13, '0', 'Joint replacement: Shoulder'),
(5, 127, 14, '0', 'dfgfdgfd'),
(2, 128, 1, '0', '1973-02-03'),
(2, 128, 2, '0', '232-23-2323'),
(13, 129, 1, '0', 'Pinterest'),
(13, 129, 2, '0', 'jira.mwa.vizteck33@vizteck.com'),
(13, 129, 3, '0', 'asd'),
(3, 130, 0, 'info', ''),
(3, 130, 0, 'quantity', '1'),
(3, 130, 0, 'add_fields', 'Add Bank Account'),
(3, 130, 0, 'info', ''),
(3, 130, 0, 'quantity', '1'),
(3, 130, 0, 'add_fields', 'Add Credit / Debit Cards'),
(3, 130, 0, 'info', ''),
(3, 130, 0, 'quantity', '1'),
(3, 130, 0, 'add_fields', 'Add Credit Score'),
(3, 130, 0, 'info', ''),
(3, 130, 0, 'quantity', '1'),
(3, 130, 0, 'add_fields', 'Add Loans'),
(3, 130, 3, '0', 'Checking'),
(3, 130, 4, '0', 'D12345-67890'),
(3, 130, 0, '0', 'Add Bank Account'),
(3, 130, 8, '0', 'MasterCard'),
(3, 130, 9, '0', '12345-67890'),
(3, 130, 7, '0', '1988-02-19'),
(3, 130, 10, '0', '1234'),
(3, 130, 13, '0', '1976-11-19'),
(3, 130, 14, '0', '78965'),
(3, 130, 17, '0', 'Home'),
(3, 130, 18, '0', '1980-02-19'),
(3, 130, 19, '0', '756'),
(14, 131, 1, '0', 'Test name'),
(14, 131, 2, '0', 'asdasdasdasdasdas'),
(14, 131, 3, '0', ''),
(14, 131, 6, '0', 'Cell'),
(14, 131, 8, '0', '(999) 999-9999'),
(14, 131, 0, '0', 'Add Telephone '),
(14, 132, 1, '0', 'aer'),
(14, 132, 2, '0', 'dffgdfgdfss'),
(14, 132, 3, '0', ''),
(14, 132, 6, '0', ''),
(14, 132, 8, '0', '(999) 999-9999'),
(14, 132, 0, '0', 'Add Telephone '),
(14, 133, 1, '0', 'tedt'),
(14, 133, 2, '0', 'dgdfg'),
(14, 133, 3, '0', 'sdfgsd@dfgh.cyg'),
(14, 133, 6, '0', 'Cell'),
(14, 133, 8, '0', '(223) 211-8952'),
(14, 133, 0, '0', 'Add Telephone '),
(5, 134, 1, '0', 'Test Allergies'),
(5, 134, 2, '0', 'Test Medications'),
(5, 134, 3, '0', 'Lorem ipsum dolor sit amet, consectetur adipisicing elit,'),
(5, 134, 4, '0', 'No Smoker'),
(5, 134, 5, '0', 'Never'),
(5, 134, 8, '0', '1984-12-10'),
(5, 134, 9, '0', 'Accident'),
(5, 134, 0, '0', 'Add Surgeries'),
(5, 134, 12, '0', '1972-02-02'),
(5, 134, 13, '0', 'Joint replacement: Elbow'),
(5, 134, 14, '0', 'EMC'),
(14, 135, 1, '0', 'gsdfgdf'),
(14, 135, 2, '0', 'gdfgdfgdfgdfg'),
(14, 135, 3, '0', ''),
(14, 135, 6, '0', 'Cell'),
(14, 135, 8, '0', '(999) 999-9999'),
(14, 135, 0, '0', 'Add Telephone '),
(4, 139, 1, '0', 'HGFJGFUJ'),
(4, 139, 2, '0', '1942-03-02'),
(4, 139, 3, '0', '1942-03-02'),
(4, 139, 12, '0', 'hello.here'),
(4, 139, 13, '0', ''),
(4, 139, 14, '0', ''),
(4, 139, 8, '0', ''),
(4, 139, 9, '0', ''),
(4, 139, 10, '0', ''),
(4, 139, 0, '0', 'Add Letters of recommendation'),
(4, 140, 1, '0', ''),
(4, 140, 2, '0', ''),
(4, 140, 3, '0', ''),
(4, 140, 12, '0', ''),
(4, 140, 13, '0', ''),
(4, 140, 14, '0', ''),
(4, 140, 8, '0', ''),
(4, 140, 9, '0', ''),
(4, 140, 10, '0', ''),
(4, 140, 0, '0', 'Add Letters of recommendation'),
(3, 141, 0, 'info', ''),
(3, 141, 0, 'quantity', '1'),
(3, 141, 0, 'add_fields', 'Add Bank Account'),
(3, 141, 0, 'info', ''),
(3, 141, 0, 'quantity', '1'),
(3, 141, 0, 'add_fields', 'Add Credit / Debit Cards'),
(3, 141, 0, 'info', ''),
(3, 141, 0, 'quantity', '1'),
(3, 141, 0, 'add_fields', 'Add Credit Score'),
(3, 141, 0, 'info', ''),
(3, 141, 0, 'quantity', '1'),
(3, 141, 0, 'add_fields', 'Add Loans'),
(3, 141, 3, '0', 'Checking'),
(3, 141, 4, '0', '8848797979'),
(3, 141, 0, '0', 'Add Bank Account'),
(3, 141, 8, '0', 'Discover'),
(3, 141, 9, '0', '757-49898-498'),
(3, 141, 7, '0', '1971-01-01'),
(3, 141, 10, '0', '546'),
(3, 141, 13, '0', '1971-02-01'),
(3, 141, 14, '0', '456'),
(3, 141, 17, '0', 'Home'),
(3, 141, 18, '0', '1970-01-02'),
(3, 141, 19, '0', '45'),
(6, 142, 1, '0', 'Rent'),
(6, 142, 2, '0', '51555454'),
(6, 142, 3, '0', '1971-02-02'),
(10, 143, 1, '0', 'Web'),
(10, 143, 2, '0', 'Inzimam'),
(10, 143, 3, '0', '(999)999-9999'),
(8, 144, 1, '0', 'Driver license'),
(8, 144, 2, '0', '1941-02-02'),
(8, 144, 3, '0', '1942-02-02'),
(8, 144, 4, '0', '60'),
(8, 144, 5, '0', '859687'),
(12, 145, 1, '0', 'Room'),
(12, 145, 2, '0', '61'),
(9, 146, 1, '0', 'Home'),
(9, 146, 2, '0', '62'),
(9, 146, 3, '0', 'jskljsjdf\r\n\\sdfjkljsd\r\nsdfkjlksda\r\nsdfksjdfs\r\n]\r\n'),
(9, 147, 1, '0', ''),
(9, 147, 2, '0', ''),
(9, 147, 3, '0', ''),
(7, 148, 1, '0', 'Recall'),
(7, 148, 2, '0', '1972-02-02'),
(14, 149, 8, '0', '(213) 211-2952'),
(14, 149, 6, '0', 'Cell'),
(14, 149, 3, '0', ''),
(14, 149, 2, '0', ''),
(14, 149, 1, '0', ''),
(11, 150, 1, '0', 'asdas'),
(11, 150, 2, '0', '1972-02-03'),
(11, 150, 3, '0', '64'),
(11, 150, 4, '0', 'http://www.example.com/'),
(14, 114, 8, '0', '(999) 999-9999'),
(11, 151, 1, '0', 'sdfs'),
(11, 151, 2, '0', ''),
(11, 151, 3, '0', ''),
(11, 151, 4, '0', 'http://www.example.com/'),
(11, 152, 4, '0', ''),
(11, 152, 3, '0', ''),
(11, 152, 2, '0', ''),
(11, 152, 1, '0', ''),
(13, 153, 1, '0', 'Linkedin'),
(13, 153, 2, '0', 'drt'),
(13, 153, 3, '0', 'erterterr'),
(14, 114, 1, '0', 'a@b.com'),
(2, 154, 1, '0', '1972-03-03'),
(2, 154, 2, '0', '789-45-1123'),
(2, 155, 1, '0', '1971-02-02'),
(2, 155, 2, '0', '555-55-5555'),
(2, 156, 1, '0', ''),
(2, 156, 2, '0', ''),
(3, 157, 0, 'info', ''),
(3, 157, 0, 'quantity', '1'),
(3, 157, 0, 'add_fields', 'Add Bank Account'),
(3, 157, 0, 'info', ''),
(3, 157, 0, 'quantity', '1'),
(3, 157, 0, 'add_fields', 'Add Credit / Debit Cards'),
(3, 157, 0, 'info', ''),
(3, 157, 0, 'quantity', '1'),
(3, 157, 0, 'add_fields', 'Add Credit Score'),
(3, 157, 0, 'info', ''),
(3, 157, 0, 'quantity', '1'),
(3, 157, 0, 'add_fields', 'Add Loans'),
(3, 157, 3, '0', 'Checking'),
(3, 157, 4, '0', '899598655'),
(3, 157, 0, '0', 'Add Bank Account'),
(3, 157, 8, '0', ''),
(3, 157, 9, '0', ''),
(3, 157, 7, '0', ''),
(3, 157, 10, '0', ''),
(3, 157, 13, '0', ''),
(3, 157, 14, '0', ''),
(3, 157, 17, '0', ''),
(3, 157, 18, '0', ''),
(3, 157, 19, '0', ''),
(4, 158, 1, '0', ''),
(4, 158, 2, '0', ''),
(4, 158, 3, '0', ''),
(4, 158, 12, '0', ''),
(4, 158, 13, '0', ''),
(4, 158, 14, '0', ''),
(4, 158, 8, '0', ''),
(4, 158, 9, '0', ''),
(4, 158, 10, '0', ''),
(4, 158, 0, '0', 'Add Letters of recommendation'),
(3, 159, 0, 'info', ''),
(3, 159, 0, 'quantity', '1'),
(3, 159, 0, 'add_fields', 'Add Bank Account'),
(3, 159, 0, 'info', ''),
(3, 159, 0, 'quantity', '1'),
(3, 159, 0, 'add_fields', 'Add Credit / Debit Cards'),
(3, 159, 0, 'info', ''),
(3, 159, 0, 'quantity', '1'),
(3, 159, 0, 'add_fields', 'Add Credit Score'),
(3, 159, 0, 'info', ''),
(3, 159, 0, 'quantity', '1'),
(3, 159, 0, 'add_fields', 'Add Loans'),
(3, 159, 3, '0', 'Checking'),
(3, 159, 4, '0', '111114564545'),
(3, 159, 0, '0', 'Add Bank Account'),
(3, 159, 8, '0', 'MasterCard'),
(3, 159, 9, '0', 'RT7984872415435'),
(3, 159, 7, '0', '1970-01-01'),
(3, 159, 10, '0', '1234'),
(3, 159, 13, '0', '1971-02-02'),
(3, 159, 14, '0', '4656'),
(3, 159, 17, '0', 'Home'),
(3, 159, 18, '0', '1971-01-02'),
(3, 159, 19, '0', '456546'),
(11, 160, 1, '0', 'Tret'),
(11, 160, 2, '0', '1995-01-03'),
(11, 160, 3, '0', '67'),
(11, 160, 4, '0', 'http://www.google.com'),
(8, 161, 1, '0', 'Passport'),
(8, 161, 2, '0', '1941-02-02'),
(8, 161, 3, '0', '1991-02-02'),
(8, 161, 4, '0', ''),
(8, 161, 5, '0', '1234654'),
(12, 162, 1, '0', 'Furniture '),
(12, 162, 2, '0', '68'),
(9, 163, 1, '0', 'Home'),
(9, 163, 2, '0', '69'),
(9, 163, 3, '0', 'afdsfsdfsd'),
(7, 164, 1, '0', 'Recall'),
(7, 164, 2, '0', '1971-01-02'),
(8, 165, 1, '0', 'Passport'),
(8, 165, 2, '0', '1941-02-02'),
(8, 165, 3, '0', '1957-03-03'),
(8, 165, 4, '0', ''),
(8, 165, 5, '0', '1234654'),
(4, 166, 3, '0', ''),
(4, 166, 12, '0', ''),
(4, 166, 13, '0', ''),
(4, 166, 14, '0', ''),
(4, 166, 8, '0', ''),
(4, 166, 9, '0', ''),
(4, 166, 10, '0', ''),
(4, 166, 0, '0', 'Add Letters of recommendation'),
(4, 167, 1, '0', ''),
(4, 167, 2, '0', ''),
(4, 167, 3, '0', ''),
(4, 167, 12, '0', ''),
(4, 167, 13, '0', ''),
(4, 167, 14, '0', ''),
(4, 167, 8, '0', ''),
(4, 167, 9, '0', ''),
(4, 167, 10, '0', ''),
(4, 167, 0, '0', 'Add Letters of recommendation'),
(4, 168, 1, '0', ''),
(4, 168, 2, '0', ''),
(4, 168, 3, '0', ''),
(4, 168, 12, '0', ''),
(4, 168, 13, '0', ''),
(4, 168, 14, '0', ''),
(4, 168, 8, '0', ''),
(4, 168, 9, '0', ''),
(4, 168, 10, '0', ''),
(4, 168, 0, '0', 'Add Letters of recommendation'),
(4, 169, 1, '0', 'Google'),
(4, 169, 2, '0', '1941-02-02'),
(4, 169, 3, '0', '1954-03-04'),
(4, 169, 12, '0', 'dfsdfsdfsdf'),
(4, 169, 13, '0', 'asdsa\r\nas\r\nsad\r\nsad\r\nsad\r\nsa\r\ndasd\r\nas\r\nda\r\ns\r\nas\r\nas\r\nsa\r\n'),
(4, 169, 14, '0', '71'),
(4, 169, 8, '0', '1956-02-03'),
(4, 169, 9, '0', 'Frank'),
(4, 169, 10, '0', '72'),
(4, 169, 0, '0', 'Add Letters of recommendation'),
(4, 170, 1, '0', ''),
(4, 170, 2, '0', ''),
(4, 170, 3, '0', ''),
(4, 170, 12, '0', ''),
(4, 170, 13, '0', ''),
(4, 170, 14, '0', ''),
(4, 170, 8, '0', ''),
(4, 170, 9, '0', ''),
(4, 170, 10, '0', ''),
(4, 170, 0, '0', 'Add Letters of recommendation'),
(12, 171, 1, '0', ''),
(12, 171, 2, '0', '73'),
(9, 172, 1, '0', 'Business'),
(9, 172, 2, '0', '74'),
(9, 172, 3, '0', ''),
(11, 173, 1, '0', '|S'),
(11, 173, 2, '0', '1972-03-02'),
(11, 173, 3, '0', '75'),
(11, 173, 4, '0', ''),
(4, 174, 1, '0', ''),
(4, 174, 2, '0', ''),
(4, 174, 3, '0', ''),
(4, 174, 12, '0', ''),
(4, 174, 13, '0', ''),
(4, 174, 14, '0', ''),
(4, 174, 8, '0', ''),
(4, 174, 9, '0', ''),
(4, 174, 10, '0', '76'),
(4, 174, 0, '0', 'Add Letters of recommendation'),
(14, 175, 1, '0', 'asd'),
(14, 175, 2, '0', 'asd'),
(14, 175, 3, '0', 'asd@asfda.com'),
(14, 175, 6, '0', 'Cell'),
(14, 175, 8, '0', '(999) 999-9999'),
(14, 175, 0, '0', 'Add Telephone '),
(4, 176, 1, '0', 'microsoft'),
(4, 176, 2, '0', '1940-02-02'),
(4, 176, 3, '0', '1942-02-03'),
(4, 176, 12, '0', 'www.google.com'),
(4, 176, 13, '0', '50555'),
(4, 176, 14, '0', '77'),
(4, 176, 8, '0', '1941-01-02'),
(4, 176, 9, '0', 'Person'),
(4, 176, 10, '0', '78'),
(4, 176, 0, '0', 'Add Letters of recommendation'),
(6, 177, 1, '0', 'Rent'),
(6, 177, 2, '0', '15211421'),
(6, 177, 3, '0', '1971-02-02'),
(10, 178, 1, '0', ''),
(10, 178, 2, '0', ''),
(10, 178, 3, '0', ''),
(3, 179, 0, 'info', ''),
(3, 179, 0, 'quantity', '1'),
(3, 179, 0, 'add_fields', 'Add Bank Account'),
(3, 179, 0, 'info', ''),
(3, 179, 0, 'quantity', '1'),
(3, 179, 0, 'add_fields', 'Add Credit / Debit Cards'),
(3, 179, 0, 'info', ''),
(3, 179, 0, 'quantity', '1'),
(3, 179, 0, 'add_fields', 'Add Credit Score'),
(3, 179, 0, 'info', ''),
(3, 179, 0, 'quantity', '1'),
(3, 179, 0, 'add_fields', 'Add Loans'),
(3, 179, 3, '0', 'Savings'),
(3, 179, 4, '0', '515154145564564'),
(3, 179, 0, '0', 'Add Bank Account'),
(3, 179, 8, '0', ''),
(3, 179, 9, '0', '655465454'),
(3, 179, 7, '0', '1972-02-03'),
(3, 179, 10, '0', '5626'),
(3, 179, 13, '0', '1970-01-01'),
(3, 179, 14, '0', '65656'),
(3, 179, 17, '0', 'Home'),
(3, 179, 18, '0', '1971-02-01'),
(3, 179, 19, '0', '656'),
(3, 180, 3, '0', 'Checking'),
(3, 180, 4, '0', 'werwerwer'),
(3, 180, 0, '0', 'Add Bank Account'),
(3, 180, 8, '0', 'MasterCard'),
(3, 180, 9, '0', 'werwer'),
(3, 180, 7, '0', '1971-01-01'),
(3, 180, 10, '0', '12123'),
(3, 180, 13, '0', '1971-01-02'),
(3, 180, 14, '0', '123213'),
(3, 180, 17, '0', 'Auto'),
(3, 180, 18, '0', '1972-02-02'),
(3, 180, 19, '0', '123'),
(8, 181, 1, '0', 'Passport'),
(8, 181, 2, '0', '1940-02-01'),
(8, 181, 3, '0', '1941-02-02'),
(8, 181, 4, '0', '79'),
(8, 181, 5, '0', '123123'),
(7, 182, 1, '0', 'Recall'),
(7, 182, 2, '0', '1972-03-02'),
(5, 183, 1, '0', 'Asthama'),
(5, 183, 2, '0', 'Aspirin'),
(5, 183, 3, '0', 'asdas'),
(5, 183, 4, '0', 'Smoker'),
(5, 183, 5, '0', 'Occasionally'),
(5, 183, 8, '0', '1971-01-01'),
(5, 183, 9, '0', 'aqwq'),
(5, 183, 0, '0', 'Add Surgeries'),
(5, 183, 12, '0', '1971-01-01'),
(5, 183, 13, '0', 'Joint replacement: Elbow'),
(5, 183, 14, '0', 'asdssad'),
(2, 184, 1, '0', '1972-04-03'),
(2, 184, 2, '0', '123-12-3123'),
(11, 185, 1, '0', 'Hello this is test product'),
(11, 185, 2, '0', '1972-02-02'),
(11, 185, 3, '0', '80'),
(11, 185, 4, '0', 'http://www.example.com/'),
(13, 186, 1, '0', 'Pinterest'),
(13, 186, 2, '0', 'werwer'),
(13, 186, 3, '0', '24234'),
(4, 187, 1, '0', 'a'),
(4, 187, 2, '0', '1957-02-03'),
(4, 187, 3, '0', '1962-03-04'),
(4, 187, 12, '0', 'Test '),
(4, 187, 13, '0', 'asd'),
(4, 187, 14, '0', '81'),
(4, 187, 8, '0', '1953-02-03'),
(4, 187, 9, '0', ''),
(4, 187, 10, '0', '82'),
(4, 187, 0, '0', 'Add Letters of recommendation'),
(4, 188, 1, '0', 'b'),
(4, 188, 2, '0', '1942-02-02'),
(4, 188, 3, '0', '1950-09-06'),
(4, 188, 12, '0', 'dfsdfsdfsdf'),
(4, 188, 13, '0', 'asdf'),
(4, 188, 14, '0', '83'),
(4, 188, 8, '0', '1951-02-02'),
(4, 188, 9, '0', ''),
(4, 188, 10, '0', '84'),
(4, 188, 0, '0', 'Add Letters of recommendation'),
(9, 189, 1, '0', ''),
(9, 189, 2, '0', '85'),
(9, 189, 3, '0', 'qqq'),
(3, 190, 3, '0', 'Checking'),
(3, 190, 4, '0', '111114564545'),
(3, 190, 0, '0', 'Add Bank Account'),
(3, 190, 8, '0', 'MasterCard'),
(3, 190, 9, '0', 'RT7984872415435'),
(3, 190, 7, '0', ''),
(3, 190, 10, '0', '1234'),
(3, 190, 13, '0', '1983-01-03'),
(3, 190, 14, '0', '451'),
(3, 190, 17, '0', 'Home'),
(3, 190, 18, '0', ''),
(3, 190, 19, '0', '45464'),
(3, 191, 3, '0', ''),
(3, 191, 4, '0', '4511'),
(3, 191, 0, '0', 'Add Bank Account'),
(3, 191, 8, '0', ''),
(3, 191, 9, '0', '55215'),
(3, 191, 7, '0', ''),
(3, 191, 10, '0', '855'),
(3, 191, 13, '0', ''),
(3, 191, 14, '0', '656'),
(3, 191, 17, '0', ''),
(3, 191, 18, '0', ''),
(3, 191, 19, '0', '65256'),
(3, 192, 0, 'info', ''),
(3, 192, 0, 'quantity', '1'),
(3, 192, 0, 'add_fields', 'Add Bank Account'),
(3, 192, 0, 'info', ''),
(3, 192, 0, 'quantity', '1'),
(3, 192, 0, 'add_fields', 'Add Credit / Debit Cards'),
(3, 192, 0, 'info', ''),
(3, 192, 0, 'quantity', '1'),
(3, 192, 0, 'add_fields', 'Add Credit Score'),
(3, 192, 0, 'info', ''),
(3, 192, 0, 'quantity', '1'),
(3, 192, 0, 'add_fields', 'Add Loans'),
(3, 192, 3, '0', 'Checking'),
(3, 192, 4, '0', '111114564545'),
(3, 192, 0, '0', 'Add Bank Account'),
(3, 192, 8, '0', 'MasterCard'),
(3, 192, 9, '0', 'RT7984872415435'),
(3, 192, 7, '0', '1971-01-01'),
(3, 192, 10, '0', '1234'),
(3, 192, 13, '0', '1970-02-02'),
(3, 192, 14, '0', '456'),
(3, 192, 17, '0', 'Home'),
(3, 192, 18, '0', '1983-01-02'),
(3, 192, 19, '0', '789');

-- --------------------------------------------------------

--
-- Table structure for table `webform_validation_rule`
--

CREATE TABLE IF NOT EXISTS `webform_validation_rule` (
  `ruleid` int(10) unsigned NOT NULL AUTO_INCREMENT,
  `rulename` varchar(255) NOT NULL DEFAULT '',
  `nid` int(10) unsigned NOT NULL DEFAULT '0',
  `validator` varchar(255) NOT NULL DEFAULT '',
  `data` varchar(255) DEFAULT NULL,
  `error_message` varchar(255) DEFAULT NULL,
  PRIMARY KEY (`ruleid`),
  KEY `nid` (`nid`)
) ENGINE=MyISAM  DEFAULT CHARSET=utf8 AUTO_INCREMENT=3 ;

--
-- Dumping data for table `webform_validation_rule`
--

INSERT INTO `webform_validation_rule` (`ruleid`, `rulename`, `nid`, `validator`, `data`, `error_message`) VALUES
(1, 'Web Link', 11, 'regex', 'https?://([-\\w\\.]+)+(:\\d+)?(/([\\w/_\\.]*(\\?\\S+)?)?)?', 'Invalid web URL'),
(2, 'Phone Number', 14, 'regex', '^(?:\\([2-9]\\d{2}\\)\\ ?|(?:[2-9]\\d{2}\\-))[2-9]\\d{2}\\-\\d{4}$', 'Invalid telephone number');

-- --------------------------------------------------------

--
-- Table structure for table `webform_validation_rule_components`
--

CREATE TABLE IF NOT EXISTS `webform_validation_rule_components` (
  `ruleid` int(10) unsigned NOT NULL DEFAULT '0',
  `cid` int(10) unsigned NOT NULL DEFAULT '0',
  PRIMARY KEY (`ruleid`,`cid`)
) ENGINE=MyISAM DEFAULT CHARSET=utf8;

--
-- Dumping data for table `webform_validation_rule_components`
--

INSERT INTO `webform_validation_rule_components` (`ruleid`, `cid`) VALUES
(1, 4),
(2, 8);
